[2026-04-01 09:43:34] local.INFO: Daily Transactions: {"2026-04-01":{"stdClass":{"date":"2026-04-01","fund_in":"0.00","payment_receive":"3450.00","refund":"0.00","fund_out":"0.00","purchase":"0.00","expense":"0.00"}}} 
[2026-04-01 09:43:34] local.INFO: Extra Incomes:  
[2026-04-01 09:43:43] local.INFO: Date Range {"start_date":"2026-04-01","end_date":"2026-04-30"} 
[2026-04-01 10:31:59] local.ERROR: Target class [Database\Seeders\DatabaseSeedersAssignCustomerBranchesSeeder] does not exist. {"exception":"[object] (Illuminate\\Contracts\\Container\\BindingResolutionException(code: 0): Target class [Database\\Seeders\\DatabaseSeedersAssignCustomerBranchesSeeder] does not exist. at C:\\Code\\mousumi_pos\\vendor\\laravel\\framework\\src\\Illuminate\\Container\\Container.php:961)
[stacktrace]
#0 C:\\Code\\mousumi_pos\\vendor\\laravel\\framework\\src\\Illuminate\\Container\\Container.php(832): Illuminate\\Container\\Container->build('Database\\\\Seeder...')
#1 C:\\Code\\mousumi_pos\\vendor\\laravel\\framework\\src\\Illuminate\\Foundation\\Application.php(1078): Illuminate\\Container\\Container->resolve('Database\\\\Seeder...', Array, true)
#2 C:\\Code\\mousumi_pos\\vendor\\laravel\\framework\\src\\Illuminate\\Container\\Container.php(763): Illuminate\\Foundation\\Application->resolve('Database\\\\Seeder...', Array)
#3 C:\\Code\\mousumi_pos\\vendor\\laravel\\framework\\src\\Illuminate\\Foundation\\Application.php(1058): Illuminate\\Container\\Container->make('Database\\\\Seeder...', Array)
#4 C:\\Code\\mousumi_pos\\vendor\\laravel\\framework\\src\\Illuminate\\Database\\Console\\Seeds\\SeedCommand.php(98): Illuminate\\Foundation\\Application->make('Database\\\\Seeder...')
#5 C:\\Code\\mousumi_pos\\vendor\\laravel\\framework\\src\\Illuminate\\Database\\Console\\Seeds\\SeedCommand.php(70): Illuminate\\Database\\Console\\Seeds\\SeedCommand->getSeeder()
#6 C:\\Code\\mousumi_pos\\vendor\\laravel\\framework\\src\\Illuminate\\Database\\Eloquent\\Concerns\\GuardsAttributes.php(155): Illuminate\\Database\\Console\\Seeds\\SeedCommand->{closure:Illuminate\\Database\\Console\\Seeds\\SeedCommand::handle():69}()
#7 C:\\Code\\mousumi_pos\\vendor\\laravel\\framework\\src\\Illuminate\\Database\\Console\\Seeds\\SeedCommand.php(69): Illuminate\\Database\\Eloquent\\Model::unguarded(Object(Closure))
#8 C:\\Code\\mousumi_pos\\vendor\\laravel\\framework\\src\\Illuminate\\Container\\BoundMethod.php(36): Illuminate\\Database\\Console\\Seeds\\SeedCommand->handle()
#9 C:\\Code\\mousumi_pos\\vendor\\laravel\\framework\\src\\Illuminate\\Container\\Util.php(43): Illuminate\\Container\\BoundMethod::{closure:Illuminate\\Container\\BoundMethod::call():35}()
#10 C:\\Code\\mousumi_pos\\vendor\\laravel\\framework\\src\\Illuminate\\Container\\BoundMethod.php(95): Illuminate\\Container\\Util::unwrapIfClosure(Object(Closure))
#11 C:\\Code\\mousumi_pos\\vendor\\laravel\\framework\\src\\Illuminate\\Container\\BoundMethod.php(35): Illuminate\\Container\\BoundMethod::callBoundMethod(Object(Illuminate\\Foundation\\Application), Array, Object(Closure))
#12 C:\\Code\\mousumi_pos\\vendor\\laravel\\framework\\src\\Illuminate\\Container\\Container.php(696): Illuminate\\Container\\BoundMethod::call(Object(Illuminate\\Foundation\\Application), Array, Array, NULL)
#13 C:\\Code\\mousumi_pos\\vendor\\laravel\\framework\\src\\Illuminate\\Console\\Command.php(213): Illuminate\\Container\\Container->call(Array)
#14 C:\\Code\\mousumi_pos\\vendor\\symfony\\console\\Command\\Command.php(279): Illuminate\\Console\\Command->execute(Object(Symfony\\Component\\Console\\Input\\ArgvInput), Object(Illuminate\\Console\\OutputStyle))
#15 C:\\Code\\mousumi_pos\\vendor\\laravel\\framework\\src\\Illuminate\\Console\\Command.php(182): Symfony\\Component\\Console\\Command\\Command->run(Object(Symfony\\Component\\Console\\Input\\ArgvInput), Object(Illuminate\\Console\\OutputStyle))
#16 C:\\Code\\mousumi_pos\\vendor\\symfony\\console\\Application.php(1094): Illuminate\\Console\\Command->run(Object(Symfony\\Component\\Console\\Input\\ArgvInput), Object(Symfony\\Component\\Console\\Output\\ConsoleOutput))
#17 C:\\Code\\mousumi_pos\\vendor\\symfony\\console\\Application.php(342): Symfony\\Component\\Console\\Application->doRunCommand(Object(Illuminate\\Database\\Console\\Seeds\\SeedCommand), Object(Symfony\\Component\\Console\\Input\\ArgvInput), Object(Symfony\\Component\\Console\\Output\\ConsoleOutput))
#18 C:\\Code\\mousumi_pos\\vendor\\symfony\\console\\Application.php(193): Symfony\\Component\\Console\\Application->doRun(Object(Symfony\\Component\\Console\\Input\\ArgvInput), Object(Symfony\\Component\\Console\\Output\\ConsoleOutput))
#19 C:\\Code\\mousumi_pos\\vendor\\laravel\\framework\\src\\Illuminate\\Foundation\\Console\\Kernel.php(198): Symfony\\Component\\Console\\Application->run(Object(Symfony\\Component\\Console\\Input\\ArgvInput), Object(Symfony\\Component\\Console\\Output\\ConsoleOutput))
#20 C:\\Code\\mousumi_pos\\vendor\\laravel\\framework\\src\\Illuminate\\Foundation\\Application.php(1235): Illuminate\\Foundation\\Console\\Kernel->handle(Object(Symfony\\Component\\Console\\Input\\ArgvInput), Object(Symfony\\Component\\Console\\Output\\ConsoleOutput))
#21 C:\\Code\\mousumi_pos\\artisan(13): Illuminate\\Foundation\\Application->handleCommand(Object(Symfony\\Component\\Console\\Input\\ArgvInput))
#22 {main}

[previous exception] [object] (ReflectionException(code: -1): Class \"Database\\Seeders\\DatabaseSeedersAssignCustomerBranchesSeeder\" does not exist at C:\\Code\\mousumi_pos\\vendor\\laravel\\framework\\src\\Illuminate\\Container\\Container.php:959)
[stacktrace]
#0 C:\\Code\\mousumi_pos\\vendor\\laravel\\framework\\src\\Illuminate\\Container\\Container.php(959): ReflectionClass->__construct('Database\\\\Seeder...')
#1 C:\\Code\\mousumi_pos\\vendor\\laravel\\framework\\src\\Illuminate\\Container\\Container.php(832): Illuminate\\Container\\Container->build('Database\\\\Seeder...')
#2 C:\\Code\\mousumi_pos\\vendor\\laravel\\framework\\src\\Illuminate\\Foundation\\Application.php(1078): Illuminate\\Container\\Container->resolve('Database\\\\Seeder...', Array, true)
#3 C:\\Code\\mousumi_pos\\vendor\\laravel\\framework\\src\\Illuminate\\Container\\Container.php(763): Illuminate\\Foundation\\Application->resolve('Database\\\\Seeder...', Array)
#4 C:\\Code\\mousumi_pos\\vendor\\laravel\\framework\\src\\Illuminate\\Foundation\\Application.php(1058): Illuminate\\Container\\Container->make('Database\\\\Seeder...', Array)
#5 C:\\Code\\mousumi_pos\\vendor\\laravel\\framework\\src\\Illuminate\\Database\\Console\\Seeds\\SeedCommand.php(98): Illuminate\\Foundation\\Application->make('Database\\\\Seeder...')
#6 C:\\Code\\mousumi_pos\\vendor\\laravel\\framework\\src\\Illuminate\\Database\\Console\\Seeds\\SeedCommand.php(70): Illuminate\\Database\\Console\\Seeds\\SeedCommand->getSeeder()
#7 C:\\Code\\mousumi_pos\\vendor\\laravel\\framework\\src\\Illuminate\\Database\\Eloquent\\Concerns\\GuardsAttributes.php(155): Illuminate\\Database\\Console\\Seeds\\SeedCommand->{closure:Illuminate\\Database\\Console\\Seeds\\SeedCommand::handle():69}()
#8 C:\\Code\\mousumi_pos\\vendor\\laravel\\framework\\src\\Illuminate\\Database\\Console\\Seeds\\SeedCommand.php(69): Illuminate\\Database\\Eloquent\\Model::unguarded(Object(Closure))
#9 C:\\Code\\mousumi_pos\\vendor\\laravel\\framework\\src\\Illuminate\\Container\\BoundMethod.php(36): Illuminate\\Database\\Console\\Seeds\\SeedCommand->handle()
#10 C:\\Code\\mousumi_pos\\vendor\\laravel\\framework\\src\\Illuminate\\Container\\Util.php(43): Illuminate\\Container\\BoundMethod::{closure:Illuminate\\Container\\BoundMethod::call():35}()
#11 C:\\Code\\mousumi_pos\\vendor\\laravel\\framework\\src\\Illuminate\\Container\\BoundMethod.php(95): Illuminate\\Container\\Util::unwrapIfClosure(Object(Closure))
#12 C:\\Code\\mousumi_pos\\vendor\\laravel\\framework\\src\\Illuminate\\Container\\BoundMethod.php(35): Illuminate\\Container\\BoundMethod::callBoundMethod(Object(Illuminate\\Foundation\\Application), Array, Object(Closure))
#13 C:\\Code\\mousumi_pos\\vendor\\laravel\\framework\\src\\Illuminate\\Container\\Container.php(696): Illuminate\\Container\\BoundMethod::call(Object(Illuminate\\Foundation\\Application), Array, Array, NULL)
#14 C:\\Code\\mousumi_pos\\vendor\\laravel\\framework\\src\\Illuminate\\Console\\Command.php(213): Illuminate\\Container\\Container->call(Array)
#15 C:\\Code\\mousumi_pos\\vendor\\symfony\\console\\Command\\Command.php(279): Illuminate\\Console\\Command->execute(Object(Symfony\\Component\\Console\\Input\\ArgvInput), Object(Illuminate\\Console\\OutputStyle))
#16 C:\\Code\\mousumi_pos\\vendor\\laravel\\framework\\src\\Illuminate\\Console\\Command.php(182): Symfony\\Component\\Console\\Command\\Command->run(Object(Symfony\\Component\\Console\\Input\\ArgvInput), Object(Illuminate\\Console\\OutputStyle))
#17 C:\\Code\\mousumi_pos\\vendor\\symfony\\console\\Application.php(1094): Illuminate\\Console\\Command->run(Object(Symfony\\Component\\Console\\Input\\ArgvInput), Object(Symfony\\Component\\Console\\Output\\ConsoleOutput))
#18 C:\\Code\\mousumi_pos\\vendor\\symfony\\console\\Application.php(342): Symfony\\Component\\Console\\Application->doRunCommand(Object(Illuminate\\Database\\Console\\Seeds\\SeedCommand), Object(Symfony\\Component\\Console\\Input\\ArgvInput), Object(Symfony\\Component\\Console\\Output\\ConsoleOutput))
#19 C:\\Code\\mousumi_pos\\vendor\\symfony\\console\\Application.php(193): Symfony\\Component\\Console\\Application->doRun(Object(Symfony\\Component\\Console\\Input\\ArgvInput), Object(Symfony\\Component\\Console\\Output\\ConsoleOutput))
#20 C:\\Code\\mousumi_pos\\vendor\\laravel\\framework\\src\\Illuminate\\Foundation\\Console\\Kernel.php(198): Symfony\\Component\\Console\\Application->run(Object(Symfony\\Component\\Console\\Input\\ArgvInput), Object(Symfony\\Component\\Console\\Output\\ConsoleOutput))
#21 C:\\Code\\mousumi_pos\\vendor\\laravel\\framework\\src\\Illuminate\\Foundation\\Application.php(1235): Illuminate\\Foundation\\Console\\Kernel->handle(Object(Symfony\\Component\\Console\\Input\\ArgvInput), Object(Symfony\\Component\\Console\\Output\\ConsoleOutput))
#22 C:\\Code\\mousumi_pos\\artisan(13): Illuminate\\Foundation\\Application->handleCommand(Object(Symfony\\Component\\Console\\Input\\ArgvInput))
#23 {main}
"} 
[2026-04-01 10:36:48] local.ERROR: Uncaught Error: Undefined constant "n" in Command line code:1
Stack trace:
#0 {main}
  thrown {"exception":"[object] (Symfony\\Component\\ErrorHandler\\Error\\FatalError(code: 0): Uncaught Error: Undefined constant \"n\" in Command line code:1
Stack trace:
#0 {main}
  thrown at Command line code:1)
[stacktrace]
#0 {main}
"} 
[2026-04-01 11:12:28] local.ERROR: SQLSTATE[42S22]: Column not found: 1054 Unknown column 'branch_code' in 'where clause' (Connection: mysql, SQL: update `customers` set `branch_code` = ?, `branch_name` = ?, `customers`.`updated_at` = 2026-04-01 11:12:28 where `branch_code` is not null and LOWER(TRIM(name)) LIKE % branch % and LOWER(TRIM(name)) NOT LIKE % branch and (`address` is null or `address` = ) and `customers`.`deleted_at` is null) {"exception":"[object] (Illuminate\\Database\\QueryException(code: 42S22): SQLSTATE[42S22]: Column not found: 1054 Unknown column 'branch_code' in 'where clause' (Connection: mysql, SQL: update `customers` set `branch_code` = ?, `branch_name` = ?, `customers`.`updated_at` = 2026-04-01 11:12:28 where `branch_code` is not null and LOWER(TRIM(name)) LIKE % branch % and LOWER(TRIM(name)) NOT LIKE % branch and (`address` is null or `address` = ) and `customers`.`deleted_at` is null) at C:\\Code\\mousumi_pos\\vendor\\laravel\\framework\\src\\Illuminate\\Database\\Connection.php:825)
[stacktrace]
#0 C:\\Code\\mousumi_pos\\vendor\\laravel\\framework\\src\\Illuminate\\Database\\Connection.php(779): Illuminate\\Database\\Connection->runQueryCallback('update `custome...', Array, Object(Closure))
#1 C:\\Code\\mousumi_pos\\vendor\\laravel\\framework\\src\\Illuminate\\Database\\Connection.php(584): Illuminate\\Database\\Connection->run('update `custome...', Array, Object(Closure))
#2 C:\\Code\\mousumi_pos\\vendor\\laravel\\framework\\src\\Illuminate\\Database\\Connection.php(536): Illuminate\\Database\\Connection->affectingStatement('update `custome...', Array)
#3 C:\\Code\\mousumi_pos\\vendor\\laravel\\framework\\src\\Illuminate\\Database\\Query\\Builder.php(3830): Illuminate\\Database\\Connection->update('update `custome...', Array)
#4 C:\\Code\\mousumi_pos\\vendor\\laravel\\framework\\src\\Illuminate\\Database\\Eloquent\\Builder.php(1175): Illuminate\\Database\\Query\\Builder->update(Object(Illuminate\\Support\\Collection))
#5 C:\\Code\\mousumi_pos\\database\\seeders\\AssignCustomerBranchesSeeder.php(77): Illuminate\\Database\\Eloquent\\Builder->update(Array)
#6 C:\\Code\\mousumi_pos\\vendor\\laravel\\framework\\src\\Illuminate\\Container\\BoundMethod.php(36): Database\\Seeders\\AssignCustomerBranchesSeeder->run()
#7 C:\\Code\\mousumi_pos\\vendor\\laravel\\framework\\src\\Illuminate\\Container\\Util.php(43): Illuminate\\Container\\BoundMethod::{closure:Illuminate\\Container\\BoundMethod::call():35}()
#8 C:\\Code\\mousumi_pos\\vendor\\laravel\\framework\\src\\Illuminate\\Container\\BoundMethod.php(95): Illuminate\\Container\\Util::unwrapIfClosure(Object(Closure))
#9 C:\\Code\\mousumi_pos\\vendor\\laravel\\framework\\src\\Illuminate\\Container\\BoundMethod.php(35): Illuminate\\Container\\BoundMethod::callBoundMethod(Object(Illuminate\\Foundation\\Application), Array, Object(Closure))
#10 C:\\Code\\mousumi_pos\\vendor\\laravel\\framework\\src\\Illuminate\\Container\\Container.php(696): Illuminate\\Container\\BoundMethod::call(Object(Illuminate\\Foundation\\Application), Array, Array, NULL)
#11 C:\\Code\\mousumi_pos\\vendor\\laravel\\framework\\src\\Illuminate\\Database\\Seeder.php(184): Illuminate\\Container\\Container->call(Array, Array)
#12 C:\\Code\\mousumi_pos\\vendor\\laravel\\framework\\src\\Illuminate\\Database\\Seeder.php(193): Illuminate\\Database\\Seeder->{closure:Illuminate\\Database\\Seeder::__invoke():183}()
#13 C:\\Code\\mousumi_pos\\vendor\\laravel\\framework\\src\\Illuminate\\Database\\Console\\Seeds\\SeedCommand.php(70): Illuminate\\Database\\Seeder->__invoke()
#14 C:\\Code\\mousumi_pos\\vendor\\laravel\\framework\\src\\Illuminate\\Database\\Eloquent\\Concerns\\GuardsAttributes.php(155): Illuminate\\Database\\Console\\Seeds\\SeedCommand->{closure:Illuminate\\Database\\Console\\Seeds\\SeedCommand::handle():69}()
#15 C:\\Code\\mousumi_pos\\vendor\\laravel\\framework\\src\\Illuminate\\Database\\Console\\Seeds\\SeedCommand.php(69): Illuminate\\Database\\Eloquent\\Model::unguarded(Object(Closure))
#16 C:\\Code\\mousumi_pos\\vendor\\laravel\\framework\\src\\Illuminate\\Container\\BoundMethod.php(36): Illuminate\\Database\\Console\\Seeds\\SeedCommand->handle()
#17 C:\\Code\\mousumi_pos\\vendor\\laravel\\framework\\src\\Illuminate\\Container\\Util.php(43): Illuminate\\Container\\BoundMethod::{closure:Illuminate\\Container\\BoundMethod::call():35}()
#18 C:\\Code\\mousumi_pos\\vendor\\laravel\\framework\\src\\Illuminate\\Container\\BoundMethod.php(95): Illuminate\\Container\\Util::unwrapIfClosure(Object(Closure))
#19 C:\\Code\\mousumi_pos\\vendor\\laravel\\framework\\src\\Illuminate\\Container\\BoundMethod.php(35): Illuminate\\Container\\BoundMethod::callBoundMethod(Object(Illuminate\\Foundation\\Application), Array, Object(Closure))
#20 C:\\Code\\mousumi_pos\\vendor\\laravel\\framework\\src\\Illuminate\\Container\\Container.php(696): Illuminate\\Container\\BoundMethod::call(Object(Illuminate\\Foundation\\Application), Array, Array, NULL)
#21 C:\\Code\\mousumi_pos\\vendor\\laravel\\framework\\src\\Illuminate\\Console\\Command.php(213): Illuminate\\Container\\Container->call(Array)
#22 C:\\Code\\mousumi_pos\\vendor\\symfony\\console\\Command\\Command.php(279): Illuminate\\Console\\Command->execute(Object(Symfony\\Component\\Console\\Input\\ArgvInput), Object(Illuminate\\Console\\OutputStyle))
#23 C:\\Code\\mousumi_pos\\vendor\\laravel\\framework\\src\\Illuminate\\Console\\Command.php(182): Symfony\\Component\\Console\\Command\\Command->run(Object(Symfony\\Component\\Console\\Input\\ArgvInput), Object(Illuminate\\Console\\OutputStyle))
#24 C:\\Code\\mousumi_pos\\vendor\\symfony\\console\\Application.php(1094): Illuminate\\Console\\Command->run(Object(Symfony\\Component\\Console\\Input\\ArgvInput), Object(Symfony\\Component\\Console\\Output\\ConsoleOutput))
#25 C:\\Code\\mousumi_pos\\vendor\\symfony\\console\\Application.php(342): Symfony\\Component\\Console\\Application->doRunCommand(Object(Illuminate\\Database\\Console\\Seeds\\SeedCommand), Object(Symfony\\Component\\Console\\Input\\ArgvInput), Object(Symfony\\Component\\Console\\Output\\ConsoleOutput))
#26 C:\\Code\\mousumi_pos\\vendor\\symfony\\console\\Application.php(193): Symfony\\Component\\Console\\Application->doRun(Object(Symfony\\Component\\Console\\Input\\ArgvInput), Object(Symfony\\Component\\Console\\Output\\ConsoleOutput))
#27 C:\\Code\\mousumi_pos\\vendor\\laravel\\framework\\src\\Illuminate\\Foundation\\Console\\Kernel.php(198): Symfony\\Component\\Console\\Application->run(Object(Symfony\\Component\\Console\\Input\\ArgvInput), Object(Symfony\\Component\\Console\\Output\\ConsoleOutput))
#28 C:\\Code\\mousumi_pos\\vendor\\laravel\\framework\\src\\Illuminate\\Foundation\\Application.php(1235): Illuminate\\Foundation\\Console\\Kernel->handle(Object(Symfony\\Component\\Console\\Input\\ArgvInput), Object(Symfony\\Component\\Console\\Output\\ConsoleOutput))
#29 C:\\Code\\mousumi_pos\\artisan(13): Illuminate\\Foundation\\Application->handleCommand(Object(Symfony\\Component\\Console\\Input\\ArgvInput))
#30 {main}

[previous exception] [object] (PDOException(code: 42S22): SQLSTATE[42S22]: Column not found: 1054 Unknown column 'branch_code' in 'where clause' at C:\\Code\\mousumi_pos\\vendor\\laravel\\framework\\src\\Illuminate\\Database\\Connection.php:592)
[stacktrace]
#0 C:\\Code\\mousumi_pos\\vendor\\laravel\\framework\\src\\Illuminate\\Database\\Connection.php(592): PDO->prepare('update `custome...')
#1 C:\\Code\\mousumi_pos\\vendor\\laravel\\framework\\src\\Illuminate\\Database\\Connection.php(812): Illuminate\\Database\\Connection->{closure:Illuminate\\Database\\Connection::affectingStatement():584}('update `custome...', Array)
#2 C:\\Code\\mousumi_pos\\vendor\\laravel\\framework\\src\\Illuminate\\Database\\Connection.php(779): Illuminate\\Database\\Connection->runQueryCallback('update `custome...', Array, Object(Closure))
#3 C:\\Code\\mousumi_pos\\vendor\\laravel\\framework\\src\\Illuminate\\Database\\Connection.php(584): Illuminate\\Database\\Connection->run('update `custome...', Array, Object(Closure))
#4 C:\\Code\\mousumi_pos\\vendor\\laravel\\framework\\src\\Illuminate\\Database\\Connection.php(536): Illuminate\\Database\\Connection->affectingStatement('update `custome...', Array)
#5 C:\\Code\\mousumi_pos\\vendor\\laravel\\framework\\src\\Illuminate\\Database\\Query\\Builder.php(3830): Illuminate\\Database\\Connection->update('update `custome...', Array)
#6 C:\\Code\\mousumi_pos\\vendor\\laravel\\framework\\src\\Illuminate\\Database\\Eloquent\\Builder.php(1175): Illuminate\\Database\\Query\\Builder->update(Object(Illuminate\\Support\\Collection))
#7 C:\\Code\\mousumi_pos\\database\\seeders\\AssignCustomerBranchesSeeder.php(77): Illuminate\\Database\\Eloquent\\Builder->update(Array)
#8 C:\\Code\\mousumi_pos\\vendor\\laravel\\framework\\src\\Illuminate\\Container\\BoundMethod.php(36): Database\\Seeders\\AssignCustomerBranchesSeeder->run()
#9 C:\\Code\\mousumi_pos\\vendor\\laravel\\framework\\src\\Illuminate\\Container\\Util.php(43): Illuminate\\Container\\BoundMethod::{closure:Illuminate\\Container\\BoundMethod::call():35}()
#10 C:\\Code\\mousumi_pos\\vendor\\laravel\\framework\\src\\Illuminate\\Container\\BoundMethod.php(95): Illuminate\\Container\\Util::unwrapIfClosure(Object(Closure))
#11 C:\\Code\\mousumi_pos\\vendor\\laravel\\framework\\src\\Illuminate\\Container\\BoundMethod.php(35): Illuminate\\Container\\BoundMethod::callBoundMethod(Object(Illuminate\\Foundation\\Application), Array, Object(Closure))
#12 C:\\Code\\mousumi_pos\\vendor\\laravel\\framework\\src\\Illuminate\\Container\\Container.php(696): Illuminate\\Container\\BoundMethod::call(Object(Illuminate\\Foundation\\Application), Array, Array, NULL)
#13 C:\\Code\\mousumi_pos\\vendor\\laravel\\framework\\src\\Illuminate\\Database\\Seeder.php(184): Illuminate\\Container\\Container->call(Array, Array)
#14 C:\\Code\\mousumi_pos\\vendor\\laravel\\framework\\src\\Illuminate\\Database\\Seeder.php(193): Illuminate\\Database\\Seeder->{closure:Illuminate\\Database\\Seeder::__invoke():183}()
#15 C:\\Code\\mousumi_pos\\vendor\\laravel\\framework\\src\\Illuminate\\Database\\Console\\Seeds\\SeedCommand.php(70): Illuminate\\Database\\Seeder->__invoke()
#16 C:\\Code\\mousumi_pos\\vendor\\laravel\\framework\\src\\Illuminate\\Database\\Eloquent\\Concerns\\GuardsAttributes.php(155): Illuminate\\Database\\Console\\Seeds\\SeedCommand->{closure:Illuminate\\Database\\Console\\Seeds\\SeedCommand::handle():69}()
#17 C:\\Code\\mousumi_pos\\vendor\\laravel\\framework\\src\\Illuminate\\Database\\Console\\Seeds\\SeedCommand.php(69): Illuminate\\Database\\Eloquent\\Model::unguarded(Object(Closure))
#18 C:\\Code\\mousumi_pos\\vendor\\laravel\\framework\\src\\Illuminate\\Container\\BoundMethod.php(36): Illuminate\\Database\\Console\\Seeds\\SeedCommand->handle()
#19 C:\\Code\\mousumi_pos\\vendor\\laravel\\framework\\src\\Illuminate\\Container\\Util.php(43): Illuminate\\Container\\BoundMethod::{closure:Illuminate\\Container\\BoundMethod::call():35}()
#20 C:\\Code\\mousumi_pos\\vendor\\laravel\\framework\\src\\Illuminate\\Container\\BoundMethod.php(95): Illuminate\\Container\\Util::unwrapIfClosure(Object(Closure))
#21 C:\\Code\\mousumi_pos\\vendor\\laravel\\framework\\src\\Illuminate\\Container\\BoundMethod.php(35): Illuminate\\Container\\BoundMethod::callBoundMethod(Object(Illuminate\\Foundation\\Application), Array, Object(Closure))
#22 C:\\Code\\mousumi_pos\\vendor\\laravel\\framework\\src\\Illuminate\\Container\\Container.php(696): Illuminate\\Container\\BoundMethod::call(Object(Illuminate\\Foundation\\Application), Array, Array, NULL)
#23 C:\\Code\\mousumi_pos\\vendor\\laravel\\framework\\src\\Illuminate\\Console\\Command.php(213): Illuminate\\Container\\Container->call(Array)
#24 C:\\Code\\mousumi_pos\\vendor\\symfony\\console\\Command\\Command.php(279): Illuminate\\Console\\Command->execute(Object(Symfony\\Component\\Console\\Input\\ArgvInput), Object(Illuminate\\Console\\OutputStyle))
#25 C:\\Code\\mousumi_pos\\vendor\\laravel\\framework\\src\\Illuminate\\Console\\Command.php(182): Symfony\\Component\\Console\\Command\\Command->run(Object(Symfony\\Component\\Console\\Input\\ArgvInput), Object(Illuminate\\Console\\OutputStyle))
#26 C:\\Code\\mousumi_pos\\vendor\\symfony\\console\\Application.php(1094): Illuminate\\Console\\Command->run(Object(Symfony\\Component\\Console\\Input\\ArgvInput), Object(Symfony\\Component\\Console\\Output\\ConsoleOutput))
#27 C:\\Code\\mousumi_pos\\vendor\\symfony\\console\\Application.php(342): Symfony\\Component\\Console\\Application->doRunCommand(Object(Illuminate\\Database\\Console\\Seeds\\SeedCommand), Object(Symfony\\Component\\Console\\Input\\ArgvInput), Object(Symfony\\Component\\Console\\Output\\ConsoleOutput))
#28 C:\\Code\\mousumi_pos\\vendor\\symfony\\console\\Application.php(193): Symfony\\Component\\Console\\Application->doRun(Object(Symfony\\Component\\Console\\Input\\ArgvInput), Object(Symfony\\Component\\Console\\Output\\ConsoleOutput))
#29 C:\\Code\\mousumi_pos\\vendor\\laravel\\framework\\src\\Illuminate\\Foundation\\Console\\Kernel.php(198): Symfony\\Component\\Console\\Application->run(Object(Symfony\\Component\\Console\\Input\\ArgvInput), Object(Symfony\\Component\\Console\\Output\\ConsoleOutput))
#30 C:\\Code\\mousumi_pos\\vendor\\laravel\\framework\\src\\Illuminate\\Foundation\\Application.php(1235): Illuminate\\Foundation\\Console\\Kernel->handle(Object(Symfony\\Component\\Console\\Input\\ArgvInput), Object(Symfony\\Component\\Console\\Output\\ConsoleOutput))
#31 C:\\Code\\mousumi_pos\\artisan(13): Illuminate\\Foundation\\Application->handleCommand(Object(Symfony\\Component\\Console\\Input\\ArgvInput))
#32 {main}
"} 
[2026-04-01 11:25:46] local.INFO: Date Range {"start_date":"2026-04-01","end_date":"2026-04-30"} 
[2026-04-01 11:25:49] local.INFO: PDF Download Request: {"year":"2026","month":"4"} 
[2026-04-01 11:25:49] local.INFO: Date Range: {"start":"2026-04-01","end":"2026-04-30"} 
[2026-04-01 11:25:49] local.INFO: Data Retrieved: {"receiptTotal":107760.73,"paymentTotal":107760.73} 
[2026-04-01 11:26:59] local.INFO: Date Range {"start_date":"2026-04-01","end_date":"2026-04-30"} 
[2026-04-01 11:27:06] local.INFO: Date Range {"start_date":"2026-04-01","end_date":"2026-04-30"} 
[2026-04-01 11:27:07] local.INFO: Date Range {"start_date":"2026-04-01","end_date":"2026-04-30"} 
[2026-04-01 11:35:25] local.INFO: Date Range {"start_date":"2026-04-01","end_date":"2026-04-30"} 
[2026-04-01 11:47:17] local.INFO: Daily Transactions: {"2026-04-01":{"stdClass":{"date":"2026-04-01","fund_in":"0.00","payment_receive":"31245.00","refund":"0.00","fund_out":"0.00","purchase":"0.00","expense":"0.00"}}} 
[2026-04-01 11:47:17] local.INFO: Extra Incomes:  
[2026-04-01 11:47:49] local.INFO: Date Range {"start_date":"2026-04-01","end_date":"2026-04-30"} 
[2026-04-01 11:48:18] local.INFO: Date Range {"start_date":"2026-04-01","end_date":"2026-04-30"} 
[2026-04-01 12:52:45] local.INFO: Date Range {"start_date":"2026-04-01","end_date":"2026-04-30"} 
[2026-04-01 12:54:13] local.INFO: Daily Transactions: {"2026-04-01":{"stdClass":{"date":"2026-04-01","fund_in":"0.00","payment_receive":"31245.00","refund":"0.00","fund_out":"0.00","purchase":"0.00","expense":"0.00"}}} 
[2026-04-01 12:54:13] local.INFO: Extra Incomes:  
[2026-04-01 12:54:25] local.INFO: Daily Transactions: {"2026-03-01":{"stdClass":{"date":"2026-03-01","fund_in":"0.00","payment_receive":"47445.00","refund":"0.00","fund_out":"0.00","purchase":"0.00","expense":"0.00"}},"2026-03-02":{"stdClass":{"date":"2026-03-02","fund_in":"0.00","payment_receive":"31490.00","refund":"0.00","fund_out":"0.00","purchase":"0.00","expense":"0.00"}},"2026-03-03":{"stdClass":{"date":"2026-03-03","fund_in":"0.00","payment_receive":"49590.00","refund":"0.00","fund_out":"0.00","purchase":"0.00","expense":"0.00"}},"2026-03-04":{"stdClass":{"date":"2026-03-04","fund_in":"0.00","payment_receive":"21080.00","refund":"0.00","fund_out":"0.00","purchase":"2970.00","expense":"0.00"}},"2026-03-07":{"stdClass":{"date":"2026-03-07","fund_in":"0.00","payment_receive":"500.00","refund":"0.00","fund_out":"0.00","purchase":"0.00","expense":"0.00"}},"2026-03-08":{"stdClass":{"date":"2026-03-08","fund_in":"0.00","payment_receive":"10510.00","refund":"0.00","fund_out":"0.00","purchase":"0.00","expense":"0.00"}},"2026-03-10":{"stdClass":{"date":"2026-03-10","fund_in":"0.00","payment_receive":"2200.00","refund":"0.00","fund_out":"0.00","purchase":"0.00","expense":"0.00"}},"2026-03-11":{"stdClass":{"date":"2026-03-11","fund_in":"0.00","payment_receive":"8410.00","refund":"0.00","fund_out":"0.00","purchase":"0.00","expense":"0.00"}},"2026-03-12":{"stdClass":{"date":"2026-03-12","fund_in":"0.00","payment_receive":"9697.00","refund":"0.00","fund_out":"0.00","purchase":"0.00","expense":"0.00"}},"2026-03-14":{"stdClass":{"date":"2026-03-14","fund_in":"0.00","payment_receive":"7470.00","refund":"0.00","fund_out":"0.00","purchase":"0.00","expense":"0.00"}},"2026-03-15":{"stdClass":{"date":"2026-03-15","fund_in":"0.00","payment_receive":"4285.00","refund":"0.00","fund_out":"0.00","purchase":"0.00","expense":"0.00"}},"2026-03-16":{"stdClass":{"date":"2026-03-16","fund_in":"0.00","payment_receive":"100.00","refund":"0.00","fund_out":"0.00","purchase":"0.00","expense":"0.00"}},"2026-03-28":{"stdClass":{"date":"2026-03-28","fund_in":"0.00","payment_receive":"0.00","refund":"0.00","fund_out":"0.00","purchase":"74224.00","expense":"0.00"}},"2026-03-30":{"stdClass":{"date":"2026-03-30","fund_in":"0.00","payment_receive":"1100.00","refund":"0.00","fund_out":"0.00","purchase":"0.00","expense":"0.00"}},"2026-03-31":{"stdClass":{"date":"2026-03-31","fund_in":"0.00","payment_receive":"0.00","refund":"0.00","fund_out":"0.00","purchase":"6594.00","expense":"18750.00"}}} 
[2026-04-01 12:54:25] local.INFO: Extra Incomes: {"2026-03-08":{"stdClass":{"date":"2026-03-08","total_amount":"582.00"}},"2026-03-31":{"stdClass":{"date":"2026-03-31","total_amount":"325.00"}}} 
[2026-04-01 12:54:34] local.INFO: Date Range {"start_date":"2026-04-01","end_date":"2026-04-30"} 
[2026-04-01 12:54:38] local.INFO: Date Range {"start_date":"2026-03-01","end_date":"2026-03-31"} 
[2026-04-01 12:54:47] local.INFO: Date Range {"start_date":"2026-02-01","end_date":"2026-02-28"} 
[2026-04-01 12:54:50] local.INFO: Daily Transactions: {"2026-01-01":{"stdClass":{"date":"2026-01-01","fund_in":"0.00","payment_receive":"147024.00","refund":"0.00","fund_out":"0.00","purchase":"0.00","expense":"0.00"}},"2026-01-03":{"stdClass":{"date":"2026-01-03","fund_in":"0.00","payment_receive":"7726.00","refund":"0.00","fund_out":"0.00","purchase":"0.00","expense":"0.00"}},"2026-01-04":{"stdClass":{"date":"2026-01-04","fund_in":"0.00","payment_receive":"14044.00","refund":"0.00","fund_out":"0.00","purchase":"0.00","expense":"0.00"}},"2026-01-06":{"stdClass":{"date":"2026-01-06","fund_in":"0.00","payment_receive":"10393.00","refund":"0.00","fund_out":"0.00","purchase":"0.00","expense":"0.00"}},"2026-01-07":{"stdClass":{"date":"2026-01-07","fund_in":"0.00","payment_receive":"5625.00","refund":"0.00","fund_out":"0.00","purchase":"0.00","expense":"0.00"}},"2026-01-08":{"stdClass":{"date":"2026-01-08","fund_in":"0.00","payment_receive":"3422.00","refund":"0.00","fund_out":"0.00","purchase":"0.00","expense":"0.00"}},"2026-01-11":{"stdClass":{"date":"2026-01-11","fund_in":"0.00","payment_receive":"5817.00","refund":"0.00","fund_out":"0.00","purchase":"17820.00","expense":"0.00"}},"2026-01-12":{"stdClass":{"date":"2026-01-12","fund_in":"0.00","payment_receive":"8259.00","refund":"0.00","fund_out":"0.00","purchase":"0.00","expense":"0.00"}},"2026-01-14":{"stdClass":{"date":"2026-01-14","fund_in":"0.00","payment_receive":"12085.00","refund":"0.00","fund_out":"0.00","purchase":"0.00","expense":"0.00"}},"2026-01-15":{"stdClass":{"date":"2026-01-15","fund_in":"0.00","payment_receive":"3442.00","refund":"0.00","fund_out":"0.00","purchase":"0.00","expense":"0.00"}},"2026-01-18":{"stdClass":{"date":"2026-01-18","fund_in":"0.00","payment_receive":"11618.00","refund":"0.00","fund_out":"0.00","purchase":"93600.00","expense":"0.00"}},"2026-01-19":{"stdClass":{"date":"2026-01-19","fund_in":"0.00","payment_receive":"1637.00","refund":"0.00","fund_out":"0.00","purchase":"0.00","expense":"0.00"}},"2026-01-22":{"stdClass":{"date":"2026-01-22","fund_in":"0.00","payment_receive":"3984.00","refund":"0.00","fund_out":"0.00","purchase":"0.00","expense":"0.00"}},"2026-01-24":{"stdClass":{"date":"2026-01-24","fund_in":"0.00","payment_receive":"3170.00","refund":"0.00","fund_out":"0.00","purchase":"7020.00","expense":"0.00"}},"2026-01-25":{"stdClass":{"date":"2026-01-25","fund_in":"0.00","payment_receive":"4066.00","refund":"0.00","fund_out":"0.00","purchase":"0.00","expense":"0.00"}},"2026-01-26":{"stdClass":{"date":"2026-01-26","fund_in":"0.00","payment_receive":"3966.00","refund":"0.00","fund_out":"0.00","purchase":"0.00","expense":"0.00"}},"2026-01-27":{"stdClass":{"date":"2026-01-27","fund_in":"0.00","payment_receive":"2616.00","refund":"0.00","fund_out":"0.00","purchase":"0.00","expense":"0.00"}},"2026-01-28":{"stdClass":{"date":"2026-01-28","fund_in":"0.00","payment_receive":"2662.00","refund":"0.00","fund_out":"0.00","purchase":"132843.00","expense":"0.00"}},"2026-01-31":{"stdClass":{"date":"2026-01-31","fund_in":"0.00","payment_receive":"2239.00","refund":"0.00","fund_out":"0.00","purchase":"35230.00","expense":"2107.68"}}} 
[2026-04-01 12:54:50] local.INFO: Extra Incomes: {"2026-01-31":{"stdClass":{"date":"2026-01-31","total_amount":"1751.94"}}} 
[2026-04-01 12:54:53] local.INFO: Daily Transactions: {"2026-02-01":{"stdClass":{"date":"2026-02-01","fund_in":"0.00","payment_receive":"0.00","refund":"0.00","fund_out":"0.00","purchase":"0.00","expense":"0.00"}},"2026-02-02":{"stdClass":{"date":"2026-02-02","fund_in":"0.00","payment_receive":"179541.00","refund":"0.00","fund_out":"0.00","purchase":"0.00","expense":"0.00"}},"2026-02-04":{"stdClass":{"date":"2026-02-04","fund_in":"0.00","payment_receive":"13542.00","refund":"0.00","fund_out":"0.00","purchase":"4315.00","expense":"13176.00"}},"2026-02-10":{"stdClass":{"date":"2026-02-10","fund_in":"0.00","payment_receive":"13495.00","refund":"0.00","fund_out":"0.00","purchase":"0.00","expense":"0.00"}},"2026-02-14":{"stdClass":{"date":"2026-02-14","fund_in":"0.00","payment_receive":"770.00","refund":"0.00","fund_out":"0.00","purchase":"130325.00","expense":"0.00"}},"2026-02-15":{"stdClass":{"date":"2026-02-15","fund_in":"0.00","payment_receive":"1850.00","refund":"0.00","fund_out":"0.00","purchase":"0.00","expense":"0.00"}},"2026-02-16":{"stdClass":{"date":"2026-02-16","fund_in":"0.00","payment_receive":"1925.00","refund":"0.00","fund_out":"0.00","purchase":"0.00","expense":"0.00"}},"2026-02-17":{"stdClass":{"date":"2026-02-17","fund_in":"0.00","payment_receive":"3005.00","refund":"0.00","fund_out":"0.00","purchase":"0.00","expense":"0.00"}},"2026-02-20":{"stdClass":{"date":"2026-02-20","fund_in":"0.00","payment_receive":"1900.00","refund":"0.00","fund_out":"0.00","purchase":"0.00","expense":"0.00"}},"2026-02-23":{"stdClass":{"date":"2026-02-23","fund_in":"0.00","payment_receive":"8095.00","refund":"0.00","fund_out":"0.00","purchase":"0.00","expense":"0.00"}},"2026-02-24":{"stdClass":{"date":"2026-02-24","fund_in":"0.00","payment_receive":"18004.00","refund":"0.00","fund_out":"0.00","purchase":"128160.00","expense":"0.00"}},"2026-02-25":{"stdClass":{"date":"2026-02-25","fund_in":"0.00","payment_receive":"0.00","refund":"0.00","fund_out":"0.00","purchase":"14718.00","expense":"0.00"}},"2026-02-26":{"stdClass":{"date":"2026-02-26","fund_in":"0.00","payment_receive":"0.00","refund":"0.00","fund_out":"0.00","purchase":"8220.00","expense":"0.00"}},"2026-02-28":{"stdClass":{"date":"2026-02-28","fund_in":"0.00","payment_receive":"9960.00","refund":"0.00","fund_out":"0.00","purchase":"101670.00","expense":"13634.00"}}} 
[2026-04-01 12:54:53] local.INFO: Extra Incomes: {"2026-02-28":{"stdClass":{"date":"2026-02-28","total_amount":"110.00"}}} 
[2026-04-01 12:55:03] local.INFO: Daily Transactions: {"2026-01-01":{"stdClass":{"date":"2026-01-01","fund_in":"0.00","payment_receive":"147024.00","refund":"0.00","fund_out":"0.00","purchase":"0.00","expense":"0.00"}},"2026-01-03":{"stdClass":{"date":"2026-01-03","fund_in":"0.00","payment_receive":"7726.00","refund":"0.00","fund_out":"0.00","purchase":"0.00","expense":"0.00"}},"2026-01-04":{"stdClass":{"date":"2026-01-04","fund_in":"0.00","payment_receive":"14044.00","refund":"0.00","fund_out":"0.00","purchase":"0.00","expense":"0.00"}},"2026-01-06":{"stdClass":{"date":"2026-01-06","fund_in":"0.00","payment_receive":"10393.00","refund":"0.00","fund_out":"0.00","purchase":"0.00","expense":"0.00"}},"2026-01-07":{"stdClass":{"date":"2026-01-07","fund_in":"0.00","payment_receive":"5625.00","refund":"0.00","fund_out":"0.00","purchase":"0.00","expense":"0.00"}},"2026-01-08":{"stdClass":{"date":"2026-01-08","fund_in":"0.00","payment_receive":"3422.00","refund":"0.00","fund_out":"0.00","purchase":"0.00","expense":"0.00"}},"2026-01-11":{"stdClass":{"date":"2026-01-11","fund_in":"0.00","payment_receive":"5817.00","refund":"0.00","fund_out":"0.00","purchase":"17820.00","expense":"0.00"}},"2026-01-12":{"stdClass":{"date":"2026-01-12","fund_in":"0.00","payment_receive":"8259.00","refund":"0.00","fund_out":"0.00","purchase":"0.00","expense":"0.00"}},"2026-01-14":{"stdClass":{"date":"2026-01-14","fund_in":"0.00","payment_receive":"12085.00","refund":"0.00","fund_out":"0.00","purchase":"0.00","expense":"0.00"}},"2026-01-15":{"stdClass":{"date":"2026-01-15","fund_in":"0.00","payment_receive":"3442.00","refund":"0.00","fund_out":"0.00","purchase":"0.00","expense":"0.00"}},"2026-01-18":{"stdClass":{"date":"2026-01-18","fund_in":"0.00","payment_receive":"11618.00","refund":"0.00","fund_out":"0.00","purchase":"93600.00","expense":"0.00"}},"2026-01-19":{"stdClass":{"date":"2026-01-19","fund_in":"0.00","payment_receive":"1637.00","refund":"0.00","fund_out":"0.00","purchase":"0.00","expense":"0.00"}},"2026-01-22":{"stdClass":{"date":"2026-01-22","fund_in":"0.00","payment_receive":"3984.00","refund":"0.00","fund_out":"0.00","purchase":"0.00","expense":"0.00"}},"2026-01-24":{"stdClass":{"date":"2026-01-24","fund_in":"0.00","payment_receive":"3170.00","refund":"0.00","fund_out":"0.00","purchase":"7020.00","expense":"0.00"}},"2026-01-25":{"stdClass":{"date":"2026-01-25","fund_in":"0.00","payment_receive":"4066.00","refund":"0.00","fund_out":"0.00","purchase":"0.00","expense":"0.00"}},"2026-01-26":{"stdClass":{"date":"2026-01-26","fund_in":"0.00","payment_receive":"3966.00","refund":"0.00","fund_out":"0.00","purchase":"0.00","expense":"0.00"}},"2026-01-27":{"stdClass":{"date":"2026-01-27","fund_in":"0.00","payment_receive":"2616.00","refund":"0.00","fund_out":"0.00","purchase":"0.00","expense":"0.00"}},"2026-01-28":{"stdClass":{"date":"2026-01-28","fund_in":"0.00","payment_receive":"2662.00","refund":"0.00","fund_out":"0.00","purchase":"132843.00","expense":"0.00"}},"2026-01-31":{"stdClass":{"date":"2026-01-31","fund_in":"0.00","payment_receive":"2239.00","refund":"0.00","fund_out":"0.00","purchase":"35230.00","expense":"2107.68"}}} 
[2026-04-01 12:55:03] local.INFO: Extra Incomes: {"2026-01-31":{"stdClass":{"date":"2026-01-31","total_amount":"1751.94"}}} 
[2026-04-01 12:55:08] local.INFO: Date Range {"start_date":"2026-01-01","end_date":"2026-01-31"} 
[2026-04-01 12:56:18] local.INFO: Daily Transactions: {"2026-01-01":{"stdClass":{"date":"2026-01-01","fund_in":"0.00","payment_receive":"147024.00","refund":"0.00","fund_out":"0.00","purchase":"0.00","expense":"0.00"}},"2026-01-03":{"stdClass":{"date":"2026-01-03","fund_in":"0.00","payment_receive":"7726.00","refund":"0.00","fund_out":"0.00","purchase":"0.00","expense":"0.00"}},"2026-01-04":{"stdClass":{"date":"2026-01-04","fund_in":"0.00","payment_receive":"14044.00","refund":"0.00","fund_out":"0.00","purchase":"0.00","expense":"0.00"}},"2026-01-06":{"stdClass":{"date":"2026-01-06","fund_in":"0.00","payment_receive":"10393.00","refund":"0.00","fund_out":"0.00","purchase":"0.00","expense":"0.00"}},"2026-01-07":{"stdClass":{"date":"2026-01-07","fund_in":"0.00","payment_receive":"5625.00","refund":"0.00","fund_out":"0.00","purchase":"0.00","expense":"0.00"}},"2026-01-08":{"stdClass":{"date":"2026-01-08","fund_in":"0.00","payment_receive":"3422.00","refund":"0.00","fund_out":"0.00","purchase":"0.00","expense":"0.00"}},"2026-01-11":{"stdClass":{"date":"2026-01-11","fund_in":"0.00","payment_receive":"5817.00","refund":"0.00","fund_out":"0.00","purchase":"17820.00","expense":"0.00"}},"2026-01-12":{"stdClass":{"date":"2026-01-12","fund_in":"0.00","payment_receive":"8259.00","refund":"0.00","fund_out":"0.00","purchase":"0.00","expense":"0.00"}},"2026-01-14":{"stdClass":{"date":"2026-01-14","fund_in":"0.00","payment_receive":"12085.00","refund":"0.00","fund_out":"0.00","purchase":"0.00","expense":"0.00"}},"2026-01-15":{"stdClass":{"date":"2026-01-15","fund_in":"0.00","payment_receive":"3442.00","refund":"0.00","fund_out":"0.00","purchase":"0.00","expense":"0.00"}},"2026-01-18":{"stdClass":{"date":"2026-01-18","fund_in":"0.00","payment_receive":"11618.00","refund":"0.00","fund_out":"0.00","purchase":"93600.00","expense":"0.00"}},"2026-01-19":{"stdClass":{"date":"2026-01-19","fund_in":"0.00","payment_receive":"1637.00","refund":"0.00","fund_out":"0.00","purchase":"0.00","expense":"0.00"}},"2026-01-22":{"stdClass":{"date":"2026-01-22","fund_in":"0.00","payment_receive":"3984.00","refund":"0.00","fund_out":"0.00","purchase":"0.00","expense":"0.00"}},"2026-01-24":{"stdClass":{"date":"2026-01-24","fund_in":"0.00","payment_receive":"3170.00","refund":"0.00","fund_out":"0.00","purchase":"7020.00","expense":"0.00"}},"2026-01-25":{"stdClass":{"date":"2026-01-25","fund_in":"0.00","payment_receive":"4066.00","refund":"0.00","fund_out":"0.00","purchase":"0.00","expense":"0.00"}},"2026-01-26":{"stdClass":{"date":"2026-01-26","fund_in":"0.00","payment_receive":"3966.00","refund":"0.00","fund_out":"0.00","purchase":"0.00","expense":"0.00"}},"2026-01-27":{"stdClass":{"date":"2026-01-27","fund_in":"0.00","payment_receive":"2616.00","refund":"0.00","fund_out":"0.00","purchase":"0.00","expense":"0.00"}},"2026-01-28":{"stdClass":{"date":"2026-01-28","fund_in":"0.00","payment_receive":"2662.00","refund":"0.00","fund_out":"0.00","purchase":"132843.00","expense":"0.00"}},"2026-01-31":{"stdClass":{"date":"2026-01-31","fund_in":"0.00","payment_receive":"2239.00","refund":"0.00","fund_out":"0.00","purchase":"35230.00","expense":"2107.68"}}} 
[2026-04-01 12:56:18] local.INFO: Extra Incomes: {"2026-01-31":{"stdClass":{"date":"2026-01-31","total_amount":"1751.94"}}} 
[2026-04-01 12:56:23] local.INFO: Date Range {"start_date":"2026-01-01","end_date":"2026-01-31"} 
[2026-04-01 12:56:44] local.INFO: Daily Transactions: {"2026-04-01":{"stdClass":{"date":"2026-04-01","fund_in":"0.00","payment_receive":"31245.00","refund":"0.00","fund_out":"0.00","purchase":"0.00","expense":"0.00"}}} 
[2026-04-01 12:56:44] local.INFO: Extra Incomes:  
[2026-04-01 12:58:02] local.INFO: Daily Transactions: {"2026-04-01":{"stdClass":{"date":"2026-04-01","fund_in":"0.00","payment_receive":"31245.00","refund":"0.00","fund_out":"0.00","purchase":"0.00","expense":"0.00"}}} 
[2026-04-01 12:58:02] local.INFO: Extra Incomes:  
[2026-04-01 12:58:05] local.INFO: Daily Transactions: {"2026-03-01":{"stdClass":{"date":"2026-03-01","fund_in":"0.00","payment_receive":"47445.00","refund":"0.00","fund_out":"0.00","purchase":"0.00","expense":"0.00"}},"2026-03-02":{"stdClass":{"date":"2026-03-02","fund_in":"0.00","payment_receive":"31490.00","refund":"0.00","fund_out":"0.00","purchase":"0.00","expense":"0.00"}},"2026-03-03":{"stdClass":{"date":"2026-03-03","fund_in":"0.00","payment_receive":"49590.00","refund":"0.00","fund_out":"0.00","purchase":"0.00","expense":"0.00"}},"2026-03-04":{"stdClass":{"date":"2026-03-04","fund_in":"0.00","payment_receive":"21080.00","refund":"0.00","fund_out":"0.00","purchase":"2970.00","expense":"0.00"}},"2026-03-07":{"stdClass":{"date":"2026-03-07","fund_in":"0.00","payment_receive":"500.00","refund":"0.00","fund_out":"0.00","purchase":"0.00","expense":"0.00"}},"2026-03-08":{"stdClass":{"date":"2026-03-08","fund_in":"0.00","payment_receive":"10510.00","refund":"0.00","fund_out":"0.00","purchase":"0.00","expense":"0.00"}},"2026-03-10":{"stdClass":{"date":"2026-03-10","fund_in":"0.00","payment_receive":"2200.00","refund":"0.00","fund_out":"0.00","purchase":"0.00","expense":"0.00"}},"2026-03-11":{"stdClass":{"date":"2026-03-11","fund_in":"0.00","payment_receive":"8410.00","refund":"0.00","fund_out":"0.00","purchase":"0.00","expense":"0.00"}},"2026-03-12":{"stdClass":{"date":"2026-03-12","fund_in":"0.00","payment_receive":"9697.00","refund":"0.00","fund_out":"0.00","purchase":"0.00","expense":"0.00"}},"2026-03-14":{"stdClass":{"date":"2026-03-14","fund_in":"0.00","payment_receive":"7470.00","refund":"0.00","fund_out":"0.00","purchase":"0.00","expense":"0.00"}},"2026-03-15":{"stdClass":{"date":"2026-03-15","fund_in":"0.00","payment_receive":"4285.00","refund":"0.00","fund_out":"0.00","purchase":"0.00","expense":"0.00"}},"2026-03-16":{"stdClass":{"date":"2026-03-16","fund_in":"0.00","payment_receive":"100.00","refund":"0.00","fund_out":"0.00","purchase":"0.00","expense":"0.00"}},"2026-03-28":{"stdClass":{"date":"2026-03-28","fund_in":"0.00","payment_receive":"0.00","refund":"0.00","fund_out":"0.00","purchase":"74224.00","expense":"0.00"}},"2026-03-30":{"stdClass":{"date":"2026-03-30","fund_in":"0.00","payment_receive":"1100.00","refund":"0.00","fund_out":"0.00","purchase":"0.00","expense":"0.00"}},"2026-03-31":{"stdClass":{"date":"2026-03-31","fund_in":"0.00","payment_receive":"0.00","refund":"0.00","fund_out":"0.00","purchase":"6594.00","expense":"18750.00"}}} 
[2026-04-01 12:58:05] local.INFO: Extra Incomes: {"2026-03-08":{"stdClass":{"date":"2026-03-08","total_amount":"582.00"}},"2026-03-31":{"stdClass":{"date":"2026-03-31","total_amount":"325.00"}}} 
[2026-04-01 12:58:50] local.INFO: Date Range {"start_date":"2026-04-01","end_date":"2026-04-30"} 
[2026-04-01 12:58:57] local.INFO: Date Range {"start_date":"2026-03-01","end_date":"2026-03-31"} 
[2026-04-01 13:04:38] local.ERROR: Uncaught Error: Call to undefined function orderBy() in Command line code:1
Stack trace:
#0 {main}
  thrown {"exception":"[object] (Symfony\\Component\\ErrorHandler\\Error\\FatalError(code: 0): Uncaught Error: Call to undefined function orderBy() in Command line code:1
Stack trace:
#0 {main}
  thrown at Command line code:1)
[stacktrace]
#0 {main}
"} 
[2026-04-01 13:04:50] local.ERROR: Uncaught Error: Call to undefined function u003EorderBy() in Command line code:1
Stack trace:
#0 {main}
  thrown {"exception":"[object] (Symfony\\Component\\ErrorHandler\\Error\\FatalError(code: 0): Uncaught Error: Call to undefined function u003EorderBy() in Command line code:1
Stack trace:
#0 {main}
  thrown at Command line code:1)
[stacktrace]
#0 {main}
"} 
[2026-04-01 13:09:01] local.INFO: Date Range {"start_date":"2026-03-01","end_date":"2026-03-31"} 
[2026-04-01 13:09:21] local.INFO: Daily Transactions: {"2026-03-01":{"stdClass":{"date":"2026-03-01","fund_in":"0.00","payment_receive":"47445.00","refund":"0.00","fund_out":"0.00","purchase":"0.00","expense":"0.00"}},"2026-03-02":{"stdClass":{"date":"2026-03-02","fund_in":"0.00","payment_receive":"31490.00","refund":"0.00","fund_out":"0.00","purchase":"0.00","expense":"0.00"}},"2026-03-03":{"stdClass":{"date":"2026-03-03","fund_in":"0.00","payment_receive":"49590.00","refund":"0.00","fund_out":"0.00","purchase":"0.00","expense":"0.00"}},"2026-03-04":{"stdClass":{"date":"2026-03-04","fund_in":"0.00","payment_receive":"21080.00","refund":"0.00","fund_out":"0.00","purchase":"2970.00","expense":"0.00"}},"2026-03-07":{"stdClass":{"date":"2026-03-07","fund_in":"0.00","payment_receive":"500.00","refund":"0.00","fund_out":"0.00","purchase":"0.00","expense":"0.00"}},"2026-03-08":{"stdClass":{"date":"2026-03-08","fund_in":"0.00","payment_receive":"10510.00","refund":"0.00","fund_out":"0.00","purchase":"0.00","expense":"0.00"}},"2026-03-10":{"stdClass":{"date":"2026-03-10","fund_in":"0.00","payment_receive":"2200.00","refund":"0.00","fund_out":"0.00","purchase":"0.00","expense":"0.00"}},"2026-03-11":{"stdClass":{"date":"2026-03-11","fund_in":"0.00","payment_receive":"8410.00","refund":"0.00","fund_out":"0.00","purchase":"0.00","expense":"0.00"}},"2026-03-12":{"stdClass":{"date":"2026-03-12","fund_in":"0.00","payment_receive":"9697.00","refund":"0.00","fund_out":"0.00","purchase":"0.00","expense":"0.00"}},"2026-03-14":{"stdClass":{"date":"2026-03-14","fund_in":"0.00","payment_receive":"7470.00","refund":"0.00","fund_out":"0.00","purchase":"0.00","expense":"0.00"}},"2026-03-15":{"stdClass":{"date":"2026-03-15","fund_in":"0.00","payment_receive":"4285.00","refund":"0.00","fund_out":"0.00","purchase":"0.00","expense":"0.00"}},"2026-03-16":{"stdClass":{"date":"2026-03-16","fund_in":"0.00","payment_receive":"100.00","refund":"0.00","fund_out":"0.00","purchase":"0.00","expense":"0.00"}},"2026-03-28":{"stdClass":{"date":"2026-03-28","fund_in":"0.00","payment_receive":"0.00","refund":"0.00","fund_out":"0.00","purchase":"74224.00","expense":"0.00"}},"2026-03-30":{"stdClass":{"date":"2026-03-30","fund_in":"0.00","payment_receive":"1100.00","refund":"0.00","fund_out":"0.00","purchase":"0.00","expense":"0.00"}},"2026-03-31":{"stdClass":{"date":"2026-03-31","fund_in":"0.00","payment_receive":"0.00","refund":"0.00","fund_out":"0.00","purchase":"6594.00","expense":"18750.00"}}} 
[2026-04-01 13:09:21] local.INFO: Extra Incomes: {"2026-03-08":{"stdClass":{"date":"2026-03-08","total_amount":"582.00"}},"2026-03-31":{"stdClass":{"date":"2026-03-31","total_amount":"325.00"}}} 
[2026-04-01 13:09:40] local.INFO: Daily Transactions: {"2026-02-01":{"stdClass":{"date":"2026-02-01","fund_in":"0.00","payment_receive":"0.00","refund":"0.00","fund_out":"0.00","purchase":"0.00","expense":"0.00"}},"2026-02-02":{"stdClass":{"date":"2026-02-02","fund_in":"0.00","payment_receive":"179541.00","refund":"0.00","fund_out":"0.00","purchase":"0.00","expense":"0.00"}},"2026-02-04":{"stdClass":{"date":"2026-02-04","fund_in":"0.00","payment_receive":"13542.00","refund":"0.00","fund_out":"0.00","purchase":"4315.00","expense":"13176.00"}},"2026-02-10":{"stdClass":{"date":"2026-02-10","fund_in":"0.00","payment_receive":"13495.00","refund":"0.00","fund_out":"0.00","purchase":"0.00","expense":"0.00"}},"2026-02-14":{"stdClass":{"date":"2026-02-14","fund_in":"0.00","payment_receive":"770.00","refund":"0.00","fund_out":"0.00","purchase":"130325.00","expense":"0.00"}},"2026-02-15":{"stdClass":{"date":"2026-02-15","fund_in":"0.00","payment_receive":"1850.00","refund":"0.00","fund_out":"0.00","purchase":"0.00","expense":"0.00"}},"2026-02-16":{"stdClass":{"date":"2026-02-16","fund_in":"0.00","payment_receive":"1925.00","refund":"0.00","fund_out":"0.00","purchase":"0.00","expense":"0.00"}},"2026-02-17":{"stdClass":{"date":"2026-02-17","fund_in":"0.00","payment_receive":"3005.00","refund":"0.00","fund_out":"0.00","purchase":"0.00","expense":"0.00"}},"2026-02-20":{"stdClass":{"date":"2026-02-20","fund_in":"0.00","payment_receive":"1900.00","refund":"0.00","fund_out":"0.00","purchase":"0.00","expense":"0.00"}},"2026-02-23":{"stdClass":{"date":"2026-02-23","fund_in":"0.00","payment_receive":"8095.00","refund":"0.00","fund_out":"0.00","purchase":"0.00","expense":"0.00"}},"2026-02-24":{"stdClass":{"date":"2026-02-24","fund_in":"0.00","payment_receive":"18004.00","refund":"0.00","fund_out":"0.00","purchase":"128160.00","expense":"0.00"}},"2026-02-25":{"stdClass":{"date":"2026-02-25","fund_in":"0.00","payment_receive":"0.00","refund":"0.00","fund_out":"0.00","purchase":"14718.00","expense":"0.00"}},"2026-02-26":{"stdClass":{"date":"2026-02-26","fund_in":"0.00","payment_receive":"0.00","refund":"0.00","fund_out":"0.00","purchase":"8220.00","expense":"0.00"}},"2026-02-28":{"stdClass":{"date":"2026-02-28","fund_in":"0.00","payment_receive":"9960.00","refund":"0.00","fund_out":"0.00","purchase":"101670.00","expense":"13634.00"}}} 
[2026-04-01 13:09:40] local.INFO: Extra Incomes: {"2026-02-28":{"stdClass":{"date":"2026-02-28","total_amount":"110.00"}}} 
[2026-04-01 13:09:41] local.INFO: Date Range {"start_date":"2026-02-01","end_date":"2026-02-28"} 
[2026-04-01 13:09:55] local.INFO: Date Range {"start_date":"2026-04-01","end_date":"2026-04-30"} 
[2026-04-02 06:13:55] local.INFO: POS Store Request: {"customer_id":10,"items":[{"product_id":3,"name":"Ispahani Tea Pack (400g)","sku":"I-7961","unit_price":200,"quantity":1,"max_stock":24},{"product_id":4,"name":"Sugar (1kg)","sku":"C-8503","unit_price":125,"quantity":1,"max_stock":107},{"product_id":6,"name":"Lifebuoy Handwash Refil (170ml)","sku":"L-6999","unit_price":65,"quantity":1,"max_stock":214}],"subtotal":390,"discount":0,"total":390,"paid":390,"due":0,"bank_account_id":1,"note":null}  
[2026-04-02 06:13:55] local.INFO: Validation passed  
[2026-04-02 06:13:55] local.INFO: Transaction started  
[2026-04-02 06:13:55] local.INFO: Sale created with ID: 203  
[2026-04-02 06:13:55] local.INFO: Processing item 0: {"product_id":3,"name":"Ispahani Tea Pack (400g)","sku":"I-7961","unit_price":200,"quantity":1,"max_stock":24}  
[2026-04-02 06:13:55] local.INFO: Stock check: before=24.000000, after=23  
[2026-04-02 06:13:55] local.INFO: Sale item created for product ID: 3  
[2026-04-02 06:13:55] local.ERROR: POS Error: SQLSTATE[HY000]: General error: 1364 Field 'date' doesn't have a default value (Connection: mysql, SQL: insert into `product_stocks` (`product_id`, `quantity`, `available_quantity`, `type`, `unit_cost`, `total_cost`, `created_by`, `updated_at`, `created_at`) values (3, -1, 23, sale, 182.00, 182, 4, 2026-04-02 06:13:55, 2026-04-02 06:13:55)) at C:\2024\MOUSUMI\mousumi_pos\vendor\laravel\framework\src\Illuminate\Database\Connection.php:825  
[2026-04-02 06:19:53] local.INFO: POS Store Request: {"customer_id":10,"items":[{"product_id":3,"name":"Ispahani Tea Pack (400g)","sku":"I-7961","unit_price":200,"quantity":1,"max_stock":24},{"product_id":5,"name":"Lifebuoy Handwash Pump (200ml)","sku":"L-1770","unit_price":105,"quantity":1,"max_stock":19},{"product_id":6,"name":"Lifebuoy Handwash Refil (170ml)","sku":"L-6999","unit_price":65,"quantity":1,"max_stock":214}],"subtotal":370,"discount":0,"total":370,"paid":370,"due":0,"bank_account_id":1,"note":null}  
[2026-04-02 06:19:53] local.INFO: Validation passed  
[2026-04-02 06:19:53] local.INFO: Transaction started  
[2026-04-02 06:19:53] local.INFO: Sale created with ID: 204  
[2026-04-02 06:19:53] local.INFO: Processing item 0: {"product_id":3,"name":"Ispahani Tea Pack (400g)","sku":"I-7961","unit_price":200,"quantity":1,"max_stock":24}  
[2026-04-02 06:19:53] local.INFO: Stock check: before=24.000000, after=23  
[2026-04-02 06:19:53] local.INFO: Sale item created for product ID: 3  
[2026-04-02 06:19:53] local.INFO: Product stock updated for product ID: 3  
[2026-04-02 06:19:53] local.INFO: Stock movement recorded for product ID: 3  
[2026-04-02 06:19:53] local.INFO: Processing item 1: {"product_id":5,"name":"Lifebuoy Handwash Pump (200ml)","sku":"L-1770","unit_price":105,"quantity":1,"max_stock":19}  
[2026-04-02 06:19:53] local.INFO: Stock check: before=19.000000, after=18  
[2026-04-02 06:19:53] local.INFO: Sale item created for product ID: 5  
[2026-04-02 06:19:53] local.INFO: Product stock updated for product ID: 5  
[2026-04-02 06:19:53] local.INFO: Stock movement recorded for product ID: 5  
[2026-04-02 06:19:53] local.INFO: Processing item 2: {"product_id":6,"name":"Lifebuoy Handwash Refil (170ml)","sku":"L-6999","unit_price":65,"quantity":1,"max_stock":214}  
[2026-04-02 06:19:53] local.INFO: Stock check: before=214.000000, after=213  
[2026-04-02 06:19:53] local.INFO: Sale item created for product ID: 6  
[2026-04-02 06:19:53] local.INFO: Product stock updated for product ID: 6  
[2026-04-02 06:19:53] local.INFO: Stock movement recorded for product ID: 6  
[2026-04-02 06:19:53] local.INFO: Processing payment of 370 to bank account ID: 1  
[2026-04-02 06:19:53] local.INFO: Transaction committed successfully with invoice number: INV-20260402-0001  
[2026-04-16 06:26:18] local.ERROR: Target class [App\Http\Controllers\Admin\DashboardController] does not exist. {"userId":4,"exception":"[object] (Illuminate\\Contracts\\Container\\BindingResolutionException(code: 0): Target class [App\\Http\\Controllers\\Admin\\DashboardController] does not exist. at C:\\Code\\mousumi_pos\\vendor\\laravel\\framework\\src\\Illuminate\\Container\\Container.php:961)
[stacktrace]
#0 C:\\Code\\mousumi_pos\\vendor\\laravel\\framework\\src\\Illuminate\\Container\\Container.php(832): Illuminate\\Container\\Container->build('App\\\\Http\\\\Contro...')
#1 C:\\Code\\mousumi_pos\\vendor\\laravel\\framework\\src\\Illuminate\\Foundation\\Application.php(1078): Illuminate\\Container\\Container->resolve('App\\\\Http\\\\Contro...', Array, true)
#2 C:\\Code\\mousumi_pos\\vendor\\laravel\\framework\\src\\Illuminate\\Container\\Container.php(763): Illuminate\\Foundation\\Application->resolve('App\\\\Http\\\\Contro...', Array)
#3 C:\\Code\\mousumi_pos\\vendor\\laravel\\framework\\src\\Illuminate\\Foundation\\Application.php(1058): Illuminate\\Container\\Container->make('App\\\\Http\\\\Contro...', Array)
#4 C:\\Code\\mousumi_pos\\vendor\\laravel\\framework\\src\\Illuminate\\Routing\\Route.php(285): Illuminate\\Foundation\\Application->make('App\\\\Http\\\\Contro...')
#5 C:\\Code\\mousumi_pos\\vendor\\laravel\\framework\\src\\Illuminate\\Routing\\Route.php(267): Illuminate\\Routing\\Route->getController()
#6 C:\\Code\\mousumi_pos\\vendor\\laravel\\framework\\src\\Illuminate\\Routing\\Route.php(212): Illuminate\\Routing\\Route->runController()
#7 C:\\Code\\mousumi_pos\\vendor\\laravel\\framework\\src\\Illuminate\\Routing\\Router.php(808): Illuminate\\Routing\\Route->run()
#8 C:\\Code\\mousumi_pos\\vendor\\laravel\\framework\\src\\Illuminate\\Pipeline\\Pipeline.php(170): Illuminate\\Routing\\Router->{closure:Illuminate\\Routing\\Router::runRouteWithinStack():807}(Object(Illuminate\\Http\\Request))
#9 C:\\Code\\mousumi_pos\\vendor\\laravel\\boost\\src\\Middleware\\InjectBoost.php(22): Illuminate\\Pipeline\\Pipeline->{closure:Illuminate\\Pipeline\\Pipeline::prepareDestination():168}(Object(Illuminate\\Http\\Request))
#10 C:\\Code\\mousumi_pos\\vendor\\laravel\\framework\\src\\Illuminate\\Pipeline\\Pipeline.php(209): Laravel\\Boost\\Middleware\\InjectBoost->handle(Object(Illuminate\\Http\\Request), Object(Closure))
#11 C:\\Code\\mousumi_pos\\vendor\\laravel\\framework\\src\\Illuminate\\Http\\Middleware\\AddLinkHeadersForPreloadedAssets.php(20): Illuminate\\Pipeline\\Pipeline->{closure:{closure:Illuminate\\Pipeline\\Pipeline::carry():184}:185}(Object(Illuminate\\Http\\Request))
#12 C:\\Code\\mousumi_pos\\vendor\\laravel\\framework\\src\\Illuminate\\Pipeline\\Pipeline.php(209): Illuminate\\Http\\Middleware\\AddLinkHeadersForPreloadedAssets->handle(Object(Illuminate\\Http\\Request), Object(Closure))
#13 C:\\Code\\mousumi_pos\\vendor\\inertiajs\\inertia-laravel\\src\\Middleware.php(86): Illuminate\\Pipeline\\Pipeline->{closure:{closure:Illuminate\\Pipeline\\Pipeline::carry():184}:185}(Object(Illuminate\\Http\\Request))
#14 C:\\Code\\mousumi_pos\\vendor\\laravel\\framework\\src\\Illuminate\\Pipeline\\Pipeline.php(209): Inertia\\Middleware->handle(Object(Illuminate\\Http\\Request), Object(Closure))
#15 C:\\Code\\mousumi_pos\\vendor\\laravel\\framework\\src\\Illuminate\\Routing\\Middleware\\SubstituteBindings.php(51): Illuminate\\Pipeline\\Pipeline->{closure:{closure:Illuminate\\Pipeline\\Pipeline::carry():184}:185}(Object(Illuminate\\Http\\Request))
#16 C:\\Code\\mousumi_pos\\vendor\\laravel\\framework\\src\\Illuminate\\Pipeline\\Pipeline.php(209): Illuminate\\Routing\\Middleware\\SubstituteBindings->handle(Object(Illuminate\\Http\\Request), Object(Closure))
#17 C:\\Code\\mousumi_pos\\vendor\\laravel\\framework\\src\\Illuminate\\Auth\\Middleware\\Authenticate.php(64): Illuminate\\Pipeline\\Pipeline->{closure:{closure:Illuminate\\Pipeline\\Pipeline::carry():184}:185}(Object(Illuminate\\Http\\Request))
#18 C:\\Code\\mousumi_pos\\vendor\\laravel\\framework\\src\\Illuminate\\Pipeline\\Pipeline.php(209): Illuminate\\Auth\\Middleware\\Authenticate->handle(Object(Illuminate\\Http\\Request), Object(Closure))
#19 C:\\Code\\mousumi_pos\\vendor\\laravel\\framework\\src\\Illuminate\\Foundation\\Http\\Middleware\\VerifyCsrfToken.php(88): Illuminate\\Pipeline\\Pipeline->{closure:{closure:Illuminate\\Pipeline\\Pipeline::carry():184}:185}(Object(Illuminate\\Http\\Request))
#20 C:\\Code\\mousumi_pos\\vendor\\laravel\\framework\\src\\Illuminate\\Pipeline\\Pipeline.php(209): Illuminate\\Foundation\\Http\\Middleware\\VerifyCsrfToken->handle(Object(Illuminate\\Http\\Request), Object(Closure))
#21 C:\\Code\\mousumi_pos\\vendor\\laravel\\framework\\src\\Illuminate\\View\\Middleware\\ShareErrorsFromSession.php(49): Illuminate\\Pipeline\\Pipeline->{closure:{closure:Illuminate\\Pipeline\\Pipeline::carry():184}:185}(Object(Illuminate\\Http\\Request))
#22 C:\\Code\\mousumi_pos\\vendor\\laravel\\framework\\src\\Illuminate\\Pipeline\\Pipeline.php(209): Illuminate\\View\\Middleware\\ShareErrorsFromSession->handle(Object(Illuminate\\Http\\Request), Object(Closure))
#23 C:\\Code\\mousumi_pos\\vendor\\laravel\\framework\\src\\Illuminate\\Session\\Middleware\\StartSession.php(121): Illuminate\\Pipeline\\Pipeline->{closure:{closure:Illuminate\\Pipeline\\Pipeline::carry():184}:185}(Object(Illuminate\\Http\\Request))
#24 C:\\Code\\mousumi_pos\\vendor\\laravel\\framework\\src\\Illuminate\\Session\\Middleware\\StartSession.php(64): Illuminate\\Session\\Middleware\\StartSession->handleStatefulRequest(Object(Illuminate\\Http\\Request), Object(Illuminate\\Session\\Store), Object(Closure))
#25 C:\\Code\\mousumi_pos\\vendor\\laravel\\framework\\src\\Illuminate\\Pipeline\\Pipeline.php(209): Illuminate\\Session\\Middleware\\StartSession->handle(Object(Illuminate\\Http\\Request), Object(Closure))
#26 C:\\Code\\mousumi_pos\\vendor\\laravel\\framework\\src\\Illuminate\\Cookie\\Middleware\\AddQueuedCookiesToResponse.php(37): Illuminate\\Pipeline\\Pipeline->{closure:{closure:Illuminate\\Pipeline\\Pipeline::carry():184}:185}(Object(Illuminate\\Http\\Request))
#27 C:\\Code\\mousumi_pos\\vendor\\laravel\\framework\\src\\Illuminate\\Pipeline\\Pipeline.php(209): Illuminate\\Cookie\\Middleware\\AddQueuedCookiesToResponse->handle(Object(Illuminate\\Http\\Request), Object(Closure))
#28 C:\\Code\\mousumi_pos\\vendor\\laravel\\framework\\src\\Illuminate\\Cookie\\Middleware\\EncryptCookies.php(75): Illuminate\\Pipeline\\Pipeline->{closure:{closure:Illuminate\\Pipeline\\Pipeline::carry():184}:185}(Object(Illuminate\\Http\\Request))
#29 C:\\Code\\mousumi_pos\\vendor\\laravel\\framework\\src\\Illuminate\\Pipeline\\Pipeline.php(209): Illuminate\\Cookie\\Middleware\\EncryptCookies->handle(Object(Illuminate\\Http\\Request), Object(Closure))
#30 C:\\Code\\mousumi_pos\\vendor\\laravel\\framework\\src\\Illuminate\\Pipeline\\Pipeline.php(127): Illuminate\\Pipeline\\Pipeline->{closure:{closure:Illuminate\\Pipeline\\Pipeline::carry():184}:185}(Object(Illuminate\\Http\\Request))
#31 C:\\Code\\mousumi_pos\\vendor\\laravel\\framework\\src\\Illuminate\\Routing\\Router.php(807): Illuminate\\Pipeline\\Pipeline->then(Object(Closure))
#32 C:\\Code\\mousumi_pos\\vendor\\laravel\\framework\\src\\Illuminate\\Routing\\Router.php(786): Illuminate\\Routing\\Router->runRouteWithinStack(Object(Illuminate\\Routing\\Route), Object(Illuminate\\Http\\Request))
#33 C:\\Code\\mousumi_pos\\vendor\\laravel\\framework\\src\\Illuminate\\Routing\\Router.php(750): Illuminate\\Routing\\Router->runRoute(Object(Illuminate\\Http\\Request), Object(Illuminate\\Routing\\Route))
#34 C:\\Code\\mousumi_pos\\vendor\\laravel\\framework\\src\\Illuminate\\Routing\\Router.php(739): Illuminate\\Routing\\Router->dispatchToRoute(Object(Illuminate\\Http\\Request))
#35 C:\\Code\\mousumi_pos\\vendor\\laravel\\framework\\src\\Illuminate\\Foundation\\Http\\Kernel.php(201): Illuminate\\Routing\\Router->dispatch(Object(Illuminate\\Http\\Request))
#36 C:\\Code\\mousumi_pos\\vendor\\laravel\\framework\\src\\Illuminate\\Pipeline\\Pipeline.php(170): Illuminate\\Foundation\\Http\\Kernel->{closure:Illuminate\\Foundation\\Http\\Kernel::dispatchToRouter():198}(Object(Illuminate\\Http\\Request))
#37 C:\\Code\\mousumi_pos\\vendor\\laravel\\framework\\src\\Illuminate\\Foundation\\Http\\Middleware\\TransformsRequest.php(21): Illuminate\\Pipeline\\Pipeline->{closure:Illuminate\\Pipeline\\Pipeline::prepareDestination():168}(Object(Illuminate\\Http\\Request))
#38 C:\\Code\\mousumi_pos\\vendor\\laravel\\framework\\src\\Illuminate\\Foundation\\Http\\Middleware\\ConvertEmptyStringsToNull.php(31): Illuminate\\Foundation\\Http\\Middleware\\TransformsRequest->handle(Object(Illuminate\\Http\\Request), Object(Closure))
#39 C:\\Code\\mousumi_pos\\vendor\\laravel\\framework\\src\\Illuminate\\Pipeline\\Pipeline.php(209): Illuminate\\Foundation\\Http\\Middleware\\ConvertEmptyStringsToNull->handle(Object(Illuminate\\Http\\Request), Object(Closure))
#40 C:\\Code\\mousumi_pos\\vendor\\laravel\\framework\\src\\Illuminate\\Foundation\\Http\\Middleware\\TransformsRequest.php(21): Illuminate\\Pipeline\\Pipeline->{closure:{closure:Illuminate\\Pipeline\\Pipeline::carry():184}:185}(Object(Illuminate\\Http\\Request))
#41 C:\\Code\\mousumi_pos\\vendor\\laravel\\framework\\src\\Illuminate\\Foundation\\Http\\Middleware\\TrimStrings.php(51): Illuminate\\Foundation\\Http\\Middleware\\TransformsRequest->handle(Object(Illuminate\\Http\\Request), Object(Closure))
#42 C:\\Code\\mousumi_pos\\vendor\\laravel\\framework\\src\\Illuminate\\Pipeline\\Pipeline.php(209): Illuminate\\Foundation\\Http\\Middleware\\TrimStrings->handle(Object(Illuminate\\Http\\Request), Object(Closure))
#43 C:\\Code\\mousumi_pos\\vendor\\laravel\\framework\\src\\Illuminate\\Http\\Middleware\\ValidatePostSize.php(27): Illuminate\\Pipeline\\Pipeline->{closure:{closure:Illuminate\\Pipeline\\Pipeline::carry():184}:185}(Object(Illuminate\\Http\\Request))
#44 C:\\Code\\mousumi_pos\\vendor\\laravel\\framework\\src\\Illuminate\\Pipeline\\Pipeline.php(209): Illuminate\\Http\\Middleware\\ValidatePostSize->handle(Object(Illuminate\\Http\\Request), Object(Closure))
#45 C:\\Code\\mousumi_pos\\vendor\\laravel\\framework\\src\\Illuminate\\Foundation\\Http\\Middleware\\PreventRequestsDuringMaintenance.php(110): Illuminate\\Pipeline\\Pipeline->{closure:{closure:Illuminate\\Pipeline\\Pipeline::carry():184}:185}(Object(Illuminate\\Http\\Request))
#46 C:\\Code\\mousumi_pos\\vendor\\laravel\\framework\\src\\Illuminate\\Pipeline\\Pipeline.php(209): Illuminate\\Foundation\\Http\\Middleware\\PreventRequestsDuringMaintenance->handle(Object(Illuminate\\Http\\Request), Object(Closure))
#47 C:\\Code\\mousumi_pos\\vendor\\laravel\\framework\\src\\Illuminate\\Http\\Middleware\\HandleCors.php(49): Illuminate\\Pipeline\\Pipeline->{closure:{closure:Illuminate\\Pipeline\\Pipeline::carry():184}:185}(Object(Illuminate\\Http\\Request))
#48 C:\\Code\\mousumi_pos\\vendor\\laravel\\framework\\src\\Illuminate\\Pipeline\\Pipeline.php(209): Illuminate\\Http\\Middleware\\HandleCors->handle(Object(Illuminate\\Http\\Request), Object(Closure))
#49 C:\\Code\\mousumi_pos\\vendor\\laravel\\framework\\src\\Illuminate\\Http\\Middleware\\TrustProxies.php(58): Illuminate\\Pipeline\\Pipeline->{closure:{closure:Illuminate\\Pipeline\\Pipeline::carry():184}:185}(Object(Illuminate\\Http\\Request))
#50 C:\\Code\\mousumi_pos\\vendor\\laravel\\framework\\src\\Illuminate\\Pipeline\\Pipeline.php(209): Illuminate\\Http\\Middleware\\TrustProxies->handle(Object(Illuminate\\Http\\Request), Object(Closure))
#51 C:\\Code\\mousumi_pos\\vendor\\laravel\\framework\\src\\Illuminate\\Foundation\\Http\\Middleware\\InvokeDeferredCallbacks.php(22): Illuminate\\Pipeline\\Pipeline->{closure:{closure:Illuminate\\Pipeline\\Pipeline::carry():184}:185}(Object(Illuminate\\Http\\Request))
#52 C:\\Code\\mousumi_pos\\vendor\\laravel\\framework\\src\\Illuminate\\Pipeline\\Pipeline.php(209): Illuminate\\Foundation\\Http\\Middleware\\InvokeDeferredCallbacks->handle(Object(Illuminate\\Http\\Request), Object(Closure))
#53 C:\\Code\\mousumi_pos\\vendor\\laravel\\framework\\src\\Illuminate\\Pipeline\\Pipeline.php(127): Illuminate\\Pipeline\\Pipeline->{closure:{closure:Illuminate\\Pipeline\\Pipeline::carry():184}:185}(Object(Illuminate\\Http\\Request))
#54 C:\\Code\\mousumi_pos\\vendor\\laravel\\framework\\src\\Illuminate\\Foundation\\Http\\Kernel.php(176): Illuminate\\Pipeline\\Pipeline->then(Object(Closure))
#55 C:\\Code\\mousumi_pos\\vendor\\laravel\\framework\\src\\Illuminate\\Foundation\\Http\\Kernel.php(145): Illuminate\\Foundation\\Http\\Kernel->sendRequestThroughRouter(Object(Illuminate\\Http\\Request))
#56 C:\\Code\\mousumi_pos\\vendor\\laravel\\framework\\src\\Illuminate\\Foundation\\Application.php(1220): Illuminate\\Foundation\\Http\\Kernel->handle(Object(Illuminate\\Http\\Request))
#57 C:\\Code\\mousumi_pos\\public\\index.php(17): Illuminate\\Foundation\\Application->handleRequest(Object(Illuminate\\Http\\Request))
#58 C:\\Code\\mousumi_pos\\vendor\\laravel\\framework\\src\\Illuminate\\Foundation\\resources\\server.php(23): require_once('C:\\\\Code\\\\mousumi...')
#59 {main}

[previous exception] [object] (ReflectionException(code: -1): Class \"App\\Http\\Controllers\\Admin\\DashboardController\" does not exist at C:\\Code\\mousumi_pos\\vendor\\laravel\\framework\\src\\Illuminate\\Container\\Container.php:959)
[stacktrace]
#0 C:\\Code\\mousumi_pos\\vendor\\laravel\\framework\\src\\Illuminate\\Container\\Container.php(959): ReflectionClass->__construct('App\\\\Http\\\\Contro...')
#1 C:\\Code\\mousumi_pos\\vendor\\laravel\\framework\\src\\Illuminate\\Container\\Container.php(832): Illuminate\\Container\\Container->build('App\\\\Http\\\\Contro...')
#2 C:\\Code\\mousumi_pos\\vendor\\laravel\\framework\\src\\Illuminate\\Foundation\\Application.php(1078): Illuminate\\Container\\Container->resolve('App\\\\Http\\\\Contro...', Array, true)
#3 C:\\Code\\mousumi_pos\\vendor\\laravel\\framework\\src\\Illuminate\\Container\\Container.php(763): Illuminate\\Foundation\\Application->resolve('App\\\\Http\\\\Contro...', Array)
#4 C:\\Code\\mousumi_pos\\vendor\\laravel\\framework\\src\\Illuminate\\Foundation\\Application.php(1058): Illuminate\\Container\\Container->make('App\\\\Http\\\\Contro...', Array)
#5 C:\\Code\\mousumi_pos\\vendor\\laravel\\framework\\src\\Illuminate\\Routing\\Route.php(285): Illuminate\\Foundation\\Application->make('App\\\\Http\\\\Contro...')
#6 C:\\Code\\mousumi_pos\\vendor\\laravel\\framework\\src\\Illuminate\\Routing\\Route.php(267): Illuminate\\Routing\\Route->getController()
#7 C:\\Code\\mousumi_pos\\vendor\\laravel\\framework\\src\\Illuminate\\Routing\\Route.php(212): Illuminate\\Routing\\Route->runController()
#8 C:\\Code\\mousumi_pos\\vendor\\laravel\\framework\\src\\Illuminate\\Routing\\Router.php(808): Illuminate\\Routing\\Route->run()
#9 C:\\Code\\mousumi_pos\\vendor\\laravel\\framework\\src\\Illuminate\\Pipeline\\Pipeline.php(170): Illuminate\\Routing\\Router->{closure:Illuminate\\Routing\\Router::runRouteWithinStack():807}(Object(Illuminate\\Http\\Request))
#10 C:\\Code\\mousumi_pos\\vendor\\laravel\\boost\\src\\Middleware\\InjectBoost.php(22): Illuminate\\Pipeline\\Pipeline->{closure:Illuminate\\Pipeline\\Pipeline::prepareDestination():168}(Object(Illuminate\\Http\\Request))
#11 C:\\Code\\mousumi_pos\\vendor\\laravel\\framework\\src\\Illuminate\\Pipeline\\Pipeline.php(209): Laravel\\Boost\\Middleware\\InjectBoost->handle(Object(Illuminate\\Http\\Request), Object(Closure))
#12 C:\\Code\\mousumi_pos\\vendor\\laravel\\framework\\src\\Illuminate\\Http\\Middleware\\AddLinkHeadersForPreloadedAssets.php(20): Illuminate\\Pipeline\\Pipeline->{closure:{closure:Illuminate\\Pipeline\\Pipeline::carry():184}:185}(Object(Illuminate\\Http\\Request))
#13 C:\\Code\\mousumi_pos\\vendor\\laravel\\framework\\src\\Illuminate\\Pipeline\\Pipeline.php(209): Illuminate\\Http\\Middleware\\AddLinkHeadersForPreloadedAssets->handle(Object(Illuminate\\Http\\Request), Object(Closure))
#14 C:\\Code\\mousumi_pos\\vendor\\inertiajs\\inertia-laravel\\src\\Middleware.php(86): Illuminate\\Pipeline\\Pipeline->{closure:{closure:Illuminate\\Pipeline\\Pipeline::carry():184}:185}(Object(Illuminate\\Http\\Request))
#15 C:\\Code\\mousumi_pos\\vendor\\laravel\\framework\\src\\Illuminate\\Pipeline\\Pipeline.php(209): Inertia\\Middleware->handle(Object(Illuminate\\Http\\Request), Object(Closure))
#16 C:\\Code\\mousumi_pos\\vendor\\laravel\\framework\\src\\Illuminate\\Routing\\Middleware\\SubstituteBindings.php(51): Illuminate\\Pipeline\\Pipeline->{closure:{closure:Illuminate\\Pipeline\\Pipeline::carry():184}:185}(Object(Illuminate\\Http\\Request))
#17 C:\\Code\\mousumi_pos\\vendor\\laravel\\framework\\src\\Illuminate\\Pipeline\\Pipeline.php(209): Illuminate\\Routing\\Middleware\\SubstituteBindings->handle(Object(Illuminate\\Http\\Request), Object(Closure))
#18 C:\\Code\\mousumi_pos\\vendor\\laravel\\framework\\src\\Illuminate\\Auth\\Middleware\\Authenticate.php(64): Illuminate\\Pipeline\\Pipeline->{closure:{closure:Illuminate\\Pipeline\\Pipeline::carry():184}:185}(Object(Illuminate\\Http\\Request))
#19 C:\\Code\\mousumi_pos\\vendor\\laravel\\framework\\src\\Illuminate\\Pipeline\\Pipeline.php(209): Illuminate\\Auth\\Middleware\\Authenticate->handle(Object(Illuminate\\Http\\Request), Object(Closure))
#20 C:\\Code\\mousumi_pos\\vendor\\laravel\\framework\\src\\Illuminate\\Foundation\\Http\\Middleware\\VerifyCsrfToken.php(88): Illuminate\\Pipeline\\Pipeline->{closure:{closure:Illuminate\\Pipeline\\Pipeline::carry():184}:185}(Object(Illuminate\\Http\\Request))
#21 C:\\Code\\mousumi_pos\\vendor\\laravel\\framework\\src\\Illuminate\\Pipeline\\Pipeline.php(209): Illuminate\\Foundation\\Http\\Middleware\\VerifyCsrfToken->handle(Object(Illuminate\\Http\\Request), Object(Closure))
#22 C:\\Code\\mousumi_pos\\vendor\\laravel\\framework\\src\\Illuminate\\View\\Middleware\\ShareErrorsFromSession.php(49): Illuminate\\Pipeline\\Pipeline->{closure:{closure:Illuminate\\Pipeline\\Pipeline::carry():184}:185}(Object(Illuminate\\Http\\Request))
#23 C:\\Code\\mousumi_pos\\vendor\\laravel\\framework\\src\\Illuminate\\Pipeline\\Pipeline.php(209): Illuminate\\View\\Middleware\\ShareErrorsFromSession->handle(Object(Illuminate\\Http\\Request), Object(Closure))
#24 C:\\Code\\mousumi_pos\\vendor\\laravel\\framework\\src\\Illuminate\\Session\\Middleware\\StartSession.php(121): Illuminate\\Pipeline\\Pipeline->{closure:{closure:Illuminate\\Pipeline\\Pipeline::carry():184}:185}(Object(Illuminate\\Http\\Request))
#25 C:\\Code\\mousumi_pos\\vendor\\laravel\\framework\\src\\Illuminate\\Session\\Middleware\\StartSession.php(64): Illuminate\\Session\\Middleware\\StartSession->handleStatefulRequest(Object(Illuminate\\Http\\Request), Object(Illuminate\\Session\\Store), Object(Closure))
#26 C:\\Code\\mousumi_pos\\vendor\\laravel\\framework\\src\\Illuminate\\Pipeline\\Pipeline.php(209): Illuminate\\Session\\Middleware\\StartSession->handle(Object(Illuminate\\Http\\Request), Object(Closure))
#27 C:\\Code\\mousumi_pos\\vendor\\laravel\\framework\\src\\Illuminate\\Cookie\\Middleware\\AddQueuedCookiesToResponse.php(37): Illuminate\\Pipeline\\Pipeline->{closure:{closure:Illuminate\\Pipeline\\Pipeline::carry():184}:185}(Object(Illuminate\\Http\\Request))
#28 C:\\Code\\mousumi_pos\\vendor\\laravel\\framework\\src\\Illuminate\\Pipeline\\Pipeline.php(209): Illuminate\\Cookie\\Middleware\\AddQueuedCookiesToResponse->handle(Object(Illuminate\\Http\\Request), Object(Closure))
#29 C:\\Code\\mousumi_pos\\vendor\\laravel\\framework\\src\\Illuminate\\Cookie\\Middleware\\EncryptCookies.php(75): Illuminate\\Pipeline\\Pipeline->{closure:{closure:Illuminate\\Pipeline\\Pipeline::carry():184}:185}(Object(Illuminate\\Http\\Request))
#30 C:\\Code\\mousumi_pos\\vendor\\laravel\\framework\\src\\Illuminate\\Pipeline\\Pipeline.php(209): Illuminate\\Cookie\\Middleware\\EncryptCookies->handle(Object(Illuminate\\Http\\Request), Object(Closure))
#31 C:\\Code\\mousumi_pos\\vendor\\laravel\\framework\\src\\Illuminate\\Pipeline\\Pipeline.php(127): Illuminate\\Pipeline\\Pipeline->{closure:{closure:Illuminate\\Pipeline\\Pipeline::carry():184}:185}(Object(Illuminate\\Http\\Request))
#32 C:\\Code\\mousumi_pos\\vendor\\laravel\\framework\\src\\Illuminate\\Routing\\Router.php(807): Illuminate\\Pipeline\\Pipeline->then(Object(Closure))
#33 C:\\Code\\mousumi_pos\\vendor\\laravel\\framework\\src\\Illuminate\\Routing\\Router.php(786): Illuminate\\Routing\\Router->runRouteWithinStack(Object(Illuminate\\Routing\\Route), Object(Illuminate\\Http\\Request))
#34 C:\\Code\\mousumi_pos\\vendor\\laravel\\framework\\src\\Illuminate\\Routing\\Router.php(750): Illuminate\\Routing\\Router->runRoute(Object(Illuminate\\Http\\Request), Object(Illuminate\\Routing\\Route))
#35 C:\\Code\\mousumi_pos\\vendor\\laravel\\framework\\src\\Illuminate\\Routing\\Router.php(739): Illuminate\\Routing\\Router->dispatchToRoute(Object(Illuminate\\Http\\Request))
#36 C:\\Code\\mousumi_pos\\vendor\\laravel\\framework\\src\\Illuminate\\Foundation\\Http\\Kernel.php(201): Illuminate\\Routing\\Router->dispatch(Object(Illuminate\\Http\\Request))
#37 C:\\Code\\mousumi_pos\\vendor\\laravel\\framework\\src\\Illuminate\\Pipeline\\Pipeline.php(170): Illuminate\\Foundation\\Http\\Kernel->{closure:Illuminate\\Foundation\\Http\\Kernel::dispatchToRouter():198}(Object(Illuminate\\Http\\Request))
#38 C:\\Code\\mousumi_pos\\vendor\\laravel\\framework\\src\\Illuminate\\Foundation\\Http\\Middleware\\TransformsRequest.php(21): Illuminate\\Pipeline\\Pipeline->{closure:Illuminate\\Pipeline\\Pipeline::prepareDestination():168}(Object(Illuminate\\Http\\Request))
#39 C:\\Code\\mousumi_pos\\vendor\\laravel\\framework\\src\\Illuminate\\Foundation\\Http\\Middleware\\ConvertEmptyStringsToNull.php(31): Illuminate\\Foundation\\Http\\Middleware\\TransformsRequest->handle(Object(Illuminate\\Http\\Request), Object(Closure))
#40 C:\\Code\\mousumi_pos\\vendor\\laravel\\framework\\src\\Illuminate\\Pipeline\\Pipeline.php(209): Illuminate\\Foundation\\Http\\Middleware\\ConvertEmptyStringsToNull->handle(Object(Illuminate\\Http\\Request), Object(Closure))
#41 C:\\Code\\mousumi_pos\\vendor\\laravel\\framework\\src\\Illuminate\\Foundation\\Http\\Middleware\\TransformsRequest.php(21): Illuminate\\Pipeline\\Pipeline->{closure:{closure:Illuminate\\Pipeline\\Pipeline::carry():184}:185}(Object(Illuminate\\Http\\Request))
#42 C:\\Code\\mousumi_pos\\vendor\\laravel\\framework\\src\\Illuminate\\Foundation\\Http\\Middleware\\TrimStrings.php(51): Illuminate\\Foundation\\Http\\Middleware\\TransformsRequest->handle(Object(Illuminate\\Http\\Request), Object(Closure))
#43 C:\\Code\\mousumi_pos\\vendor\\laravel\\framework\\src\\Illuminate\\Pipeline\\Pipeline.php(209): Illuminate\\Foundation\\Http\\Middleware\\TrimStrings->handle(Object(Illuminate\\Http\\Request), Object(Closure))
#44 C:\\Code\\mousumi_pos\\vendor\\laravel\\framework\\src\\Illuminate\\Http\\Middleware\\ValidatePostSize.php(27): Illuminate\\Pipeline\\Pipeline->{closure:{closure:Illuminate\\Pipeline\\Pipeline::carry():184}:185}(Object(Illuminate\\Http\\Request))
#45 C:\\Code\\mousumi_pos\\vendor\\laravel\\framework\\src\\Illuminate\\Pipeline\\Pipeline.php(209): Illuminate\\Http\\Middleware\\ValidatePostSize->handle(Object(Illuminate\\Http\\Request), Object(Closure))
#46 C:\\Code\\mousumi_pos\\vendor\\laravel\\framework\\src\\Illuminate\\Foundation\\Http\\Middleware\\PreventRequestsDuringMaintenance.php(110): Illuminate\\Pipeline\\Pipeline->{closure:{closure:Illuminate\\Pipeline\\Pipeline::carry():184}:185}(Object(Illuminate\\Http\\Request))
#47 C:\\Code\\mousumi_pos\\vendor\\laravel\\framework\\src\\Illuminate\\Pipeline\\Pipeline.php(209): Illuminate\\Foundation\\Http\\Middleware\\PreventRequestsDuringMaintenance->handle(Object(Illuminate\\Http\\Request), Object(Closure))
#48 C:\\Code\\mousumi_pos\\vendor\\laravel\\framework\\src\\Illuminate\\Http\\Middleware\\HandleCors.php(49): Illuminate\\Pipeline\\Pipeline->{closure:{closure:Illuminate\\Pipeline\\Pipeline::carry():184}:185}(Object(Illuminate\\Http\\Request))
#49 C:\\Code\\mousumi_pos\\vendor\\laravel\\framework\\src\\Illuminate\\Pipeline\\Pipeline.php(209): Illuminate\\Http\\Middleware\\HandleCors->handle(Object(Illuminate\\Http\\Request), Object(Closure))
#50 C:\\Code\\mousumi_pos\\vendor\\laravel\\framework\\src\\Illuminate\\Http\\Middleware\\TrustProxies.php(58): Illuminate\\Pipeline\\Pipeline->{closure:{closure:Illuminate\\Pipeline\\Pipeline::carry():184}:185}(Object(Illuminate\\Http\\Request))
#51 C:\\Code\\mousumi_pos\\vendor\\laravel\\framework\\src\\Illuminate\\Pipeline\\Pipeline.php(209): Illuminate\\Http\\Middleware\\TrustProxies->handle(Object(Illuminate\\Http\\Request), Object(Closure))
#52 C:\\Code\\mousumi_pos\\vendor\\laravel\\framework\\src\\Illuminate\\Foundation\\Http\\Middleware\\InvokeDeferredCallbacks.php(22): Illuminate\\Pipeline\\Pipeline->{closure:{closure:Illuminate\\Pipeline\\Pipeline::carry():184}:185}(Object(Illuminate\\Http\\Request))
#53 C:\\Code\\mousumi_pos\\vendor\\laravel\\framework\\src\\Illuminate\\Pipeline\\Pipeline.php(209): Illuminate\\Foundation\\Http\\Middleware\\InvokeDeferredCallbacks->handle(Object(Illuminate\\Http\\Request), Object(Closure))
#54 C:\\Code\\mousumi_pos\\vendor\\laravel\\framework\\src\\Illuminate\\Pipeline\\Pipeline.php(127): Illuminate\\Pipeline\\Pipeline->{closure:{closure:Illuminate\\Pipeline\\Pipeline::carry():184}:185}(Object(Illuminate\\Http\\Request))
#55 C:\\Code\\mousumi_pos\\vendor\\laravel\\framework\\src\\Illuminate\\Foundation\\Http\\Kernel.php(176): Illuminate\\Pipeline\\Pipeline->then(Object(Closure))
#56 C:\\Code\\mousumi_pos\\vendor\\laravel\\framework\\src\\Illuminate\\Foundation\\Http\\Kernel.php(145): Illuminate\\Foundation\\Http\\Kernel->sendRequestThroughRouter(Object(Illuminate\\Http\\Request))
#57 C:\\Code\\mousumi_pos\\vendor\\laravel\\framework\\src\\Illuminate\\Foundation\\Application.php(1220): Illuminate\\Foundation\\Http\\Kernel->handle(Object(Illuminate\\Http\\Request))
#58 C:\\Code\\mousumi_pos\\public\\index.php(17): Illuminate\\Foundation\\Application->handleRequest(Object(Illuminate\\Http\\Request))
#59 C:\\Code\\mousumi_pos\\vendor\\laravel\\framework\\src\\Illuminate\\Foundation\\resources\\server.php(23): require_once('C:\\\\Code\\\\mousumi...')
#60 {main}
"} 
[2026-04-16 06:30:47] local.INFO: Daily Transactions: {"2026-04-01":{"stdClass":{"date":"2026-04-01","fund_in":"0.00","payment_receive":"31245.00","refund":"0.00","fund_out":"0.00","purchase":"0.00","expense":"0.00"}}} 
[2026-04-16 06:30:47] local.INFO: Extra Incomes:  
[2026-04-16 06:31:18] local.INFO: Date Range {"start_date":"2026-04-01","end_date":"2026-04-30"} 
[2026-04-16 06:42:40] local.INFO: Daily Transactions: {"2026-04-01":{"stdClass":{"date":"2026-04-01","fund_in":"0.00","payment_receive":"31245.00","refund":"0.00","fund_out":"0.00","purchase":"0.00","expense":"0.00"}}} 
[2026-04-16 06:42:40] local.INFO: Extra Incomes:  
[2026-04-16 06:42:52] local.INFO: Daily Transactions: {"2026-04-01":{"stdClass":{"date":"2026-04-01","fund_in":"0.00","payment_receive":"31245.00","refund":"0.00","fund_out":"0.00","purchase":"0.00","expense":"0.00"}}} 
[2026-04-16 06:42:52] local.INFO: Extra Incomes:  
[2026-04-16 06:43:20] local.INFO: Daily Transactions: {"2026-04-01":{"stdClass":{"date":"2026-04-01","fund_in":"0.00","payment_receive":"31245.00","refund":"0.00","fund_out":"0.00","purchase":"0.00","expense":"0.00"}}} 
[2026-04-16 06:43:20] local.INFO: Extra Incomes:  
[2026-04-16 06:45:01] local.INFO: Daily Transactions: {"2026-04-01":{"stdClass":{"date":"2026-04-01","fund_in":"0.00","payment_receive":"31245.00","refund":"0.00","fund_out":"0.00","purchase":"0.00","expense":"0.00"}}} 
[2026-04-16 06:45:01] local.INFO: Extra Incomes:  
[2026-04-16 06:48:34] local.INFO: Daily Transactions: {"2026-04-01":{"stdClass":{"date":"2026-04-01","fund_in":"0.00","payment_receive":"31245.00","refund":"0.00","fund_out":"0.00","purchase":"0.00","expense":"0.00"}}} 
[2026-04-16 06:48:34] local.INFO: Extra Incomes:  
[2026-04-16 06:49:52] local.INFO: Daily Transactions: {"2026-04-01":{"stdClass":{"date":"2026-04-01","fund_in":"0.00","payment_receive":"31245.00","refund":"0.00","fund_out":"0.00","purchase":"0.00","expense":"0.00"}}} 
[2026-04-16 06:49:52] local.INFO: Extra Incomes:  
[2026-04-16 06:50:11] local.INFO: Daily Transactions: {"2026-04-01":{"stdClass":{"date":"2026-04-01","fund_in":"0.00","payment_receive":"31245.00","refund":"0.00","fund_out":"0.00","purchase":"0.00","expense":"0.00"}}} 
[2026-04-16 06:50:11] local.INFO: Extra Incomes:  
[2026-04-16 06:50:26] local.INFO: Daily Transactions: {"2026-04-01":{"stdClass":{"date":"2026-04-01","fund_in":"0.00","payment_receive":"31245.00","refund":"0.00","fund_out":"0.00","purchase":"0.00","expense":"0.00"}}} 
[2026-04-16 06:50:26] local.INFO: Extra Incomes:  
[2026-04-16 06:50:46] local.INFO: Daily Transactions: {"2026-04-01":{"stdClass":{"date":"2026-04-01","fund_in":"0.00","payment_receive":"31245.00","refund":"0.00","fund_out":"0.00","purchase":"0.00","expense":"0.00"}}} 
[2026-04-16 06:50:46] local.INFO: Extra Incomes:  
[2026-09-27 03:51:10] local.ERROR: Class "Maatwebsite\Excel\ExcelServiceProvider" not found {"exception":"[object] (Error(code: 0): Class \"Maatwebsite\\Excel\\ExcelServiceProvider\" not found at C:\\Code\\TrustCash\\vendor\\laravel\\framework\\src\\Illuminate\\Foundation\\ProviderRepository.php:206)
[stacktrace]
#0 C:\\Code\\TrustCash\\vendor\\laravel\\framework\\src\\Illuminate\\Foundation\\ProviderRepository.php(142): Illuminate\\Foundation\\ProviderRepository->createProvider('Maatwebsite\\\\Exc...')
#1 C:\\Code\\TrustCash\\vendor\\laravel\\framework\\src\\Illuminate\\Foundation\\ProviderRepository.php(61): Illuminate\\Foundation\\ProviderRepository->compileManifest(Array)
#2 C:\\Code\\TrustCash\\vendor\\laravel\\framework\\src\\Illuminate\\Foundation\\Application.php(871): Illuminate\\Foundation\\ProviderRepository->load(Array)
#3 C:\\Code\\TrustCash\\vendor\\laravel\\framework\\src\\Illuminate\\Foundation\\Bootstrap\\RegisterProviders.php(37): Illuminate\\Foundation\\Application->registerConfiguredProviders()
#4 C:\\Code\\TrustCash\\vendor\\laravel\\framework\\src\\Illuminate\\Foundation\\Application.php(342): Illuminate\\Foundation\\Bootstrap\\RegisterProviders->bootstrap(Object(Illuminate\\Foundation\\Application))
#5 C:\\Code\\TrustCash\\vendor\\laravel\\framework\\src\\Illuminate\\Foundation\\Console\\Kernel.php(474): Illuminate\\Foundation\\Application->bootstrapWith(Array)
#6 C:\\Code\\TrustCash\\vendor\\laravel\\framework\\src\\Illuminate\\Foundation\\Console\\Kernel.php(196): Illuminate\\Foundation\\Console\\Kernel->bootstrap()
#7 C:\\Code\\TrustCash\\vendor\\laravel\\framework\\src\\Illuminate\\Foundation\\Application.php(1235): Illuminate\\Foundation\\Console\\Kernel->handle(Object(Symfony\\Component\\Console\\Input\\ArgvInput), Object(Symfony\\Component\\Console\\Output\\ConsoleOutput))
#8 C:\\Code\\TrustCash\\artisan(13): Illuminate\\Foundation\\Application->handleCommand(Object(Symfony\\Component\\Console\\Input\\ArgvInput))
#9 {main}
"} 
[2026-09-27 04:45:18] local.ERROR: Class "Maatwebsite\Excel\ExcelServiceProvider" not found {"exception":"[object] (Error(code: 0): Class \"Maatwebsite\\Excel\\ExcelServiceProvider\" not found at C:\\Code\\TrustCash\\vendor\\laravel\\framework\\src\\Illuminate\\Foundation\\ProviderRepository.php:206)
[stacktrace]
#0 C:\\Code\\TrustCash\\vendor\\laravel\\framework\\src\\Illuminate\\Foundation\\ProviderRepository.php(142): Illuminate\\Foundation\\ProviderRepository->createProvider('Maatwebsite\\\\Exc...')
#1 C:\\Code\\TrustCash\\vendor\\laravel\\framework\\src\\Illuminate\\Foundation\\ProviderRepository.php(61): Illuminate\\Foundation\\ProviderRepository->compileManifest(Array)
#2 C:\\Code\\TrustCash\\vendor\\laravel\\framework\\src\\Illuminate\\Foundation\\Application.php(871): Illuminate\\Foundation\\ProviderRepository->load(Array)
#3 C:\\Code\\TrustCash\\vendor\\laravel\\framework\\src\\Illuminate\\Foundation\\Bootstrap\\RegisterProviders.php(37): Illuminate\\Foundation\\Application->registerConfiguredProviders()
#4 C:\\Code\\TrustCash\\vendor\\laravel\\framework\\src\\Illuminate\\Foundation\\Application.php(342): Illuminate\\Foundation\\Bootstrap\\RegisterProviders->bootstrap(Object(Illuminate\\Foundation\\Application))
#5 C:\\Code\\TrustCash\\vendor\\laravel\\framework\\src\\Illuminate\\Foundation\\Console\\Kernel.php(474): Illuminate\\Foundation\\Application->bootstrapWith(Array)
#6 C:\\Code\\TrustCash\\vendor\\laravel\\framework\\src\\Illuminate\\Foundation\\Console\\Kernel.php(196): Illuminate\\Foundation\\Console\\Kernel->bootstrap()
#7 C:\\Code\\TrustCash\\vendor\\laravel\\framework\\src\\Illuminate\\Foundation\\Application.php(1235): Illuminate\\Foundation\\Console\\Kernel->handle(Object(Symfony\\Component\\Console\\Input\\ArgvInput), Object(Symfony\\Component\\Console\\Output\\ConsoleOutput))
#8 C:\\Code\\TrustCash\\artisan(13): Illuminate\\Foundation\\Application->handleCommand(Object(Symfony\\Component\\Console\\Input\\ArgvInput))
#9 {main}
"} 
[2026-09-27 04:45:18] local.ERROR: Class "Maatwebsite\Excel\ExcelServiceProvider" not found {"exception":"[object] (Error(code: 0): Class \"Maatwebsite\\Excel\\ExcelServiceProvider\" not found at C:\\Code\\TrustCash\\vendor\\laravel\\framework\\src\\Illuminate\\Foundation\\ProviderRepository.php:206)
[stacktrace]
#0 C:\\Code\\TrustCash\\vendor\\laravel\\framework\\src\\Illuminate\\Foundation\\ProviderRepository.php(142): Illuminate\\Foundation\\ProviderRepository->createProvider('Maatwebsite\\\\Exc...')
#1 C:\\Code\\TrustCash\\vendor\\laravel\\framework\\src\\Illuminate\\Foundation\\ProviderRepository.php(61): Illuminate\\Foundation\\ProviderRepository->compileManifest(Array)
#2 C:\\Code\\TrustCash\\vendor\\laravel\\framework\\src\\Illuminate\\Foundation\\Application.php(871): Illuminate\\Foundation\\ProviderRepository->load(Array)
#3 C:\\Code\\TrustCash\\vendor\\laravel\\framework\\src\\Illuminate\\Foundation\\Bootstrap\\RegisterProviders.php(37): Illuminate\\Foundation\\Application->registerConfiguredProviders()
#4 C:\\Code\\TrustCash\\vendor\\laravel\\framework\\src\\Illuminate\\Foundation\\Application.php(342): Illuminate\\Foundation\\Bootstrap\\RegisterProviders->bootstrap(Object(Illuminate\\Foundation\\Application))
#5 C:\\Code\\TrustCash\\vendor\\laravel\\framework\\src\\Illuminate\\Foundation\\Console\\Kernel.php(474): Illuminate\\Foundation\\Application->bootstrapWith(Array)
#6 C:\\Code\\TrustCash\\vendor\\laravel\\framework\\src\\Illuminate\\Foundation\\Console\\Kernel.php(196): Illuminate\\Foundation\\Console\\Kernel->bootstrap()
#7 C:\\Code\\TrustCash\\vendor\\laravel\\framework\\src\\Illuminate\\Foundation\\Application.php(1235): Illuminate\\Foundation\\Console\\Kernel->handle(Object(Symfony\\Component\\Console\\Input\\ArgvInput), Object(Symfony\\Component\\Console\\Output\\ConsoleOutput))
#8 C:\\Code\\TrustCash\\artisan(13): Illuminate\\Foundation\\Application->handleCommand(Object(Symfony\\Component\\Console\\Input\\ArgvInput))
#9 {main}
"} 
[2026-09-27 04:51:28] local.ERROR: Class "Maatwebsite\Excel\ExcelServiceProvider" not found {"exception":"[object] (Error(code: 0): Class \"Maatwebsite\\Excel\\ExcelServiceProvider\" not found at C:\\Code\\TrustCash\\vendor\\laravel\\framework\\src\\Illuminate\\Foundation\\ProviderRepository.php:206)
[stacktrace]
#0 C:\\Code\\TrustCash\\vendor\\laravel\\framework\\src\\Illuminate\\Foundation\\ProviderRepository.php(142): Illuminate\\Foundation\\ProviderRepository->createProvider('Maatwebsite\\\\Exc...')
#1 C:\\Code\\TrustCash\\vendor\\laravel\\framework\\src\\Illuminate\\Foundation\\ProviderRepository.php(61): Illuminate\\Foundation\\ProviderRepository->compileManifest(Array)
#2 C:\\Code\\TrustCash\\vendor\\laravel\\framework\\src\\Illuminate\\Foundation\\Application.php(871): Illuminate\\Foundation\\ProviderRepository->load(Array)
#3 C:\\Code\\TrustCash\\vendor\\laravel\\framework\\src\\Illuminate\\Foundation\\Bootstrap\\RegisterProviders.php(37): Illuminate\\Foundation\\Application->registerConfiguredProviders()
#4 C:\\Code\\TrustCash\\vendor\\laravel\\framework\\src\\Illuminate\\Foundation\\Application.php(342): Illuminate\\Foundation\\Bootstrap\\RegisterProviders->bootstrap(Object(Illuminate\\Foundation\\Application))
#5 C:\\Code\\TrustCash\\vendor\\laravel\\framework\\src\\Illuminate\\Foundation\\Console\\Kernel.php(474): Illuminate\\Foundation\\Application->bootstrapWith(Array)
#6 C:\\Code\\TrustCash\\vendor\\laravel\\framework\\src\\Illuminate\\Foundation\\Console\\Kernel.php(196): Illuminate\\Foundation\\Console\\Kernel->bootstrap()
#7 C:\\Code\\TrustCash\\vendor\\laravel\\framework\\src\\Illuminate\\Foundation\\Application.php(1235): Illuminate\\Foundation\\Console\\Kernel->handle(Object(Symfony\\Component\\Console\\Input\\ArgvInput), Object(Symfony\\Component\\Console\\Output\\ConsoleOutput))
#8 C:\\Code\\TrustCash\\artisan(13): Illuminate\\Foundation\\Application->handleCommand(Object(Symfony\\Component\\Console\\Input\\ArgvInput))
#9 {main}
"} 
[2026-09-27 04:59:00] local.ERROR: rename(C:\Code\TrustCash\bootstrap\cache\ser693.tmp,C:\Code\TrustCash\bootstrap\cache/services.php): Access is denied (code: 5) {"exception":"[object] (ErrorException(code: 0): rename(C:\\Code\\TrustCash\\bootstrap\\cache\\ser693.tmp,C:\\Code\\TrustCash\\bootstrap\\cache/services.php): Access is denied (code: 5) at C:\\Code\\TrustCash\\vendor\\laravel\\framework\\src\\Illuminate\\Filesystem\\Filesystem.php:233)
[stacktrace]
#0 C:\\Code\\TrustCash\\vendor\\laravel\\framework\\src\\Illuminate\\Foundation\\Bootstrap\\HandleExceptions.php(256): Illuminate\\Foundation\\Bootstrap\\HandleExceptions->handleError(2, 'rename(C:\\\\Code\\\\...', 'C:\\\\Code\\\\TrustCa...', 233)
#1 [internal function]: Illuminate\\Foundation\\Bootstrap\\HandleExceptions->{closure:Illuminate\\Foundation\\Bootstrap\\HandleExceptions::forwardsTo():255}(2, 'rename(C:\\\\Code\\\\...', 'C:\\\\Code\\\\TrustCa...', 233)
#2 C:\\Code\\TrustCash\\vendor\\laravel\\framework\\src\\Illuminate\\Filesystem\\Filesystem.php(233): rename('C:\\\\Code\\\\TrustCa...', 'C:\\\\Code\\\\TrustCa...')
#3 C:\\Code\\TrustCash\\vendor\\laravel\\framework\\src\\Illuminate\\Foundation\\ProviderRepository.php(191): Illuminate\\Filesystem\\Filesystem->replace('C:\\\\Code\\\\TrustCa...', '<?php return ar...')
#4 C:\\Code\\TrustCash\\vendor\\laravel\\framework\\src\\Illuminate\\Foundation\\ProviderRepository.php(163): Illuminate\\Foundation\\ProviderRepository->writeManifest(Array)
#5 C:\\Code\\TrustCash\\vendor\\laravel\\framework\\src\\Illuminate\\Foundation\\ProviderRepository.php(61): Illuminate\\Foundation\\ProviderRepository->compileManifest(Array)
#6 C:\\Code\\TrustCash\\vendor\\laravel\\framework\\src\\Illuminate\\Foundation\\Application.php(871): Illuminate\\Foundation\\ProviderRepository->load(Array)
#7 C:\\Code\\TrustCash\\vendor\\laravel\\framework\\src\\Illuminate\\Foundation\\Bootstrap\\RegisterProviders.php(37): Illuminate\\Foundation\\Application->registerConfiguredProviders()
#8 C:\\Code\\TrustCash\\vendor\\laravel\\framework\\src\\Illuminate\\Foundation\\Application.php(342): Illuminate\\Foundation\\Bootstrap\\RegisterProviders->bootstrap(Object(Illuminate\\Foundation\\Application))
#9 C:\\Code\\TrustCash\\vendor\\laravel\\framework\\src\\Illuminate\\Foundation\\Console\\Kernel.php(474): Illuminate\\Foundation\\Application->bootstrapWith(Array)
#10 C:\\Code\\TrustCash\\vendor\\laravel\\framework\\src\\Illuminate\\Foundation\\Console\\Kernel.php(196): Illuminate\\Foundation\\Console\\Kernel->bootstrap()
#11 C:\\Code\\TrustCash\\vendor\\laravel\\framework\\src\\Illuminate\\Foundation\\Application.php(1235): Illuminate\\Foundation\\Console\\Kernel->handle(Object(Symfony\\Component\\Console\\Input\\ArgvInput), Object(Symfony\\Component\\Console\\Output\\ConsoleOutput))
#12 C:\\Code\\TrustCash\\artisan(13): Illuminate\\Foundation\\Application->handleCommand(Object(Symfony\\Component\\Console\\Input\\ArgvInput))
#13 {main}
"} 
[2026-09-27 06:20:56] local.ERROR: SQLSTATE[42S22]: Column not found: 1054 Unknown column 'business_name' in 'field list' (Connection: mysql, SQL: select `business_name` from `settings`) {"exception":"[object] (Illuminate\\Database\\QueryException(code: 42S22): SQLSTATE[42S22]: Column not found: 1054 Unknown column 'business_name' in 'field list' (Connection: mysql, SQL: select `business_name` from `settings`) at C:\\Code\\TrustCash\\vendor\\laravel\\framework\\src\\Illuminate\\Database\\Connection.php:825)
[stacktrace]
#0 C:\\Code\\TrustCash\\vendor\\laravel\\framework\\src\\Illuminate\\Database\\Connection.php(779): Illuminate\\Database\\Connection->runQueryCallback('select `busines...', Array, Object(Closure))
#1 C:\\Code\\TrustCash\\vendor\\laravel\\framework\\src\\Illuminate\\Database\\Connection.php(398): Illuminate\\Database\\Connection->run('select `busines...', Array, Object(Closure))
#2 C:\\Code\\TrustCash\\vendor\\laravel\\framework\\src\\Illuminate\\Database\\Query\\Builder.php(3106): Illuminate\\Database\\Connection->select('select `busines...', Array, true)
#3 C:\\Code\\TrustCash\\vendor\\laravel\\framework\\src\\Illuminate\\Database\\Query\\Builder.php(3091): Illuminate\\Database\\Query\\Builder->runSelect()
#4 C:\\Code\\TrustCash\\vendor\\laravel\\framework\\src\\Illuminate\\Database\\Query\\Builder.php(3676): Illuminate\\Database\\Query\\Builder->{closure:Illuminate\\Database\\Query\\Builder::get():3090}()
#5 C:\\Code\\TrustCash\\vendor\\laravel\\framework\\src\\Illuminate\\Database\\Query\\Builder.php(3090): Illuminate\\Database\\Query\\Builder->onceWithColumns(Array, Object(Closure))
#6 C:\\Code\\TrustCash\\vendor\\laravel\\framework\\src\\Illuminate\\Database\\Eloquent\\Builder.php(811): Illuminate\\Database\\Query\\Builder->get('business_name')
#7 C:\\Code\\TrustCash\\vendor\\laravel\\framework\\src\\Illuminate\\Database\\Eloquent\\Builder.php(793): Illuminate\\Database\\Eloquent\\Builder->getModels('business_name')
#8 C:\\Code\\TrustCash\\vendor\\laravel\\framework\\src\\Illuminate\\Support\\Traits\\ForwardsCalls.php(23): Illuminate\\Database\\Eloquent\\Builder->get('business_name', 'Mousumi Prokash...')
#9 C:\\Code\\TrustCash\\vendor\\laravel\\framework\\src\\Illuminate\\Database\\Eloquent\\Model.php(2372): Illuminate\\Database\\Eloquent\\Model->forwardCallTo(Object(Illuminate\\Database\\Eloquent\\Builder), 'get', Array)
#10 C:\\Code\\TrustCash\\vendor\\laravel\\framework\\src\\Illuminate\\Database\\Eloquent\\Model.php(2384): Illuminate\\Database\\Eloquent\\Model->__call('get', Array)
#11 C:\\Code\\TrustCash\\app\\Http\\Middleware\\HandleInertiaRequests.php(46): Illuminate\\Database\\Eloquent\\Model::__callStatic('get', Array)
#12 C:\\Code\\TrustCash\\vendor\\laravel\\framework\\src\\Illuminate\\Container\\BoundMethod.php(36): App\\Http\\Middleware\\HandleInertiaRequests->{closure:App\\Http\\Middleware\\HandleInertiaRequests::share():44}()
#13 C:\\Code\\TrustCash\\vendor\\laravel\\framework\\src\\Illuminate\\Container\\Util.php(43): Illuminate\\Container\\BoundMethod::{closure:Illuminate\\Container\\BoundMethod::call():35}()
#14 C:\\Code\\TrustCash\\vendor\\laravel\\framework\\src\\Illuminate\\Container\\BoundMethod.php(83): Illuminate\\Container\\Util::unwrapIfClosure(Object(Closure))
#15 C:\\Code\\TrustCash\\vendor\\laravel\\framework\\src\\Illuminate\\Container\\BoundMethod.php(35): Illuminate\\Container\\BoundMethod::callBoundMethod(Object(Illuminate\\Foundation\\Application), Object(Closure), Object(Closure))
#16 C:\\Code\\TrustCash\\vendor\\laravel\\framework\\src\\Illuminate\\Container\\Container.php(696): Illuminate\\Container\\BoundMethod::call(Object(Illuminate\\Foundation\\Application), Object(Closure), Array, NULL)
#17 C:\\Code\\TrustCash\\vendor\\laravel\\framework\\src\\Illuminate\\Support\\Facades\\Facade.php(361): Illuminate\\Container\\Container->call(Object(Closure))
#18 C:\\Code\\TrustCash\\vendor\\inertiajs\\inertia-laravel\\src\\Response.php(154): Illuminate\\Support\\Facades\\Facade::__callStatic('call', Array)
#19 C:\\Code\\TrustCash\\vendor\\inertiajs\\inertia-laravel\\src\\Response.php(91): Inertia\\Response->evaluateProps(Array, Object(Illuminate\\Http\\Request))
#20 C:\\Code\\TrustCash\\vendor\\laravel\\framework\\src\\Illuminate\\Routing\\Router.php(902): Inertia\\Response->toResponse(Object(Illuminate\\Http\\Request))
#21 C:\\Code\\TrustCash\\vendor\\laravel\\framework\\src\\Illuminate\\Routing\\Router.php(887): Illuminate\\Routing\\Router::toResponse(Object(Illuminate\\Http\\Request), Object(Inertia\\Response))
#22 C:\\Code\\TrustCash\\vendor\\laravel\\framework\\src\\Illuminate\\Routing\\Router.php(807): Illuminate\\Routing\\Router->prepareResponse(Object(Illuminate\\Http\\Request), Object(Inertia\\Response))
#23 C:\\Code\\TrustCash\\vendor\\laravel\\framework\\src\\Illuminate\\Pipeline\\Pipeline.php(170): Illuminate\\Routing\\Router->{closure:Illuminate\\Routing\\Router::runRouteWithinStack():807}(Object(Illuminate\\Http\\Request))
#24 C:\\Code\\TrustCash\\vendor\\laravel\\boost\\src\\Middleware\\InjectBoost.php(22): Illuminate\\Pipeline\\Pipeline->{closure:Illuminate\\Pipeline\\Pipeline::prepareDestination():168}(Object(Illuminate\\Http\\Request))
#25 C:\\Code\\TrustCash\\vendor\\laravel\\framework\\src\\Illuminate\\Pipeline\\Pipeline.php(209): Laravel\\Boost\\Middleware\\InjectBoost->handle(Object(Illuminate\\Http\\Request), Object(Closure))
#26 C:\\Code\\TrustCash\\vendor\\laravel\\framework\\src\\Illuminate\\Http\\Middleware\\AddLinkHeadersForPreloadedAssets.php(20): Illuminate\\Pipeline\\Pipeline->{closure:{closure:Illuminate\\Pipeline\\Pipeline::carry():184}:185}(Object(Illuminate\\Http\\Request))
#27 C:\\Code\\TrustCash\\vendor\\laravel\\framework\\src\\Illuminate\\Pipeline\\Pipeline.php(209): Illuminate\\Http\\Middleware\\AddLinkHeadersForPreloadedAssets->handle(Object(Illuminate\\Http\\Request), Object(Closure))
#28 C:\\Code\\TrustCash\\vendor\\inertiajs\\inertia-laravel\\src\\Middleware.php(86): Illuminate\\Pipeline\\Pipeline->{closure:{closure:Illuminate\\Pipeline\\Pipeline::carry():184}:185}(Object(Illuminate\\Http\\Request))
#29 C:\\Code\\TrustCash\\vendor\\laravel\\framework\\src\\Illuminate\\Pipeline\\Pipeline.php(209): Inertia\\Middleware->handle(Object(Illuminate\\Http\\Request), Object(Closure))
#30 C:\\Code\\TrustCash\\vendor\\laravel\\framework\\src\\Illuminate\\Routing\\Middleware\\SubstituteBindings.php(51): Illuminate\\Pipeline\\Pipeline->{closure:{closure:Illuminate\\Pipeline\\Pipeline::carry():184}:185}(Object(Illuminate\\Http\\Request))
#31 C:\\Code\\TrustCash\\vendor\\laravel\\framework\\src\\Illuminate\\Pipeline\\Pipeline.php(209): Illuminate\\Routing\\Middleware\\SubstituteBindings->handle(Object(Illuminate\\Http\\Request), Object(Closure))
#32 C:\\Code\\TrustCash\\vendor\\laravel\\framework\\src\\Illuminate\\Foundation\\Http\\Middleware\\VerifyCsrfToken.php(88): Illuminate\\Pipeline\\Pipeline->{closure:{closure:Illuminate\\Pipeline\\Pipeline::carry():184}:185}(Object(Illuminate\\Http\\Request))
#33 C:\\Code\\TrustCash\\vendor\\laravel\\framework\\src\\Illuminate\\Pipeline\\Pipeline.php(209): Illuminate\\Foundation\\Http\\Middleware\\VerifyCsrfToken->handle(Object(Illuminate\\Http\\Request), Object(Closure))
#34 C:\\Code\\TrustCash\\vendor\\laravel\\framework\\src\\Illuminate\\View\\Middleware\\ShareErrorsFromSession.php(49): Illuminate\\Pipeline\\Pipeline->{closure:{closure:Illuminate\\Pipeline\\Pipeline::carry():184}:185}(Object(Illuminate\\Http\\Request))
#35 C:\\Code\\TrustCash\\vendor\\laravel\\framework\\src\\Illuminate\\Pipeline\\Pipeline.php(209): Illuminate\\View\\Middleware\\ShareErrorsFromSession->handle(Object(Illuminate\\Http\\Request), Object(Closure))
#36 C:\\Code\\TrustCash\\vendor\\laravel\\framework\\src\\Illuminate\\Session\\Middleware\\StartSession.php(121): Illuminate\\Pipeline\\Pipeline->{closure:{closure:Illuminate\\Pipeline\\Pipeline::carry():184}:185}(Object(Illuminate\\Http\\Request))
#37 C:\\Code\\TrustCash\\vendor\\laravel\\framework\\src\\Illuminate\\Session\\Middleware\\StartSession.php(64): Illuminate\\Session\\Middleware\\StartSession->handleStatefulRequest(Object(Illuminate\\Http\\Request), Object(Illuminate\\Session\\Store), Object(Closure))
#38 C:\\Code\\TrustCash\\vendor\\laravel\\framework\\src\\Illuminate\\Pipeline\\Pipeline.php(209): Illuminate\\Session\\Middleware\\StartSession->handle(Object(Illuminate\\Http\\Request), Object(Closure))
#39 C:\\Code\\TrustCash\\vendor\\laravel\\framework\\src\\Illuminate\\Cookie\\Middleware\\AddQueuedCookiesToResponse.php(37): Illuminate\\Pipeline\\Pipeline->{closure:{closure:Illuminate\\Pipeline\\Pipeline::carry():184}:185}(Object(Illuminate\\Http\\Request))
#40 C:\\Code\\TrustCash\\vendor\\laravel\\framework\\src\\Illuminate\\Pipeline\\Pipeline.php(209): Illuminate\\Cookie\\Middleware\\AddQueuedCookiesToResponse->handle(Object(Illuminate\\Http\\Request), Object(Closure))
#41 C:\\Code\\TrustCash\\vendor\\laravel\\framework\\src\\Illuminate\\Cookie\\Middleware\\EncryptCookies.php(75): Illuminate\\Pipeline\\Pipeline->{closure:{closure:Illuminate\\Pipeline\\Pipeline::carry():184}:185}(Object(Illuminate\\Http\\Request))
#42 C:\\Code\\TrustCash\\vendor\\laravel\\framework\\src\\Illuminate\\Pipeline\\Pipeline.php(209): Illuminate\\Cookie\\Middleware\\EncryptCookies->handle(Object(Illuminate\\Http\\Request), Object(Closure))
#43 C:\\Code\\TrustCash\\vendor\\laravel\\framework\\src\\Illuminate\\Pipeline\\Pipeline.php(127): Illuminate\\Pipeline\\Pipeline->{closure:{closure:Illuminate\\Pipeline\\Pipeline::carry():184}:185}(Object(Illuminate\\Http\\Request))
#44 C:\\Code\\TrustCash\\vendor\\laravel\\framework\\src\\Illuminate\\Routing\\Router.php(807): Illuminate\\Pipeline\\Pipeline->then(Object(Closure))
#45 C:\\Code\\TrustCash\\vendor\\laravel\\framework\\src\\Illuminate\\Routing\\Router.php(786): Illuminate\\Routing\\Router->runRouteWithinStack(Object(Illuminate\\Routing\\Route), Object(Illuminate\\Http\\Request))
#46 C:\\Code\\TrustCash\\vendor\\laravel\\framework\\src\\Illuminate\\Routing\\Router.php(750): Illuminate\\Routing\\Router->runRoute(Object(Illuminate\\Http\\Request), Object(Illuminate\\Routing\\Route))
#47 C:\\Code\\TrustCash\\vendor\\laravel\\framework\\src\\Illuminate\\Routing\\Router.php(739): Illuminate\\Routing\\Router->dispatchToRoute(Object(Illuminate\\Http\\Request))
#48 C:\\Code\\TrustCash\\vendor\\laravel\\framework\\src\\Illuminate\\Foundation\\Http\\Kernel.php(201): Illuminate\\Routing\\Router->dispatch(Object(Illuminate\\Http\\Request))
#49 C:\\Code\\TrustCash\\vendor\\laravel\\framework\\src\\Illuminate\\Pipeline\\Pipeline.php(170): Illuminate\\Foundation\\Http\\Kernel->{closure:Illuminate\\Foundation\\Http\\Kernel::dispatchToRouter():198}(Object(Illuminate\\Http\\Request))
#50 C:\\Code\\TrustCash\\vendor\\laravel\\framework\\src\\Illuminate\\Foundation\\Http\\Middleware\\TransformsRequest.php(21): Illuminate\\Pipeline\\Pipeline->{closure:Illuminate\\Pipeline\\Pipeline::prepareDestination():168}(Object(Illuminate\\Http\\Request))
#51 C:\\Code\\TrustCash\\vendor\\laravel\\framework\\src\\Illuminate\\Foundation\\Http\\Middleware\\ConvertEmptyStringsToNull.php(31): Illuminate\\Foundation\\Http\\Middleware\\TransformsRequest->handle(Object(Illuminate\\Http\\Request), Object(Closure))
#52 C:\\Code\\TrustCash\\vendor\\laravel\\framework\\src\\Illuminate\\Pipeline\\Pipeline.php(209): Illuminate\\Foundation\\Http\\Middleware\\ConvertEmptyStringsToNull->handle(Object(Illuminate\\Http\\Request), Object(Closure))
#53 C:\\Code\\TrustCash\\vendor\\laravel\\framework\\src\\Illuminate\\Foundation\\Http\\Middleware\\TransformsRequest.php(21): Illuminate\\Pipeline\\Pipeline->{closure:{closure:Illuminate\\Pipeline\\Pipeline::carry():184}:185}(Object(Illuminate\\Http\\Request))
#54 C:\\Code\\TrustCash\\vendor\\laravel\\framework\\src\\Illuminate\\Foundation\\Http\\Middleware\\TrimStrings.php(51): Illuminate\\Foundation\\Http\\Middleware\\TransformsRequest->handle(Object(Illuminate\\Http\\Request), Object(Closure))
#55 C:\\Code\\TrustCash\\vendor\\laravel\\framework\\src\\Illuminate\\Pipeline\\Pipeline.php(209): Illuminate\\Foundation\\Http\\Middleware\\TrimStrings->handle(Object(Illuminate\\Http\\Request), Object(Closure))
#56 C:\\Code\\TrustCash\\vendor\\laravel\\framework\\src\\Illuminate\\Http\\Middleware\\ValidatePostSize.php(27): Illuminate\\Pipeline\\Pipeline->{closure:{closure:Illuminate\\Pipeline\\Pipeline::carry():184}:185}(Object(Illuminate\\Http\\Request))
#57 C:\\Code\\TrustCash\\vendor\\laravel\\framework\\src\\Illuminate\\Pipeline\\Pipeline.php(209): Illuminate\\Http\\Middleware\\ValidatePostSize->handle(Object(Illuminate\\Http\\Request), Object(Closure))
#58 C:\\Code\\TrustCash\\vendor\\laravel\\framework\\src\\Illuminate\\Foundation\\Http\\Middleware\\PreventRequestsDuringMaintenance.php(110): Illuminate\\Pipeline\\Pipeline->{closure:{closure:Illuminate\\Pipeline\\Pipeline::carry():184}:185}(Object(Illuminate\\Http\\Request))
#59 C:\\Code\\TrustCash\\vendor\\laravel\\framework\\src\\Illuminate\\Pipeline\\Pipeline.php(209): Illuminate\\Foundation\\Http\\Middleware\\PreventRequestsDuringMaintenance->handle(Object(Illuminate\\Http\\Request), Object(Closure))
#60 C:\\Code\\TrustCash\\vendor\\laravel\\framework\\src\\Illuminate\\Http\\Middleware\\HandleCors.php(49): Illuminate\\Pipeline\\Pipeline->{closure:{closure:Illuminate\\Pipeline\\Pipeline::carry():184}:185}(Object(Illuminate\\Http\\Request))
#61 C:\\Code\\TrustCash\\vendor\\laravel\\framework\\src\\Illuminate\\Pipeline\\Pipeline.php(209): Illuminate\\Http\\Middleware\\HandleCors->handle(Object(Illuminate\\Http\\Request), Object(Closure))
#62 C:\\Code\\TrustCash\\vendor\\laravel\\framework\\src\\Illuminate\\Http\\Middleware\\TrustProxies.php(58): Illuminate\\Pipeline\\Pipeline->{closure:{closure:Illuminate\\Pipeline\\Pipeline::carry():184}:185}(Object(Illuminate\\Http\\Request))
#63 C:\\Code\\TrustCash\\vendor\\laravel\\framework\\src\\Illuminate\\Pipeline\\Pipeline.php(209): Illuminate\\Http\\Middleware\\TrustProxies->handle(Object(Illuminate\\Http\\Request), Object(Closure))
#64 C:\\Code\\TrustCash\\vendor\\laravel\\framework\\src\\Illuminate\\Foundation\\Http\\Middleware\\InvokeDeferredCallbacks.php(22): Illuminate\\Pipeline\\Pipeline->{closure:{closure:Illuminate\\Pipeline\\Pipeline::carry():184}:185}(Object(Illuminate\\Http\\Request))
#65 C:\\Code\\TrustCash\\vendor\\laravel\\framework\\src\\Illuminate\\Pipeline\\Pipeline.php(209): Illuminate\\Foundation\\Http\\Middleware\\InvokeDeferredCallbacks->handle(Object(Illuminate\\Http\\Request), Object(Closure))
#66 C:\\Code\\TrustCash\\vendor\\laravel\\framework\\src\\Illuminate\\Pipeline\\Pipeline.php(127): Illuminate\\Pipeline\\Pipeline->{closure:{closure:Illuminate\\Pipeline\\Pipeline::carry():184}:185}(Object(Illuminate\\Http\\Request))
#67 C:\\Code\\TrustCash\\vendor\\laravel\\framework\\src\\Illuminate\\Foundation\\Http\\Kernel.php(176): Illuminate\\Pipeline\\Pipeline->then(Object(Closure))
#68 C:\\Code\\TrustCash\\vendor\\laravel\\framework\\src\\Illuminate\\Foundation\\Http\\Kernel.php(145): Illuminate\\Foundation\\Http\\Kernel->sendRequestThroughRouter(Object(Illuminate\\Http\\Request))
#69 C:\\Code\\TrustCash\\vendor\\laravel\\framework\\src\\Illuminate\\Foundation\\Application.php(1220): Illuminate\\Foundation\\Http\\Kernel->handle(Object(Illuminate\\Http\\Request))
#70 C:\\Code\\TrustCash\\public\\index.php(17): Illuminate\\Foundation\\Application->handleRequest(Object(Illuminate\\Http\\Request))
#71 C:\\Code\\TrustCash\\vendor\\laravel\\framework\\src\\Illuminate\\Foundation\\resources\\server.php(23): require_once('C:\\\\Code\\\\TrustCa...')
#72 {main}

[previous exception] [object] (PDOException(code: 42S22): SQLSTATE[42S22]: Column not found: 1054 Unknown column 'business_name' in 'field list' at C:\\Code\\TrustCash\\vendor\\laravel\\framework\\src\\Illuminate\\Database\\Connection.php:407)
[stacktrace]
#0 C:\\Code\\TrustCash\\vendor\\laravel\\framework\\src\\Illuminate\\Database\\Connection.php(407): PDO->prepare('select `busines...')
#1 C:\\Code\\TrustCash\\vendor\\laravel\\framework\\src\\Illuminate\\Database\\Connection.php(812): Illuminate\\Database\\Connection->{closure:Illuminate\\Database\\Connection::select():398}('select `busines...', Array)
#2 C:\\Code\\TrustCash\\vendor\\laravel\\framework\\src\\Illuminate\\Database\\Connection.php(779): Illuminate\\Database\\Connection->runQueryCallback('select `busines...', Array, Object(Closure))
#3 C:\\Code\\TrustCash\\vendor\\laravel\\framework\\src\\Illuminate\\Database\\Connection.php(398): Illuminate\\Database\\Connection->run('select `busines...', Array, Object(Closure))
#4 C:\\Code\\TrustCash\\vendor\\laravel\\framework\\src\\Illuminate\\Database\\Query\\Builder.php(3106): Illuminate\\Database\\Connection->select('select `busines...', Array, true)
#5 C:\\Code\\TrustCash\\vendor\\laravel\\framework\\src\\Illuminate\\Database\\Query\\Builder.php(3091): Illuminate\\Database\\Query\\Builder->runSelect()
#6 C:\\Code\\TrustCash\\vendor\\laravel\\framework\\src\\Illuminate\\Database\\Query\\Builder.php(3676): Illuminate\\Database\\Query\\Builder->{closure:Illuminate\\Database\\Query\\Builder::get():3090}()
#7 C:\\Code\\TrustCash\\vendor\\laravel\\framework\\src\\Illuminate\\Database\\Query\\Builder.php(3090): Illuminate\\Database\\Query\\Builder->onceWithColumns(Array, Object(Closure))
#8 C:\\Code\\TrustCash\\vendor\\laravel\\framework\\src\\Illuminate\\Database\\Eloquent\\Builder.php(811): Illuminate\\Database\\Query\\Builder->get('business_name')
#9 C:\\Code\\TrustCash\\vendor\\laravel\\framework\\src\\Illuminate\\Database\\Eloquent\\Builder.php(793): Illuminate\\Database\\Eloquent\\Builder->getModels('business_name')
#10 C:\\Code\\TrustCash\\vendor\\laravel\\framework\\src\\Illuminate\\Support\\Traits\\ForwardsCalls.php(23): Illuminate\\Database\\Eloquent\\Builder->get('business_name', 'Mousumi Prokash...')
#11 C:\\Code\\TrustCash\\vendor\\laravel\\framework\\src\\Illuminate\\Database\\Eloquent\\Model.php(2372): Illuminate\\Database\\Eloquent\\Model->forwardCallTo(Object(Illuminate\\Database\\Eloquent\\Builder), 'get', Array)
#12 C:\\Code\\TrustCash\\vendor\\laravel\\framework\\src\\Illuminate\\Database\\Eloquent\\Model.php(2384): Illuminate\\Database\\Eloquent\\Model->__call('get', Array)
#13 C:\\Code\\TrustCash\\app\\Http\\Middleware\\HandleInertiaRequests.php(46): Illuminate\\Database\\Eloquent\\Model::__callStatic('get', Array)
#14 C:\\Code\\TrustCash\\vendor\\laravel\\framework\\src\\Illuminate\\Container\\BoundMethod.php(36): App\\Http\\Middleware\\HandleInertiaRequests->{closure:App\\Http\\Middleware\\HandleInertiaRequests::share():44}()
#15 C:\\Code\\TrustCash\\vendor\\laravel\\framework\\src\\Illuminate\\Container\\Util.php(43): Illuminate\\Container\\BoundMethod::{closure:Illuminate\\Container\\BoundMethod::call():35}()
#16 C:\\Code\\TrustCash\\vendor\\laravel\\framework\\src\\Illuminate\\Container\\BoundMethod.php(83): Illuminate\\Container\\Util::unwrapIfClosure(Object(Closure))
#17 C:\\Code\\TrustCash\\vendor\\laravel\\framework\\src\\Illuminate\\Container\\BoundMethod.php(35): Illuminate\\Container\\BoundMethod::callBoundMethod(Object(Illuminate\\Foundation\\Application), Object(Closure), Object(Closure))
#18 C:\\Code\\TrustCash\\vendor\\laravel\\framework\\src\\Illuminate\\Container\\Container.php(696): Illuminate\\Container\\BoundMethod::call(Object(Illuminate\\Foundation\\Application), Object(Closure), Array, NULL)
#19 C:\\Code\\TrustCash\\vendor\\laravel\\framework\\src\\Illuminate\\Support\\Facades\\Facade.php(361): Illuminate\\Container\\Container->call(Object(Closure))
#20 C:\\Code\\TrustCash\\vendor\\inertiajs\\inertia-laravel\\src\\Response.php(154): Illuminate\\Support\\Facades\\Facade::__callStatic('call', Array)
#21 C:\\Code\\TrustCash\\vendor\\inertiajs\\inertia-laravel\\src\\Response.php(91): Inertia\\Response->evaluateProps(Array, Object(Illuminate\\Http\\Request))
#22 C:\\Code\\TrustCash\\vendor\\laravel\\framework\\src\\Illuminate\\Routing\\Router.php(902): Inertia\\Response->toResponse(Object(Illuminate\\Http\\Request))
#23 C:\\Code\\TrustCash\\vendor\\laravel\\framework\\src\\Illuminate\\Routing\\Router.php(887): Illuminate\\Routing\\Router::toResponse(Object(Illuminate\\Http\\Request), Object(Inertia\\Response))
#24 C:\\Code\\TrustCash\\vendor\\laravel\\framework\\src\\Illuminate\\Routing\\Router.php(807): Illuminate\\Routing\\Router->prepareResponse(Object(Illuminate\\Http\\Request), Object(Inertia\\Response))
#25 C:\\Code\\TrustCash\\vendor\\laravel\\framework\\src\\Illuminate\\Pipeline\\Pipeline.php(170): Illuminate\\Routing\\Router->{closure:Illuminate\\Routing\\Router::runRouteWithinStack():807}(Object(Illuminate\\Http\\Request))
#26 C:\\Code\\TrustCash\\vendor\\laravel\\boost\\src\\Middleware\\InjectBoost.php(22): Illuminate\\Pipeline\\Pipeline->{closure:Illuminate\\Pipeline\\Pipeline::prepareDestination():168}(Object(Illuminate\\Http\\Request))
#27 C:\\Code\\TrustCash\\vendor\\laravel\\framework\\src\\Illuminate\\Pipeline\\Pipeline.php(209): Laravel\\Boost\\Middleware\\InjectBoost->handle(Object(Illuminate\\Http\\Request), Object(Closure))
#28 C:\\Code\\TrustCash\\vendor\\laravel\\framework\\src\\Illuminate\\Http\\Middleware\\AddLinkHeadersForPreloadedAssets.php(20): Illuminate\\Pipeline\\Pipeline->{closure:{closure:Illuminate\\Pipeline\\Pipeline::carry():184}:185}(Object(Illuminate\\Http\\Request))
#29 C:\\Code\\TrustCash\\vendor\\laravel\\framework\\src\\Illuminate\\Pipeline\\Pipeline.php(209): Illuminate\\Http\\Middleware\\AddLinkHeadersForPreloadedAssets->handle(Object(Illuminate\\Http\\Request), Object(Closure))
#30 C:\\Code\\TrustCash\\vendor\\inertiajs\\inertia-laravel\\src\\Middleware.php(86): Illuminate\\Pipeline\\Pipeline->{closure:{closure:Illuminate\\Pipeline\\Pipeline::carry():184}:185}(Object(Illuminate\\Http\\Request))
#31 C:\\Code\\TrustCash\\vendor\\laravel\\framework\\src\\Illuminate\\Pipeline\\Pipeline.php(209): Inertia\\Middleware->handle(Object(Illuminate\\Http\\Request), Object(Closure))
#32 C:\\Code\\TrustCash\\vendor\\laravel\\framework\\src\\Illuminate\\Routing\\Middleware\\SubstituteBindings.php(51): Illuminate\\Pipeline\\Pipeline->{closure:{closure:Illuminate\\Pipeline\\Pipeline::carry():184}:185}(Object(Illuminate\\Http\\Request))
#33 C:\\Code\\TrustCash\\vendor\\laravel\\framework\\src\\Illuminate\\Pipeline\\Pipeline.php(209): Illuminate\\Routing\\Middleware\\SubstituteBindings->handle(Object(Illuminate\\Http\\Request), Object(Closure))
#34 C:\\Code\\TrustCash\\vendor\\laravel\\framework\\src\\Illuminate\\Foundation\\Http\\Middleware\\VerifyCsrfToken.php(88): Illuminate\\Pipeline\\Pipeline->{closure:{closure:Illuminate\\Pipeline\\Pipeline::carry():184}:185}(Object(Illuminate\\Http\\Request))
#35 C:\\Code\\TrustCash\\vendor\\laravel\\framework\\src\\Illuminate\\Pipeline\\Pipeline.php(209): Illuminate\\Foundation\\Http\\Middleware\\VerifyCsrfToken->handle(Object(Illuminate\\Http\\Request), Object(Closure))
#36 C:\\Code\\TrustCash\\vendor\\laravel\\framework\\src\\Illuminate\\View\\Middleware\\ShareErrorsFromSession.php(49): Illuminate\\Pipeline\\Pipeline->{closure:{closure:Illuminate\\Pipeline\\Pipeline::carry():184}:185}(Object(Illuminate\\Http\\Request))
#37 C:\\Code\\TrustCash\\vendor\\laravel\\framework\\src\\Illuminate\\Pipeline\\Pipeline.php(209): Illuminate\\View\\Middleware\\ShareErrorsFromSession->handle(Object(Illuminate\\Http\\Request), Object(Closure))
#38 C:\\Code\\TrustCash\\vendor\\laravel\\framework\\src\\Illuminate\\Session\\Middleware\\StartSession.php(121): Illuminate\\Pipeline\\Pipeline->{closure:{closure:Illuminate\\Pipeline\\Pipeline::carry():184}:185}(Object(Illuminate\\Http\\Request))
#39 C:\\Code\\TrustCash\\vendor\\laravel\\framework\\src\\Illuminate\\Session\\Middleware\\StartSession.php(64): Illuminate\\Session\\Middleware\\StartSession->handleStatefulRequest(Object(Illuminate\\Http\\Request), Object(Illuminate\\Session\\Store), Object(Closure))
#40 C:\\Code\\TrustCash\\vendor\\laravel\\framework\\src\\Illuminate\\Pipeline\\Pipeline.php(209): Illuminate\\Session\\Middleware\\StartSession->handle(Object(Illuminate\\Http\\Request), Object(Closure))
#41 C:\\Code\\TrustCash\\vendor\\laravel\\framework\\src\\Illuminate\\Cookie\\Middleware\\AddQueuedCookiesToResponse.php(37): Illuminate\\Pipeline\\Pipeline->{closure:{closure:Illuminate\\Pipeline\\Pipeline::carry():184}:185}(Object(Illuminate\\Http\\Request))
#42 C:\\Code\\TrustCash\\vendor\\laravel\\framework\\src\\Illuminate\\Pipeline\\Pipeline.php(209): Illuminate\\Cookie\\Middleware\\AddQueuedCookiesToResponse->handle(Object(Illuminate\\Http\\Request), Object(Closure))
#43 C:\\Code\\TrustCash\\vendor\\laravel\\framework\\src\\Illuminate\\Cookie\\Middleware\\EncryptCookies.php(75): Illuminate\\Pipeline\\Pipeline->{closure:{closure:Illuminate\\Pipeline\\Pipeline::carry():184}:185}(Object(Illuminate\\Http\\Request))
#44 C:\\Code\\TrustCash\\vendor\\laravel\\framework\\src\\Illuminate\\Pipeline\\Pipeline.php(209): Illuminate\\Cookie\\Middleware\\EncryptCookies->handle(Object(Illuminate\\Http\\Request), Object(Closure))
#45 C:\\Code\\TrustCash\\vendor\\laravel\\framework\\src\\Illuminate\\Pipeline\\Pipeline.php(127): Illuminate\\Pipeline\\Pipeline->{closure:{closure:Illuminate\\Pipeline\\Pipeline::carry():184}:185}(Object(Illuminate\\Http\\Request))
#46 C:\\Code\\TrustCash\\vendor\\laravel\\framework\\src\\Illuminate\\Routing\\Router.php(807): Illuminate\\Pipeline\\Pipeline->then(Object(Closure))
#47 C:\\Code\\TrustCash\\vendor\\laravel\\framework\\src\\Illuminate\\Routing\\Router.php(786): Illuminate\\Routing\\Router->runRouteWithinStack(Object(Illuminate\\Routing\\Route), Object(Illuminate\\Http\\Request))
#48 C:\\Code\\TrustCash\\vendor\\laravel\\framework\\src\\Illuminate\\Routing\\Router.php(750): Illuminate\\Routing\\Router->runRoute(Object(Illuminate\\Http\\Request), Object(Illuminate\\Routing\\Route))
#49 C:\\Code\\TrustCash\\vendor\\laravel\\framework\\src\\Illuminate\\Routing\\Router.php(739): Illuminate\\Routing\\Router->dispatchToRoute(Object(Illuminate\\Http\\Request))
#50 C:\\Code\\TrustCash\\vendor\\laravel\\framework\\src\\Illuminate\\Foundation\\Http\\Kernel.php(201): Illuminate\\Routing\\Router->dispatch(Object(Illuminate\\Http\\Request))
#51 C:\\Code\\TrustCash\\vendor\\laravel\\framework\\src\\Illuminate\\Pipeline\\Pipeline.php(170): Illuminate\\Foundation\\Http\\Kernel->{closure:Illuminate\\Foundation\\Http\\Kernel::dispatchToRouter():198}(Object(Illuminate\\Http\\Request))
#52 C:\\Code\\TrustCash\\vendor\\laravel\\framework\\src\\Illuminate\\Foundation\\Http\\Middleware\\TransformsRequest.php(21): Illuminate\\Pipeline\\Pipeline->{closure:Illuminate\\Pipeline\\Pipeline::prepareDestination():168}(Object(Illuminate\\Http\\Request))
#53 C:\\Code\\TrustCash\\vendor\\laravel\\framework\\src\\Illuminate\\Foundation\\Http\\Middleware\\ConvertEmptyStringsToNull.php(31): Illuminate\\Foundation\\Http\\Middleware\\TransformsRequest->handle(Object(Illuminate\\Http\\Request), Object(Closure))
#54 C:\\Code\\TrustCash\\vendor\\laravel\\framework\\src\\Illuminate\\Pipeline\\Pipeline.php(209): Illuminate\\Foundation\\Http\\Middleware\\ConvertEmptyStringsToNull->handle(Object(Illuminate\\Http\\Request), Object(Closure))
#55 C:\\Code\\TrustCash\\vendor\\laravel\\framework\\src\\Illuminate\\Foundation\\Http\\Middleware\\TransformsRequest.php(21): Illuminate\\Pipeline\\Pipeline->{closure:{closure:Illuminate\\Pipeline\\Pipeline::carry():184}:185}(Object(Illuminate\\Http\\Request))
#56 C:\\Code\\TrustCash\\vendor\\laravel\\framework\\src\\Illuminate\\Foundation\\Http\\Middleware\\TrimStrings.php(51): Illuminate\\Foundation\\Http\\Middleware\\TransformsRequest->handle(Object(Illuminate\\Http\\Request), Object(Closure))
#57 C:\\Code\\TrustCash\\vendor\\laravel\\framework\\src\\Illuminate\\Pipeline\\Pipeline.php(209): Illuminate\\Foundation\\Http\\Middleware\\TrimStrings->handle(Object(Illuminate\\Http\\Request), Object(Closure))
#58 C:\\Code\\TrustCash\\vendor\\laravel\\framework\\src\\Illuminate\\Http\\Middleware\\ValidatePostSize.php(27): Illuminate\\Pipeline\\Pipeline->{closure:{closure:Illuminate\\Pipeline\\Pipeline::carry():184}:185}(Object(Illuminate\\Http\\Request))
#59 C:\\Code\\TrustCash\\vendor\\laravel\\framework\\src\\Illuminate\\Pipeline\\Pipeline.php(209): Illuminate\\Http\\Middleware\\ValidatePostSize->handle(Object(Illuminate\\Http\\Request), Object(Closure))
#60 C:\\Code\\TrustCash\\vendor\\laravel\\framework\\src\\Illuminate\\Foundation\\Http\\Middleware\\PreventRequestsDuringMaintenance.php(110): Illuminate\\Pipeline\\Pipeline->{closure:{closure:Illuminate\\Pipeline\\Pipeline::carry():184}:185}(Object(Illuminate\\Http\\Request))
#61 C:\\Code\\TrustCash\\vendor\\laravel\\framework\\src\\Illuminate\\Pipeline\\Pipeline.php(209): Illuminate\\Foundation\\Http\\Middleware\\PreventRequestsDuringMaintenance->handle(Object(Illuminate\\Http\\Request), Object(Closure))
#62 C:\\Code\\TrustCash\\vendor\\laravel\\framework\\src\\Illuminate\\Http\\Middleware\\HandleCors.php(49): Illuminate\\Pipeline\\Pipeline->{closure:{closure:Illuminate\\Pipeline\\Pipeline::carry():184}:185}(Object(Illuminate\\Http\\Request))
#63 C:\\Code\\TrustCash\\vendor\\laravel\\framework\\src\\Illuminate\\Pipeline\\Pipeline.php(209): Illuminate\\Http\\Middleware\\HandleCors->handle(Object(Illuminate\\Http\\Request), Object(Closure))
#64 C:\\Code\\TrustCash\\vendor\\laravel\\framework\\src\\Illuminate\\Http\\Middleware\\TrustProxies.php(58): Illuminate\\Pipeline\\Pipeline->{closure:{closure:Illuminate\\Pipeline\\Pipeline::carry():184}:185}(Object(Illuminate\\Http\\Request))
#65 C:\\Code\\TrustCash\\vendor\\laravel\\framework\\src\\Illuminate\\Pipeline\\Pipeline.php(209): Illuminate\\Http\\Middleware\\TrustProxies->handle(Object(Illuminate\\Http\\Request), Object(Closure))
#66 C:\\Code\\TrustCash\\vendor\\laravel\\framework\\src\\Illuminate\\Foundation\\Http\\Middleware\\InvokeDeferredCallbacks.php(22): Illuminate\\Pipeline\\Pipeline->{closure:{closure:Illuminate\\Pipeline\\Pipeline::carry():184}:185}(Object(Illuminate\\Http\\Request))
#67 C:\\Code\\TrustCash\\vendor\\laravel\\framework\\src\\Illuminate\\Pipeline\\Pipeline.php(209): Illuminate\\Foundation\\Http\\Middleware\\InvokeDeferredCallbacks->handle(Object(Illuminate\\Http\\Request), Object(Closure))
#68 C:\\Code\\TrustCash\\vendor\\laravel\\framework\\src\\Illuminate\\Pipeline\\Pipeline.php(127): Illuminate\\Pipeline\\Pipeline->{closure:{closure:Illuminate\\Pipeline\\Pipeline::carry():184}:185}(Object(Illuminate\\Http\\Request))
#69 C:\\Code\\TrustCash\\vendor\\laravel\\framework\\src\\Illuminate\\Foundation\\Http\\Kernel.php(176): Illuminate\\Pipeline\\Pipeline->then(Object(Closure))
#70 C:\\Code\\TrustCash\\vendor\\laravel\\framework\\src\\Illuminate\\Foundation\\Http\\Kernel.php(145): Illuminate\\Foundation\\Http\\Kernel->sendRequestThroughRouter(Object(Illuminate\\Http\\Request))
#71 C:\\Code\\TrustCash\\vendor\\laravel\\framework\\src\\Illuminate\\Foundation\\Application.php(1220): Illuminate\\Foundation\\Http\\Kernel->handle(Object(Illuminate\\Http\\Request))
#72 C:\\Code\\TrustCash\\public\\index.php(17): Illuminate\\Foundation\\Application->handleRequest(Object(Illuminate\\Http\\Request))
#73 C:\\Code\\TrustCash\\vendor\\laravel\\framework\\src\\Illuminate\\Foundation\\resources\\server.php(23): require_once('C:\\\\Code\\\\TrustCa...')
#74 {main}
"} 
[2026-09-27 06:22:20] local.ERROR: SQLSTATE[42S22]: Column not found: 1054 Unknown column 'business_name' in 'field list' (Connection: mysql, SQL: select `business_name` from `settings`) {"exception":"[object] (Illuminate\\Database\\QueryException(code: 42S22): SQLSTATE[42S22]: Column not found: 1054 Unknown column 'business_name' in 'field list' (Connection: mysql, SQL: select `business_name` from `settings`) at C:\\Code\\TrustCash\\vendor\\laravel\\framework\\src\\Illuminate\\Database\\Connection.php:825)
[stacktrace]
#0 C:\\Code\\TrustCash\\vendor\\laravel\\framework\\src\\Illuminate\\Database\\Connection.php(779): Illuminate\\Database\\Connection->runQueryCallback('select `busines...', Array, Object(Closure))
#1 C:\\Code\\TrustCash\\vendor\\laravel\\framework\\src\\Illuminate\\Database\\Connection.php(398): Illuminate\\Database\\Connection->run('select `busines...', Array, Object(Closure))
#2 C:\\Code\\TrustCash\\vendor\\laravel\\framework\\src\\Illuminate\\Database\\Query\\Builder.php(3106): Illuminate\\Database\\Connection->select('select `busines...', Array, true)
#3 C:\\Code\\TrustCash\\vendor\\laravel\\framework\\src\\Illuminate\\Database\\Query\\Builder.php(3091): Illuminate\\Database\\Query\\Builder->runSelect()
#4 C:\\Code\\TrustCash\\vendor\\laravel\\framework\\src\\Illuminate\\Database\\Query\\Builder.php(3676): Illuminate\\Database\\Query\\Builder->{closure:Illuminate\\Database\\Query\\Builder::get():3090}()
#5 C:\\Code\\TrustCash\\vendor\\laravel\\framework\\src\\Illuminate\\Database\\Query\\Builder.php(3090): Illuminate\\Database\\Query\\Builder->onceWithColumns(Array, Object(Closure))
#6 C:\\Code\\TrustCash\\vendor\\laravel\\framework\\src\\Illuminate\\Database\\Eloquent\\Builder.php(811): Illuminate\\Database\\Query\\Builder->get('business_name')
#7 C:\\Code\\TrustCash\\vendor\\laravel\\framework\\src\\Illuminate\\Database\\Eloquent\\Builder.php(793): Illuminate\\Database\\Eloquent\\Builder->getModels('business_name')
#8 C:\\Code\\TrustCash\\vendor\\laravel\\framework\\src\\Illuminate\\Support\\Traits\\ForwardsCalls.php(23): Illuminate\\Database\\Eloquent\\Builder->get('business_name', 'TrustCash')
#9 C:\\Code\\TrustCash\\vendor\\laravel\\framework\\src\\Illuminate\\Database\\Eloquent\\Model.php(2372): Illuminate\\Database\\Eloquent\\Model->forwardCallTo(Object(Illuminate\\Database\\Eloquent\\Builder), 'get', Array)
#10 C:\\Code\\TrustCash\\vendor\\laravel\\framework\\src\\Illuminate\\Database\\Eloquent\\Model.php(2384): Illuminate\\Database\\Eloquent\\Model->__call('get', Array)
#11 C:\\Code\\TrustCash\\app\\Http\\Middleware\\HandleInertiaRequests.php(46): Illuminate\\Database\\Eloquent\\Model::__callStatic('get', Array)
#12 C:\\Code\\TrustCash\\vendor\\laravel\\framework\\src\\Illuminate\\Container\\BoundMethod.php(36): App\\Http\\Middleware\\HandleInertiaRequests->{closure:App\\Http\\Middleware\\HandleInertiaRequests::share():44}()
#13 C:\\Code\\TrustCash\\vendor\\laravel\\framework\\src\\Illuminate\\Container\\Util.php(43): Illuminate\\Container\\BoundMethod::{closure:Illuminate\\Container\\BoundMethod::call():35}()
#14 C:\\Code\\TrustCash\\vendor\\laravel\\framework\\src\\Illuminate\\Container\\BoundMethod.php(83): Illuminate\\Container\\Util::unwrapIfClosure(Object(Closure))
#15 C:\\Code\\TrustCash\\vendor\\laravel\\framework\\src\\Illuminate\\Container\\BoundMethod.php(35): Illuminate\\Container\\BoundMethod::callBoundMethod(Object(Illuminate\\Foundation\\Application), Object(Closure), Object(Closure))
#16 C:\\Code\\TrustCash\\vendor\\laravel\\framework\\src\\Illuminate\\Container\\Container.php(696): Illuminate\\Container\\BoundMethod::call(Object(Illuminate\\Foundation\\Application), Object(Closure), Array, NULL)
#17 C:\\Code\\TrustCash\\vendor\\laravel\\framework\\src\\Illuminate\\Support\\Facades\\Facade.php(361): Illuminate\\Container\\Container->call(Object(Closure))
#18 C:\\Code\\TrustCash\\vendor\\inertiajs\\inertia-laravel\\src\\Response.php(154): Illuminate\\Support\\Facades\\Facade::__callStatic('call', Array)
#19 C:\\Code\\TrustCash\\vendor\\inertiajs\\inertia-laravel\\src\\Response.php(91): Inertia\\Response->evaluateProps(Array, Object(Illuminate\\Http\\Request))
#20 C:\\Code\\TrustCash\\vendor\\laravel\\framework\\src\\Illuminate\\Routing\\Router.php(902): Inertia\\Response->toResponse(Object(Illuminate\\Http\\Request))
#21 C:\\Code\\TrustCash\\vendor\\laravel\\framework\\src\\Illuminate\\Routing\\Router.php(887): Illuminate\\Routing\\Router::toResponse(Object(Illuminate\\Http\\Request), Object(Inertia\\Response))
#22 C:\\Code\\TrustCash\\vendor\\laravel\\framework\\src\\Illuminate\\Routing\\Router.php(807): Illuminate\\Routing\\Router->prepareResponse(Object(Illuminate\\Http\\Request), Object(Inertia\\Response))
#23 C:\\Code\\TrustCash\\vendor\\laravel\\framework\\src\\Illuminate\\Pipeline\\Pipeline.php(170): Illuminate\\Routing\\Router->{closure:Illuminate\\Routing\\Router::runRouteWithinStack():807}(Object(Illuminate\\Http\\Request))
#24 C:\\Code\\TrustCash\\vendor\\laravel\\boost\\src\\Middleware\\InjectBoost.php(22): Illuminate\\Pipeline\\Pipeline->{closure:Illuminate\\Pipeline\\Pipeline::prepareDestination():168}(Object(Illuminate\\Http\\Request))
#25 C:\\Code\\TrustCash\\vendor\\laravel\\framework\\src\\Illuminate\\Pipeline\\Pipeline.php(209): Laravel\\Boost\\Middleware\\InjectBoost->handle(Object(Illuminate\\Http\\Request), Object(Closure))
#26 C:\\Code\\TrustCash\\vendor\\laravel\\framework\\src\\Illuminate\\Http\\Middleware\\AddLinkHeadersForPreloadedAssets.php(20): Illuminate\\Pipeline\\Pipeline->{closure:{closure:Illuminate\\Pipeline\\Pipeline::carry():184}:185}(Object(Illuminate\\Http\\Request))
#27 C:\\Code\\TrustCash\\vendor\\laravel\\framework\\src\\Illuminate\\Pipeline\\Pipeline.php(209): Illuminate\\Http\\Middleware\\AddLinkHeadersForPreloadedAssets->handle(Object(Illuminate\\Http\\Request), Object(Closure))
#28 C:\\Code\\TrustCash\\vendor\\inertiajs\\inertia-laravel\\src\\Middleware.php(86): Illuminate\\Pipeline\\Pipeline->{closure:{closure:Illuminate\\Pipeline\\Pipeline::carry():184}:185}(Object(Illuminate\\Http\\Request))
#29 C:\\Code\\TrustCash\\vendor\\laravel\\framework\\src\\Illuminate\\Pipeline\\Pipeline.php(209): Inertia\\Middleware->handle(Object(Illuminate\\Http\\Request), Object(Closure))
#30 C:\\Code\\TrustCash\\vendor\\laravel\\framework\\src\\Illuminate\\Routing\\Middleware\\SubstituteBindings.php(51): Illuminate\\Pipeline\\Pipeline->{closure:{closure:Illuminate\\Pipeline\\Pipeline::carry():184}:185}(Object(Illuminate\\Http\\Request))
#31 C:\\Code\\TrustCash\\vendor\\laravel\\framework\\src\\Illuminate\\Pipeline\\Pipeline.php(209): Illuminate\\Routing\\Middleware\\SubstituteBindings->handle(Object(Illuminate\\Http\\Request), Object(Closure))
#32 C:\\Code\\TrustCash\\vendor\\laravel\\framework\\src\\Illuminate\\Foundation\\Http\\Middleware\\VerifyCsrfToken.php(88): Illuminate\\Pipeline\\Pipeline->{closure:{closure:Illuminate\\Pipeline\\Pipeline::carry():184}:185}(Object(Illuminate\\Http\\Request))
#33 C:\\Code\\TrustCash\\vendor\\laravel\\framework\\src\\Illuminate\\Pipeline\\Pipeline.php(209): Illuminate\\Foundation\\Http\\Middleware\\VerifyCsrfToken->handle(Object(Illuminate\\Http\\Request), Object(Closure))
#34 C:\\Code\\TrustCash\\vendor\\laravel\\framework\\src\\Illuminate\\View\\Middleware\\ShareErrorsFromSession.php(49): Illuminate\\Pipeline\\Pipeline->{closure:{closure:Illuminate\\Pipeline\\Pipeline::carry():184}:185}(Object(Illuminate\\Http\\Request))
#35 C:\\Code\\TrustCash\\vendor\\laravel\\framework\\src\\Illuminate\\Pipeline\\Pipeline.php(209): Illuminate\\View\\Middleware\\ShareErrorsFromSession->handle(Object(Illuminate\\Http\\Request), Object(Closure))
#36 C:\\Code\\TrustCash\\vendor\\laravel\\framework\\src\\Illuminate\\Session\\Middleware\\StartSession.php(121): Illuminate\\Pipeline\\Pipeline->{closure:{closure:Illuminate\\Pipeline\\Pipeline::carry():184}:185}(Object(Illuminate\\Http\\Request))
#37 C:\\Code\\TrustCash\\vendor\\laravel\\framework\\src\\Illuminate\\Session\\Middleware\\StartSession.php(64): Illuminate\\Session\\Middleware\\StartSession->handleStatefulRequest(Object(Illuminate\\Http\\Request), Object(Illuminate\\Session\\Store), Object(Closure))
#38 C:\\Code\\TrustCash\\vendor\\laravel\\framework\\src\\Illuminate\\Pipeline\\Pipeline.php(209): Illuminate\\Session\\Middleware\\StartSession->handle(Object(Illuminate\\Http\\Request), Object(Closure))
#39 C:\\Code\\TrustCash\\vendor\\laravel\\framework\\src\\Illuminate\\Cookie\\Middleware\\AddQueuedCookiesToResponse.php(37): Illuminate\\Pipeline\\Pipeline->{closure:{closure:Illuminate\\Pipeline\\Pipeline::carry():184}:185}(Object(Illuminate\\Http\\Request))
#40 C:\\Code\\TrustCash\\vendor\\laravel\\framework\\src\\Illuminate\\Pipeline\\Pipeline.php(209): Illuminate\\Cookie\\Middleware\\AddQueuedCookiesToResponse->handle(Object(Illuminate\\Http\\Request), Object(Closure))
#41 C:\\Code\\TrustCash\\vendor\\laravel\\framework\\src\\Illuminate\\Cookie\\Middleware\\EncryptCookies.php(75): Illuminate\\Pipeline\\Pipeline->{closure:{closure:Illuminate\\Pipeline\\Pipeline::carry():184}:185}(Object(Illuminate\\Http\\Request))
#42 C:\\Code\\TrustCash\\vendor\\laravel\\framework\\src\\Illuminate\\Pipeline\\Pipeline.php(209): Illuminate\\Cookie\\Middleware\\EncryptCookies->handle(Object(Illuminate\\Http\\Request), Object(Closure))
#43 C:\\Code\\TrustCash\\vendor\\laravel\\framework\\src\\Illuminate\\Pipeline\\Pipeline.php(127): Illuminate\\Pipeline\\Pipeline->{closure:{closure:Illuminate\\Pipeline\\Pipeline::carry():184}:185}(Object(Illuminate\\Http\\Request))
#44 C:\\Code\\TrustCash\\vendor\\laravel\\framework\\src\\Illuminate\\Routing\\Router.php(807): Illuminate\\Pipeline\\Pipeline->then(Object(Closure))
#45 C:\\Code\\TrustCash\\vendor\\laravel\\framework\\src\\Illuminate\\Routing\\Router.php(786): Illuminate\\Routing\\Router->runRouteWithinStack(Object(Illuminate\\Routing\\Route), Object(Illuminate\\Http\\Request))
#46 C:\\Code\\TrustCash\\vendor\\laravel\\framework\\src\\Illuminate\\Routing\\Router.php(750): Illuminate\\Routing\\Router->runRoute(Object(Illuminate\\Http\\Request), Object(Illuminate\\Routing\\Route))
#47 C:\\Code\\TrustCash\\vendor\\laravel\\framework\\src\\Illuminate\\Routing\\Router.php(739): Illuminate\\Routing\\Router->dispatchToRoute(Object(Illuminate\\Http\\Request))
#48 C:\\Code\\TrustCash\\vendor\\laravel\\framework\\src\\Illuminate\\Foundation\\Http\\Kernel.php(201): Illuminate\\Routing\\Router->dispatch(Object(Illuminate\\Http\\Request))
#49 C:\\Code\\TrustCash\\vendor\\laravel\\framework\\src\\Illuminate\\Pipeline\\Pipeline.php(170): Illuminate\\Foundation\\Http\\Kernel->{closure:Illuminate\\Foundation\\Http\\Kernel::dispatchToRouter():198}(Object(Illuminate\\Http\\Request))
#50 C:\\Code\\TrustCash\\vendor\\laravel\\framework\\src\\Illuminate\\Foundation\\Http\\Middleware\\TransformsRequest.php(21): Illuminate\\Pipeline\\Pipeline->{closure:Illuminate\\Pipeline\\Pipeline::prepareDestination():168}(Object(Illuminate\\Http\\Request))
#51 C:\\Code\\TrustCash\\vendor\\laravel\\framework\\src\\Illuminate\\Foundation\\Http\\Middleware\\ConvertEmptyStringsToNull.php(31): Illuminate\\Foundation\\Http\\Middleware\\TransformsRequest->handle(Object(Illuminate\\Http\\Request), Object(Closure))
#52 C:\\Code\\TrustCash\\vendor\\laravel\\framework\\src\\Illuminate\\Pipeline\\Pipeline.php(209): Illuminate\\Foundation\\Http\\Middleware\\ConvertEmptyStringsToNull->handle(Object(Illuminate\\Http\\Request), Object(Closure))
#53 C:\\Code\\TrustCash\\vendor\\laravel\\framework\\src\\Illuminate\\Foundation\\Http\\Middleware\\TransformsRequest.php(21): Illuminate\\Pipeline\\Pipeline->{closure:{closure:Illuminate\\Pipeline\\Pipeline::carry():184}:185}(Object(Illuminate\\Http\\Request))
#54 C:\\Code\\TrustCash\\vendor\\laravel\\framework\\src\\Illuminate\\Foundation\\Http\\Middleware\\TrimStrings.php(51): Illuminate\\Foundation\\Http\\Middleware\\TransformsRequest->handle(Object(Illuminate\\Http\\Request), Object(Closure))
#55 C:\\Code\\TrustCash\\vendor\\laravel\\framework\\src\\Illuminate\\Pipeline\\Pipeline.php(209): Illuminate\\Foundation\\Http\\Middleware\\TrimStrings->handle(Object(Illuminate\\Http\\Request), Object(Closure))
#56 C:\\Code\\TrustCash\\vendor\\laravel\\framework\\src\\Illuminate\\Http\\Middleware\\ValidatePostSize.php(27): Illuminate\\Pipeline\\Pipeline->{closure:{closure:Illuminate\\Pipeline\\Pipeline::carry():184}:185}(Object(Illuminate\\Http\\Request))
#57 C:\\Code\\TrustCash\\vendor\\laravel\\framework\\src\\Illuminate\\Pipeline\\Pipeline.php(209): Illuminate\\Http\\Middleware\\ValidatePostSize->handle(Object(Illuminate\\Http\\Request), Object(Closure))
#58 C:\\Code\\TrustCash\\vendor\\laravel\\framework\\src\\Illuminate\\Foundation\\Http\\Middleware\\PreventRequestsDuringMaintenance.php(110): Illuminate\\Pipeline\\Pipeline->{closure:{closure:Illuminate\\Pipeline\\Pipeline::carry():184}:185}(Object(Illuminate\\Http\\Request))
#59 C:\\Code\\TrustCash\\vendor\\laravel\\framework\\src\\Illuminate\\Pipeline\\Pipeline.php(209): Illuminate\\Foundation\\Http\\Middleware\\PreventRequestsDuringMaintenance->handle(Object(Illuminate\\Http\\Request), Object(Closure))
#60 C:\\Code\\TrustCash\\vendor\\laravel\\framework\\src\\Illuminate\\Http\\Middleware\\HandleCors.php(49): Illuminate\\Pipeline\\Pipeline->{closure:{closure:Illuminate\\Pipeline\\Pipeline::carry():184}:185}(Object(Illuminate\\Http\\Request))
#61 C:\\Code\\TrustCash\\vendor\\laravel\\framework\\src\\Illuminate\\Pipeline\\Pipeline.php(209): Illuminate\\Http\\Middleware\\HandleCors->handle(Object(Illuminate\\Http\\Request), Object(Closure))
#62 C:\\Code\\TrustCash\\vendor\\laravel\\framework\\src\\Illuminate\\Http\\Middleware\\TrustProxies.php(58): Illuminate\\Pipeline\\Pipeline->{closure:{closure:Illuminate\\Pipeline\\Pipeline::carry():184}:185}(Object(Illuminate\\Http\\Request))
#63 C:\\Code\\TrustCash\\vendor\\laravel\\framework\\src\\Illuminate\\Pipeline\\Pipeline.php(209): Illuminate\\Http\\Middleware\\TrustProxies->handle(Object(Illuminate\\Http\\Request), Object(Closure))
#64 C:\\Code\\TrustCash\\vendor\\laravel\\framework\\src\\Illuminate\\Foundation\\Http\\Middleware\\InvokeDeferredCallbacks.php(22): Illuminate\\Pipeline\\Pipeline->{closure:{closure:Illuminate\\Pipeline\\Pipeline::carry():184}:185}(Object(Illuminate\\Http\\Request))
#65 C:\\Code\\TrustCash\\vendor\\laravel\\framework\\src\\Illuminate\\Pipeline\\Pipeline.php(209): Illuminate\\Foundation\\Http\\Middleware\\InvokeDeferredCallbacks->handle(Object(Illuminate\\Http\\Request), Object(Closure))
#66 C:\\Code\\TrustCash\\vendor\\laravel\\framework\\src\\Illuminate\\Pipeline\\Pipeline.php(127): Illuminate\\Pipeline\\Pipeline->{closure:{closure:Illuminate\\Pipeline\\Pipeline::carry():184}:185}(Object(Illuminate\\Http\\Request))
#67 C:\\Code\\TrustCash\\vendor\\laravel\\framework\\src\\Illuminate\\Foundation\\Http\\Kernel.php(176): Illuminate\\Pipeline\\Pipeline->then(Object(Closure))
#68 C:\\Code\\TrustCash\\vendor\\laravel\\framework\\src\\Illuminate\\Foundation\\Http\\Kernel.php(145): Illuminate\\Foundation\\Http\\Kernel->sendRequestThroughRouter(Object(Illuminate\\Http\\Request))
#69 C:\\Code\\TrustCash\\vendor\\laravel\\framework\\src\\Illuminate\\Foundation\\Application.php(1220): Illuminate\\Foundation\\Http\\Kernel->handle(Object(Illuminate\\Http\\Request))
#70 C:\\Code\\TrustCash\\public\\index.php(17): Illuminate\\Foundation\\Application->handleRequest(Object(Illuminate\\Http\\Request))
#71 C:\\Code\\TrustCash\\vendor\\laravel\\framework\\src\\Illuminate\\Foundation\\resources\\server.php(23): require_once('C:\\\\Code\\\\TrustCa...')
#72 {main}

[previous exception] [object] (PDOException(code: 42S22): SQLSTATE[42S22]: Column not found: 1054 Unknown column 'business_name' in 'field list' at C:\\Code\\TrustCash\\vendor\\laravel\\framework\\src\\Illuminate\\Database\\Connection.php:407)
[stacktrace]
#0 C:\\Code\\TrustCash\\vendor\\laravel\\framework\\src\\Illuminate\\Database\\Connection.php(407): PDO->prepare('select `busines...')
#1 C:\\Code\\TrustCash\\vendor\\laravel\\framework\\src\\Illuminate\\Database\\Connection.php(812): Illuminate\\Database\\Connection->{closure:Illuminate\\Database\\Connection::select():398}('select `busines...', Array)
#2 C:\\Code\\TrustCash\\vendor\\laravel\\framework\\src\\Illuminate\\Database\\Connection.php(779): Illuminate\\Database\\Connection->runQueryCallback('select `busines...', Array, Object(Closure))
#3 C:\\Code\\TrustCash\\vendor\\laravel\\framework\\src\\Illuminate\\Database\\Connection.php(398): Illuminate\\Database\\Connection->run('select `busines...', Array, Object(Closure))
#4 C:\\Code\\TrustCash\\vendor\\laravel\\framework\\src\\Illuminate\\Database\\Query\\Builder.php(3106): Illuminate\\Database\\Connection->select('select `busines...', Array, true)
#5 C:\\Code\\TrustCash\\vendor\\laravel\\framework\\src\\Illuminate\\Database\\Query\\Builder.php(3091): Illuminate\\Database\\Query\\Builder->runSelect()
#6 C:\\Code\\TrustCash\\vendor\\laravel\\framework\\src\\Illuminate\\Database\\Query\\Builder.php(3676): Illuminate\\Database\\Query\\Builder->{closure:Illuminate\\Database\\Query\\Builder::get():3090}()
#7 C:\\Code\\TrustCash\\vendor\\laravel\\framework\\src\\Illuminate\\Database\\Query\\Builder.php(3090): Illuminate\\Database\\Query\\Builder->onceWithColumns(Array, Object(Closure))
#8 C:\\Code\\TrustCash\\vendor\\laravel\\framework\\src\\Illuminate\\Database\\Eloquent\\Builder.php(811): Illuminate\\Database\\Query\\Builder->get('business_name')
#9 C:\\Code\\TrustCash\\vendor\\laravel\\framework\\src\\Illuminate\\Database\\Eloquent\\Builder.php(793): Illuminate\\Database\\Eloquent\\Builder->getModels('business_name')
#10 C:\\Code\\TrustCash\\vendor\\laravel\\framework\\src\\Illuminate\\Support\\Traits\\ForwardsCalls.php(23): Illuminate\\Database\\Eloquent\\Builder->get('business_name', 'TrustCash')
#11 C:\\Code\\TrustCash\\vendor\\laravel\\framework\\src\\Illuminate\\Database\\Eloquent\\Model.php(2372): Illuminate\\Database\\Eloquent\\Model->forwardCallTo(Object(Illuminate\\Database\\Eloquent\\Builder), 'get', Array)
#12 C:\\Code\\TrustCash\\vendor\\laravel\\framework\\src\\Illuminate\\Database\\Eloquent\\Model.php(2384): Illuminate\\Database\\Eloquent\\Model->__call('get', Array)
#13 C:\\Code\\TrustCash\\app\\Http\\Middleware\\HandleInertiaRequests.php(46): Illuminate\\Database\\Eloquent\\Model::__callStatic('get', Array)
#14 C:\\Code\\TrustCash\\vendor\\laravel\\framework\\src\\Illuminate\\Container\\BoundMethod.php(36): App\\Http\\Middleware\\HandleInertiaRequests->{closure:App\\Http\\Middleware\\HandleInertiaRequests::share():44}()
#15 C:\\Code\\TrustCash\\vendor\\laravel\\framework\\src\\Illuminate\\Container\\Util.php(43): Illuminate\\Container\\BoundMethod::{closure:Illuminate\\Container\\BoundMethod::call():35}()
#16 C:\\Code\\TrustCash\\vendor\\laravel\\framework\\src\\Illuminate\\Container\\BoundMethod.php(83): Illuminate\\Container\\Util::unwrapIfClosure(Object(Closure))
#17 C:\\Code\\TrustCash\\vendor\\laravel\\framework\\src\\Illuminate\\Container\\BoundMethod.php(35): Illuminate\\Container\\BoundMethod::callBoundMethod(Object(Illuminate\\Foundation\\Application), Object(Closure), Object(Closure))
#18 C:\\Code\\TrustCash\\vendor\\laravel\\framework\\src\\Illuminate\\Container\\Container.php(696): Illuminate\\Container\\BoundMethod::call(Object(Illuminate\\Foundation\\Application), Object(Closure), Array, NULL)
#19 C:\\Code\\TrustCash\\vendor\\laravel\\framework\\src\\Illuminate\\Support\\Facades\\Facade.php(361): Illuminate\\Container\\Container->call(Object(Closure))
#20 C:\\Code\\TrustCash\\vendor\\inertiajs\\inertia-laravel\\src\\Response.php(154): Illuminate\\Support\\Facades\\Facade::__callStatic('call', Array)
#21 C:\\Code\\TrustCash\\vendor\\inertiajs\\inertia-laravel\\src\\Response.php(91): Inertia\\Response->evaluateProps(Array, Object(Illuminate\\Http\\Request))
#22 C:\\Code\\TrustCash\\vendor\\laravel\\framework\\src\\Illuminate\\Routing\\Router.php(902): Inertia\\Response->toResponse(Object(Illuminate\\Http\\Request))
#23 C:\\Code\\TrustCash\\vendor\\laravel\\framework\\src\\Illuminate\\Routing\\Router.php(887): Illuminate\\Routing\\Router::toResponse(Object(Illuminate\\Http\\Request), Object(Inertia\\Response))
#24 C:\\Code\\TrustCash\\vendor\\laravel\\framework\\src\\Illuminate\\Routing\\Router.php(807): Illuminate\\Routing\\Router->prepareResponse(Object(Illuminate\\Http\\Request), Object(Inertia\\Response))
#25 C:\\Code\\TrustCash\\vendor\\laravel\\framework\\src\\Illuminate\\Pipeline\\Pipeline.php(170): Illuminate\\Routing\\Router->{closure:Illuminate\\Routing\\Router::runRouteWithinStack():807}(Object(Illuminate\\Http\\Request))
#26 C:\\Code\\TrustCash\\vendor\\laravel\\boost\\src\\Middleware\\InjectBoost.php(22): Illuminate\\Pipeline\\Pipeline->{closure:Illuminate\\Pipeline\\Pipeline::prepareDestination():168}(Object(Illuminate\\Http\\Request))
#27 C:\\Code\\TrustCash\\vendor\\laravel\\framework\\src\\Illuminate\\Pipeline\\Pipeline.php(209): Laravel\\Boost\\Middleware\\InjectBoost->handle(Object(Illuminate\\Http\\Request), Object(Closure))
#28 C:\\Code\\TrustCash\\vendor\\laravel\\framework\\src\\Illuminate\\Http\\Middleware\\AddLinkHeadersForPreloadedAssets.php(20): Illuminate\\Pipeline\\Pipeline->{closure:{closure:Illuminate\\Pipeline\\Pipeline::carry():184}:185}(Object(Illuminate\\Http\\Request))
#29 C:\\Code\\TrustCash\\vendor\\laravel\\framework\\src\\Illuminate\\Pipeline\\Pipeline.php(209): Illuminate\\Http\\Middleware\\AddLinkHeadersForPreloadedAssets->handle(Object(Illuminate\\Http\\Request), Object(Closure))
#30 C:\\Code\\TrustCash\\vendor\\inertiajs\\inertia-laravel\\src\\Middleware.php(86): Illuminate\\Pipeline\\Pipeline->{closure:{closure:Illuminate\\Pipeline\\Pipeline::carry():184}:185}(Object(Illuminate\\Http\\Request))
#31 C:\\Code\\TrustCash\\vendor\\laravel\\framework\\src\\Illuminate\\Pipeline\\Pipeline.php(209): Inertia\\Middleware->handle(Object(Illuminate\\Http\\Request), Object(Closure))
#32 C:\\Code\\TrustCash\\vendor\\laravel\\framework\\src\\Illuminate\\Routing\\Middleware\\SubstituteBindings.php(51): Illuminate\\Pipeline\\Pipeline->{closure:{closure:Illuminate\\Pipeline\\Pipeline::carry():184}:185}(Object(Illuminate\\Http\\Request))
#33 C:\\Code\\TrustCash\\vendor\\laravel\\framework\\src\\Illuminate\\Pipeline\\Pipeline.php(209): Illuminate\\Routing\\Middleware\\SubstituteBindings->handle(Object(Illuminate\\Http\\Request), Object(Closure))
#34 C:\\Code\\TrustCash\\vendor\\laravel\\framework\\src\\Illuminate\\Foundation\\Http\\Middleware\\VerifyCsrfToken.php(88): Illuminate\\Pipeline\\Pipeline->{closure:{closure:Illuminate\\Pipeline\\Pipeline::carry():184}:185}(Object(Illuminate\\Http\\Request))
#35 C:\\Code\\TrustCash\\vendor\\laravel\\framework\\src\\Illuminate\\Pipeline\\Pipeline.php(209): Illuminate\\Foundation\\Http\\Middleware\\VerifyCsrfToken->handle(Object(Illuminate\\Http\\Request), Object(Closure))
#36 C:\\Code\\TrustCash\\vendor\\laravel\\framework\\src\\Illuminate\\View\\Middleware\\ShareErrorsFromSession.php(49): Illuminate\\Pipeline\\Pipeline->{closure:{closure:Illuminate\\Pipeline\\Pipeline::carry():184}:185}(Object(Illuminate\\Http\\Request))
#37 C:\\Code\\TrustCash\\vendor\\laravel\\framework\\src\\Illuminate\\Pipeline\\Pipeline.php(209): Illuminate\\View\\Middleware\\ShareErrorsFromSession->handle(Object(Illuminate\\Http\\Request), Object(Closure))
#38 C:\\Code\\TrustCash\\vendor\\laravel\\framework\\src\\Illuminate\\Session\\Middleware\\StartSession.php(121): Illuminate\\Pipeline\\Pipeline->{closure:{closure:Illuminate\\Pipeline\\Pipeline::carry():184}:185}(Object(Illuminate\\Http\\Request))
#39 C:\\Code\\TrustCash\\vendor\\laravel\\framework\\src\\Illuminate\\Session\\Middleware\\StartSession.php(64): Illuminate\\Session\\Middleware\\StartSession->handleStatefulRequest(Object(Illuminate\\Http\\Request), Object(Illuminate\\Session\\Store), Object(Closure))
#40 C:\\Code\\TrustCash\\vendor\\laravel\\framework\\src\\Illuminate\\Pipeline\\Pipeline.php(209): Illuminate\\Session\\Middleware\\StartSession->handle(Object(Illuminate\\Http\\Request), Object(Closure))
#41 C:\\Code\\TrustCash\\vendor\\laravel\\framework\\src\\Illuminate\\Cookie\\Middleware\\AddQueuedCookiesToResponse.php(37): Illuminate\\Pipeline\\Pipeline->{closure:{closure:Illuminate\\Pipeline\\Pipeline::carry():184}:185}(Object(Illuminate\\Http\\Request))
#42 C:\\Code\\TrustCash\\vendor\\laravel\\framework\\src\\Illuminate\\Pipeline\\Pipeline.php(209): Illuminate\\Cookie\\Middleware\\AddQueuedCookiesToResponse->handle(Object(Illuminate\\Http\\Request), Object(Closure))
#43 C:\\Code\\TrustCash\\vendor\\laravel\\framework\\src\\Illuminate\\Cookie\\Middleware\\EncryptCookies.php(75): Illuminate\\Pipeline\\Pipeline->{closure:{closure:Illuminate\\Pipeline\\Pipeline::carry():184}:185}(Object(Illuminate\\Http\\Request))
#44 C:\\Code\\TrustCash\\vendor\\laravel\\framework\\src\\Illuminate\\Pipeline\\Pipeline.php(209): Illuminate\\Cookie\\Middleware\\EncryptCookies->handle(Object(Illuminate\\Http\\Request), Object(Closure))
#45 C:\\Code\\TrustCash\\vendor\\laravel\\framework\\src\\Illuminate\\Pipeline\\Pipeline.php(127): Illuminate\\Pipeline\\Pipeline->{closure:{closure:Illuminate\\Pipeline\\Pipeline::carry():184}:185}(Object(Illuminate\\Http\\Request))
#46 C:\\Code\\TrustCash\\vendor\\laravel\\framework\\src\\Illuminate\\Routing\\Router.php(807): Illuminate\\Pipeline\\Pipeline->then(Object(Closure))
#47 C:\\Code\\TrustCash\\vendor\\laravel\\framework\\src\\Illuminate\\Routing\\Router.php(786): Illuminate\\Routing\\Router->runRouteWithinStack(Object(Illuminate\\Routing\\Route), Object(Illuminate\\Http\\Request))
#48 C:\\Code\\TrustCash\\vendor\\laravel\\framework\\src\\Illuminate\\Routing\\Router.php(750): Illuminate\\Routing\\Router->runRoute(Object(Illuminate\\Http\\Request), Object(Illuminate\\Routing\\Route))
#49 C:\\Code\\TrustCash\\vendor\\laravel\\framework\\src\\Illuminate\\Routing\\Router.php(739): Illuminate\\Routing\\Router->dispatchToRoute(Object(Illuminate\\Http\\Request))
#50 C:\\Code\\TrustCash\\vendor\\laravel\\framework\\src\\Illuminate\\Foundation\\Http\\Kernel.php(201): Illuminate\\Routing\\Router->dispatch(Object(Illuminate\\Http\\Request))
#51 C:\\Code\\TrustCash\\vendor\\laravel\\framework\\src\\Illuminate\\Pipeline\\Pipeline.php(170): Illuminate\\Foundation\\Http\\Kernel->{closure:Illuminate\\Foundation\\Http\\Kernel::dispatchToRouter():198}(Object(Illuminate\\Http\\Request))
#52 C:\\Code\\TrustCash\\vendor\\laravel\\framework\\src\\Illuminate\\Foundation\\Http\\Middleware\\TransformsRequest.php(21): Illuminate\\Pipeline\\Pipeline->{closure:Illuminate\\Pipeline\\Pipeline::prepareDestination():168}(Object(Illuminate\\Http\\Request))
#53 C:\\Code\\TrustCash\\vendor\\laravel\\framework\\src\\Illuminate\\Foundation\\Http\\Middleware\\ConvertEmptyStringsToNull.php(31): Illuminate\\Foundation\\Http\\Middleware\\TransformsRequest->handle(Object(Illuminate\\Http\\Request), Object(Closure))
#54 C:\\Code\\TrustCash\\vendor\\laravel\\framework\\src\\Illuminate\\Pipeline\\Pipeline.php(209): Illuminate\\Foundation\\Http\\Middleware\\ConvertEmptyStringsToNull->handle(Object(Illuminate\\Http\\Request), Object(Closure))
#55 C:\\Code\\TrustCash\\vendor\\laravel\\framework\\src\\Illuminate\\Foundation\\Http\\Middleware\\TransformsRequest.php(21): Illuminate\\Pipeline\\Pipeline->{closure:{closure:Illuminate\\Pipeline\\Pipeline::carry():184}:185}(Object(Illuminate\\Http\\Request))
#56 C:\\Code\\TrustCash\\vendor\\laravel\\framework\\src\\Illuminate\\Foundation\\Http\\Middleware\\TrimStrings.php(51): Illuminate\\Foundation\\Http\\Middleware\\TransformsRequest->handle(Object(Illuminate\\Http\\Request), Object(Closure))
#57 C:\\Code\\TrustCash\\vendor\\laravel\\framework\\src\\Illuminate\\Pipeline\\Pipeline.php(209): Illuminate\\Foundation\\Http\\Middleware\\TrimStrings->handle(Object(Illuminate\\Http\\Request), Object(Closure))
#58 C:\\Code\\TrustCash\\vendor\\laravel\\framework\\src\\Illuminate\\Http\\Middleware\\ValidatePostSize.php(27): Illuminate\\Pipeline\\Pipeline->{closure:{closure:Illuminate\\Pipeline\\Pipeline::carry():184}:185}(Object(Illuminate\\Http\\Request))
#59 C:\\Code\\TrustCash\\vendor\\laravel\\framework\\src\\Illuminate\\Pipeline\\Pipeline.php(209): Illuminate\\Http\\Middleware\\ValidatePostSize->handle(Object(Illuminate\\Http\\Request), Object(Closure))
#60 C:\\Code\\TrustCash\\vendor\\laravel\\framework\\src\\Illuminate\\Foundation\\Http\\Middleware\\PreventRequestsDuringMaintenance.php(110): Illuminate\\Pipeline\\Pipeline->{closure:{closure:Illuminate\\Pipeline\\Pipeline::carry():184}:185}(Object(Illuminate\\Http\\Request))
#61 C:\\Code\\TrustCash\\vendor\\laravel\\framework\\src\\Illuminate\\Pipeline\\Pipeline.php(209): Illuminate\\Foundation\\Http\\Middleware\\PreventRequestsDuringMaintenance->handle(Object(Illuminate\\Http\\Request), Object(Closure))
#62 C:\\Code\\TrustCash\\vendor\\laravel\\framework\\src\\Illuminate\\Http\\Middleware\\HandleCors.php(49): Illuminate\\Pipeline\\Pipeline->{closure:{closure:Illuminate\\Pipeline\\Pipeline::carry():184}:185}(Object(Illuminate\\Http\\Request))
#63 C:\\Code\\TrustCash\\vendor\\laravel\\framework\\src\\Illuminate\\Pipeline\\Pipeline.php(209): Illuminate\\Http\\Middleware\\HandleCors->handle(Object(Illuminate\\Http\\Request), Object(Closure))
#64 C:\\Code\\TrustCash\\vendor\\laravel\\framework\\src\\Illuminate\\Http\\Middleware\\TrustProxies.php(58): Illuminate\\Pipeline\\Pipeline->{closure:{closure:Illuminate\\Pipeline\\Pipeline::carry():184}:185}(Object(Illuminate\\Http\\Request))
#65 C:\\Code\\TrustCash\\vendor\\laravel\\framework\\src\\Illuminate\\Pipeline\\Pipeline.php(209): Illuminate\\Http\\Middleware\\TrustProxies->handle(Object(Illuminate\\Http\\Request), Object(Closure))
#66 C:\\Code\\TrustCash\\vendor\\laravel\\framework\\src\\Illuminate\\Foundation\\Http\\Middleware\\InvokeDeferredCallbacks.php(22): Illuminate\\Pipeline\\Pipeline->{closure:{closure:Illuminate\\Pipeline\\Pipeline::carry():184}:185}(Object(Illuminate\\Http\\Request))
#67 C:\\Code\\TrustCash\\vendor\\laravel\\framework\\src\\Illuminate\\Pipeline\\Pipeline.php(209): Illuminate\\Foundation\\Http\\Middleware\\InvokeDeferredCallbacks->handle(Object(Illuminate\\Http\\Request), Object(Closure))
#68 C:\\Code\\TrustCash\\vendor\\laravel\\framework\\src\\Illuminate\\Pipeline\\Pipeline.php(127): Illuminate\\Pipeline\\Pipeline->{closure:{closure:Illuminate\\Pipeline\\Pipeline::carry():184}:185}(Object(Illuminate\\Http\\Request))
#69 C:\\Code\\TrustCash\\vendor\\laravel\\framework\\src\\Illuminate\\Foundation\\Http\\Kernel.php(176): Illuminate\\Pipeline\\Pipeline->then(Object(Closure))
#70 C:\\Code\\TrustCash\\vendor\\laravel\\framework\\src\\Illuminate\\Foundation\\Http\\Kernel.php(145): Illuminate\\Foundation\\Http\\Kernel->sendRequestThroughRouter(Object(Illuminate\\Http\\Request))
#71 C:\\Code\\TrustCash\\vendor\\laravel\\framework\\src\\Illuminate\\Foundation\\Application.php(1220): Illuminate\\Foundation\\Http\\Kernel->handle(Object(Illuminate\\Http\\Request))
#72 C:\\Code\\TrustCash\\public\\index.php(17): Illuminate\\Foundation\\Application->handleRequest(Object(Illuminate\\Http\\Request))
#73 C:\\Code\\TrustCash\\vendor\\laravel\\framework\\src\\Illuminate\\Foundation\\resources\\server.php(23): require_once('C:\\\\Code\\\\TrustCa...')
#74 {main}
"} 
[2026-09-27 06:22:23] local.ERROR: SQLSTATE[42S22]: Column not found: 1054 Unknown column 'business_name' in 'field list' (Connection: mysql, SQL: select `business_name` from `settings`) {"exception":"[object] (Illuminate\\Database\\QueryException(code: 42S22): SQLSTATE[42S22]: Column not found: 1054 Unknown column 'business_name' in 'field list' (Connection: mysql, SQL: select `business_name` from `settings`) at C:\\Code\\TrustCash\\vendor\\laravel\\framework\\src\\Illuminate\\Database\\Connection.php:825)
[stacktrace]
#0 C:\\Code\\TrustCash\\vendor\\laravel\\framework\\src\\Illuminate\\Database\\Connection.php(779): Illuminate\\Database\\Connection->runQueryCallback('select `busines...', Array, Object(Closure))
#1 C:\\Code\\TrustCash\\vendor\\laravel\\framework\\src\\Illuminate\\Database\\Connection.php(398): Illuminate\\Database\\Connection->run('select `busines...', Array, Object(Closure))
#2 C:\\Code\\TrustCash\\vendor\\laravel\\framework\\src\\Illuminate\\Database\\Query\\Builder.php(3106): Illuminate\\Database\\Connection->select('select `busines...', Array, true)
#3 C:\\Code\\TrustCash\\vendor\\laravel\\framework\\src\\Illuminate\\Database\\Query\\Builder.php(3091): Illuminate\\Database\\Query\\Builder->runSelect()
#4 C:\\Code\\TrustCash\\vendor\\laravel\\framework\\src\\Illuminate\\Database\\Query\\Builder.php(3676): Illuminate\\Database\\Query\\Builder->{closure:Illuminate\\Database\\Query\\Builder::get():3090}()
#5 C:\\Code\\TrustCash\\vendor\\laravel\\framework\\src\\Illuminate\\Database\\Query\\Builder.php(3090): Illuminate\\Database\\Query\\Builder->onceWithColumns(Array, Object(Closure))
#6 C:\\Code\\TrustCash\\vendor\\laravel\\framework\\src\\Illuminate\\Database\\Eloquent\\Builder.php(811): Illuminate\\Database\\Query\\Builder->get('business_name')
#7 C:\\Code\\TrustCash\\vendor\\laravel\\framework\\src\\Illuminate\\Database\\Eloquent\\Builder.php(793): Illuminate\\Database\\Eloquent\\Builder->getModels('business_name')
#8 C:\\Code\\TrustCash\\vendor\\laravel\\framework\\src\\Illuminate\\Support\\Traits\\ForwardsCalls.php(23): Illuminate\\Database\\Eloquent\\Builder->get('business_name', 'TrustCash')
#9 C:\\Code\\TrustCash\\vendor\\laravel\\framework\\src\\Illuminate\\Database\\Eloquent\\Model.php(2372): Illuminate\\Database\\Eloquent\\Model->forwardCallTo(Object(Illuminate\\Database\\Eloquent\\Builder), 'get', Array)
#10 C:\\Code\\TrustCash\\vendor\\laravel\\framework\\src\\Illuminate\\Database\\Eloquent\\Model.php(2384): Illuminate\\Database\\Eloquent\\Model->__call('get', Array)
#11 C:\\Code\\TrustCash\\app\\Http\\Middleware\\HandleInertiaRequests.php(46): Illuminate\\Database\\Eloquent\\Model::__callStatic('get', Array)
#12 C:\\Code\\TrustCash\\vendor\\laravel\\framework\\src\\Illuminate\\Container\\BoundMethod.php(36): App\\Http\\Middleware\\HandleInertiaRequests->{closure:App\\Http\\Middleware\\HandleInertiaRequests::share():44}()
#13 C:\\Code\\TrustCash\\vendor\\laravel\\framework\\src\\Illuminate\\Container\\Util.php(43): Illuminate\\Container\\BoundMethod::{closure:Illuminate\\Container\\BoundMethod::call():35}()
#14 C:\\Code\\TrustCash\\vendor\\laravel\\framework\\src\\Illuminate\\Container\\BoundMethod.php(83): Illuminate\\Container\\Util::unwrapIfClosure(Object(Closure))
#15 C:\\Code\\TrustCash\\vendor\\laravel\\framework\\src\\Illuminate\\Container\\BoundMethod.php(35): Illuminate\\Container\\BoundMethod::callBoundMethod(Object(Illuminate\\Foundation\\Application), Object(Closure), Object(Closure))
#16 C:\\Code\\TrustCash\\vendor\\laravel\\framework\\src\\Illuminate\\Container\\Container.php(696): Illuminate\\Container\\BoundMethod::call(Object(Illuminate\\Foundation\\Application), Object(Closure), Array, NULL)
#17 C:\\Code\\TrustCash\\vendor\\laravel\\framework\\src\\Illuminate\\Support\\Facades\\Facade.php(361): Illuminate\\Container\\Container->call(Object(Closure))
#18 C:\\Code\\TrustCash\\vendor\\inertiajs\\inertia-laravel\\src\\Response.php(154): Illuminate\\Support\\Facades\\Facade::__callStatic('call', Array)
#19 C:\\Code\\TrustCash\\vendor\\inertiajs\\inertia-laravel\\src\\Response.php(91): Inertia\\Response->evaluateProps(Array, Object(Illuminate\\Http\\Request))
#20 C:\\Code\\TrustCash\\vendor\\laravel\\framework\\src\\Illuminate\\Routing\\Router.php(902): Inertia\\Response->toResponse(Object(Illuminate\\Http\\Request))
#21 C:\\Code\\TrustCash\\vendor\\laravel\\framework\\src\\Illuminate\\Routing\\Router.php(887): Illuminate\\Routing\\Router::toResponse(Object(Illuminate\\Http\\Request), Object(Inertia\\Response))
#22 C:\\Code\\TrustCash\\vendor\\laravel\\framework\\src\\Illuminate\\Routing\\Router.php(807): Illuminate\\Routing\\Router->prepareResponse(Object(Illuminate\\Http\\Request), Object(Inertia\\Response))
#23 C:\\Code\\TrustCash\\vendor\\laravel\\framework\\src\\Illuminate\\Pipeline\\Pipeline.php(170): Illuminate\\Routing\\Router->{closure:Illuminate\\Routing\\Router::runRouteWithinStack():807}(Object(Illuminate\\Http\\Request))
#24 C:\\Code\\TrustCash\\vendor\\laravel\\boost\\src\\Middleware\\InjectBoost.php(22): Illuminate\\Pipeline\\Pipeline->{closure:Illuminate\\Pipeline\\Pipeline::prepareDestination():168}(Object(Illuminate\\Http\\Request))
#25 C:\\Code\\TrustCash\\vendor\\laravel\\framework\\src\\Illuminate\\Pipeline\\Pipeline.php(209): Laravel\\Boost\\Middleware\\InjectBoost->handle(Object(Illuminate\\Http\\Request), Object(Closure))
#26 C:\\Code\\TrustCash\\vendor\\laravel\\framework\\src\\Illuminate\\Http\\Middleware\\AddLinkHeadersForPreloadedAssets.php(20): Illuminate\\Pipeline\\Pipeline->{closure:{closure:Illuminate\\Pipeline\\Pipeline::carry():184}:185}(Object(Illuminate\\Http\\Request))
#27 C:\\Code\\TrustCash\\vendor\\laravel\\framework\\src\\Illuminate\\Pipeline\\Pipeline.php(209): Illuminate\\Http\\Middleware\\AddLinkHeadersForPreloadedAssets->handle(Object(Illuminate\\Http\\Request), Object(Closure))
#28 C:\\Code\\TrustCash\\vendor\\inertiajs\\inertia-laravel\\src\\Middleware.php(86): Illuminate\\Pipeline\\Pipeline->{closure:{closure:Illuminate\\Pipeline\\Pipeline::carry():184}:185}(Object(Illuminate\\Http\\Request))
#29 C:\\Code\\TrustCash\\vendor\\laravel\\framework\\src\\Illuminate\\Pipeline\\Pipeline.php(209): Inertia\\Middleware->handle(Object(Illuminate\\Http\\Request), Object(Closure))
#30 C:\\Code\\TrustCash\\vendor\\laravel\\framework\\src\\Illuminate\\Routing\\Middleware\\SubstituteBindings.php(51): Illuminate\\Pipeline\\Pipeline->{closure:{closure:Illuminate\\Pipeline\\Pipeline::carry():184}:185}(Object(Illuminate\\Http\\Request))
#31 C:\\Code\\TrustCash\\vendor\\laravel\\framework\\src\\Illuminate\\Pipeline\\Pipeline.php(209): Illuminate\\Routing\\Middleware\\SubstituteBindings->handle(Object(Illuminate\\Http\\Request), Object(Closure))
#32 C:\\Code\\TrustCash\\vendor\\laravel\\framework\\src\\Illuminate\\Foundation\\Http\\Middleware\\VerifyCsrfToken.php(88): Illuminate\\Pipeline\\Pipeline->{closure:{closure:Illuminate\\Pipeline\\Pipeline::carry():184}:185}(Object(Illuminate\\Http\\Request))
#33 C:\\Code\\TrustCash\\vendor\\laravel\\framework\\src\\Illuminate\\Pipeline\\Pipeline.php(209): Illuminate\\Foundation\\Http\\Middleware\\VerifyCsrfToken->handle(Object(Illuminate\\Http\\Request), Object(Closure))
#34 C:\\Code\\TrustCash\\vendor\\laravel\\framework\\src\\Illuminate\\View\\Middleware\\ShareErrorsFromSession.php(49): Illuminate\\Pipeline\\Pipeline->{closure:{closure:Illuminate\\Pipeline\\Pipeline::carry():184}:185}(Object(Illuminate\\Http\\Request))
#35 C:\\Code\\TrustCash\\vendor\\laravel\\framework\\src\\Illuminate\\Pipeline\\Pipeline.php(209): Illuminate\\View\\Middleware\\ShareErrorsFromSession->handle(Object(Illuminate\\Http\\Request), Object(Closure))
#36 C:\\Code\\TrustCash\\vendor\\laravel\\framework\\src\\Illuminate\\Session\\Middleware\\StartSession.php(121): Illuminate\\Pipeline\\Pipeline->{closure:{closure:Illuminate\\Pipeline\\Pipeline::carry():184}:185}(Object(Illuminate\\Http\\Request))
#37 C:\\Code\\TrustCash\\vendor\\laravel\\framework\\src\\Illuminate\\Session\\Middleware\\StartSession.php(64): Illuminate\\Session\\Middleware\\StartSession->handleStatefulRequest(Object(Illuminate\\Http\\Request), Object(Illuminate\\Session\\Store), Object(Closure))
#38 C:\\Code\\TrustCash\\vendor\\laravel\\framework\\src\\Illuminate\\Pipeline\\Pipeline.php(209): Illuminate\\Session\\Middleware\\StartSession->handle(Object(Illuminate\\Http\\Request), Object(Closure))
#39 C:\\Code\\TrustCash\\vendor\\laravel\\framework\\src\\Illuminate\\Cookie\\Middleware\\AddQueuedCookiesToResponse.php(37): Illuminate\\Pipeline\\Pipeline->{closure:{closure:Illuminate\\Pipeline\\Pipeline::carry():184}:185}(Object(Illuminate\\Http\\Request))
#40 C:\\Code\\TrustCash\\vendor\\laravel\\framework\\src\\Illuminate\\Pipeline\\Pipeline.php(209): Illuminate\\Cookie\\Middleware\\AddQueuedCookiesToResponse->handle(Object(Illuminate\\Http\\Request), Object(Closure))
#41 C:\\Code\\TrustCash\\vendor\\laravel\\framework\\src\\Illuminate\\Cookie\\Middleware\\EncryptCookies.php(75): Illuminate\\Pipeline\\Pipeline->{closure:{closure:Illuminate\\Pipeline\\Pipeline::carry():184}:185}(Object(Illuminate\\Http\\Request))
#42 C:\\Code\\TrustCash\\vendor\\laravel\\framework\\src\\Illuminate\\Pipeline\\Pipeline.php(209): Illuminate\\Cookie\\Middleware\\EncryptCookies->handle(Object(Illuminate\\Http\\Request), Object(Closure))
#43 C:\\Code\\TrustCash\\vendor\\laravel\\framework\\src\\Illuminate\\Pipeline\\Pipeline.php(127): Illuminate\\Pipeline\\Pipeline->{closure:{closure:Illuminate\\Pipeline\\Pipeline::carry():184}:185}(Object(Illuminate\\Http\\Request))
#44 C:\\Code\\TrustCash\\vendor\\laravel\\framework\\src\\Illuminate\\Routing\\Router.php(807): Illuminate\\Pipeline\\Pipeline->then(Object(Closure))
#45 C:\\Code\\TrustCash\\vendor\\laravel\\framework\\src\\Illuminate\\Routing\\Router.php(786): Illuminate\\Routing\\Router->runRouteWithinStack(Object(Illuminate\\Routing\\Route), Object(Illuminate\\Http\\Request))
#46 C:\\Code\\TrustCash\\vendor\\laravel\\framework\\src\\Illuminate\\Routing\\Router.php(750): Illuminate\\Routing\\Router->runRoute(Object(Illuminate\\Http\\Request), Object(Illuminate\\Routing\\Route))
#47 C:\\Code\\TrustCash\\vendor\\laravel\\framework\\src\\Illuminate\\Routing\\Router.php(739): Illuminate\\Routing\\Router->dispatchToRoute(Object(Illuminate\\Http\\Request))
#48 C:\\Code\\TrustCash\\vendor\\laravel\\framework\\src\\Illuminate\\Foundation\\Http\\Kernel.php(201): Illuminate\\Routing\\Router->dispatch(Object(Illuminate\\Http\\Request))
#49 C:\\Code\\TrustCash\\vendor\\laravel\\framework\\src\\Illuminate\\Pipeline\\Pipeline.php(170): Illuminate\\Foundation\\Http\\Kernel->{closure:Illuminate\\Foundation\\Http\\Kernel::dispatchToRouter():198}(Object(Illuminate\\Http\\Request))
#50 C:\\Code\\TrustCash\\vendor\\laravel\\framework\\src\\Illuminate\\Foundation\\Http\\Middleware\\TransformsRequest.php(21): Illuminate\\Pipeline\\Pipeline->{closure:Illuminate\\Pipeline\\Pipeline::prepareDestination():168}(Object(Illuminate\\Http\\Request))
#51 C:\\Code\\TrustCash\\vendor\\laravel\\framework\\src\\Illuminate\\Foundation\\Http\\Middleware\\ConvertEmptyStringsToNull.php(31): Illuminate\\Foundation\\Http\\Middleware\\TransformsRequest->handle(Object(Illuminate\\Http\\Request), Object(Closure))
#52 C:\\Code\\TrustCash\\vendor\\laravel\\framework\\src\\Illuminate\\Pipeline\\Pipeline.php(209): Illuminate\\Foundation\\Http\\Middleware\\ConvertEmptyStringsToNull->handle(Object(Illuminate\\Http\\Request), Object(Closure))
#53 C:\\Code\\TrustCash\\vendor\\laravel\\framework\\src\\Illuminate\\Foundation\\Http\\Middleware\\TransformsRequest.php(21): Illuminate\\Pipeline\\Pipeline->{closure:{closure:Illuminate\\Pipeline\\Pipeline::carry():184}:185}(Object(Illuminate\\Http\\Request))
#54 C:\\Code\\TrustCash\\vendor\\laravel\\framework\\src\\Illuminate\\Foundation\\Http\\Middleware\\TrimStrings.php(51): Illuminate\\Foundation\\Http\\Middleware\\TransformsRequest->handle(Object(Illuminate\\Http\\Request), Object(Closure))
#55 C:\\Code\\TrustCash\\vendor\\laravel\\framework\\src\\Illuminate\\Pipeline\\Pipeline.php(209): Illuminate\\Foundation\\Http\\Middleware\\TrimStrings->handle(Object(Illuminate\\Http\\Request), Object(Closure))
#56 C:\\Code\\TrustCash\\vendor\\laravel\\framework\\src\\Illuminate\\Http\\Middleware\\ValidatePostSize.php(27): Illuminate\\Pipeline\\Pipeline->{closure:{closure:Illuminate\\Pipeline\\Pipeline::carry():184}:185}(Object(Illuminate\\Http\\Request))
#57 C:\\Code\\TrustCash\\vendor\\laravel\\framework\\src\\Illuminate\\Pipeline\\Pipeline.php(209): Illuminate\\Http\\Middleware\\ValidatePostSize->handle(Object(Illuminate\\Http\\Request), Object(Closure))
#58 C:\\Code\\TrustCash\\vendor\\laravel\\framework\\src\\Illuminate\\Foundation\\Http\\Middleware\\PreventRequestsDuringMaintenance.php(110): Illuminate\\Pipeline\\Pipeline->{closure:{closure:Illuminate\\Pipeline\\Pipeline::carry():184}:185}(Object(Illuminate\\Http\\Request))
#59 C:\\Code\\TrustCash\\vendor\\laravel\\framework\\src\\Illuminate\\Pipeline\\Pipeline.php(209): Illuminate\\Foundation\\Http\\Middleware\\PreventRequestsDuringMaintenance->handle(Object(Illuminate\\Http\\Request), Object(Closure))
#60 C:\\Code\\TrustCash\\vendor\\laravel\\framework\\src\\Illuminate\\Http\\Middleware\\HandleCors.php(49): Illuminate\\Pipeline\\Pipeline->{closure:{closure:Illuminate\\Pipeline\\Pipeline::carry():184}:185}(Object(Illuminate\\Http\\Request))
#61 C:\\Code\\TrustCash\\vendor\\laravel\\framework\\src\\Illuminate\\Pipeline\\Pipeline.php(209): Illuminate\\Http\\Middleware\\HandleCors->handle(Object(Illuminate\\Http\\Request), Object(Closure))
#62 C:\\Code\\TrustCash\\vendor\\laravel\\framework\\src\\Illuminate\\Http\\Middleware\\TrustProxies.php(58): Illuminate\\Pipeline\\Pipeline->{closure:{closure:Illuminate\\Pipeline\\Pipeline::carry():184}:185}(Object(Illuminate\\Http\\Request))
#63 C:\\Code\\TrustCash\\vendor\\laravel\\framework\\src\\Illuminate\\Pipeline\\Pipeline.php(209): Illuminate\\Http\\Middleware\\TrustProxies->handle(Object(Illuminate\\Http\\Request), Object(Closure))
#64 C:\\Code\\TrustCash\\vendor\\laravel\\framework\\src\\Illuminate\\Foundation\\Http\\Middleware\\InvokeDeferredCallbacks.php(22): Illuminate\\Pipeline\\Pipeline->{closure:{closure:Illuminate\\Pipeline\\Pipeline::carry():184}:185}(Object(Illuminate\\Http\\Request))
#65 C:\\Code\\TrustCash\\vendor\\laravel\\framework\\src\\Illuminate\\Pipeline\\Pipeline.php(209): Illuminate\\Foundation\\Http\\Middleware\\InvokeDeferredCallbacks->handle(Object(Illuminate\\Http\\Request), Object(Closure))
#66 C:\\Code\\TrustCash\\vendor\\laravel\\framework\\src\\Illuminate\\Pipeline\\Pipeline.php(127): Illuminate\\Pipeline\\Pipeline->{closure:{closure:Illuminate\\Pipeline\\Pipeline::carry():184}:185}(Object(Illuminate\\Http\\Request))
#67 C:\\Code\\TrustCash\\vendor\\laravel\\framework\\src\\Illuminate\\Foundation\\Http\\Kernel.php(176): Illuminate\\Pipeline\\Pipeline->then(Object(Closure))
#68 C:\\Code\\TrustCash\\vendor\\laravel\\framework\\src\\Illuminate\\Foundation\\Http\\Kernel.php(145): Illuminate\\Foundation\\Http\\Kernel->sendRequestThroughRouter(Object(Illuminate\\Http\\Request))
#69 C:\\Code\\TrustCash\\vendor\\laravel\\framework\\src\\Illuminate\\Foundation\\Application.php(1220): Illuminate\\Foundation\\Http\\Kernel->handle(Object(Illuminate\\Http\\Request))
#70 C:\\Code\\TrustCash\\public\\index.php(17): Illuminate\\Foundation\\Application->handleRequest(Object(Illuminate\\Http\\Request))
#71 C:\\Code\\TrustCash\\vendor\\laravel\\framework\\src\\Illuminate\\Foundation\\resources\\server.php(23): require_once('C:\\\\Code\\\\TrustCa...')
#72 {main}

[previous exception] [object] (PDOException(code: 42S22): SQLSTATE[42S22]: Column not found: 1054 Unknown column 'business_name' in 'field list' at C:\\Code\\TrustCash\\vendor\\laravel\\framework\\src\\Illuminate\\Database\\Connection.php:407)
[stacktrace]
#0 C:\\Code\\TrustCash\\vendor\\laravel\\framework\\src\\Illuminate\\Database\\Connection.php(407): PDO->prepare('select `busines...')
#1 C:\\Code\\TrustCash\\vendor\\laravel\\framework\\src\\Illuminate\\Database\\Connection.php(812): Illuminate\\Database\\Connection->{closure:Illuminate\\Database\\Connection::select():398}('select `busines...', Array)
#2 C:\\Code\\TrustCash\\vendor\\laravel\\framework\\src\\Illuminate\\Database\\Connection.php(779): Illuminate\\Database\\Connection->runQueryCallback('select `busines...', Array, Object(Closure))
#3 C:\\Code\\TrustCash\\vendor\\laravel\\framework\\src\\Illuminate\\Database\\Connection.php(398): Illuminate\\Database\\Connection->run('select `busines...', Array, Object(Closure))
#4 C:\\Code\\TrustCash\\vendor\\laravel\\framework\\src\\Illuminate\\Database\\Query\\Builder.php(3106): Illuminate\\Database\\Connection->select('select `busines...', Array, true)
#5 C:\\Code\\TrustCash\\vendor\\laravel\\framework\\src\\Illuminate\\Database\\Query\\Builder.php(3091): Illuminate\\Database\\Query\\Builder->runSelect()
#6 C:\\Code\\TrustCash\\vendor\\laravel\\framework\\src\\Illuminate\\Database\\Query\\Builder.php(3676): Illuminate\\Database\\Query\\Builder->{closure:Illuminate\\Database\\Query\\Builder::get():3090}()
#7 C:\\Code\\TrustCash\\vendor\\laravel\\framework\\src\\Illuminate\\Database\\Query\\Builder.php(3090): Illuminate\\Database\\Query\\Builder->onceWithColumns(Array, Object(Closure))
#8 C:\\Code\\TrustCash\\vendor\\laravel\\framework\\src\\Illuminate\\Database\\Eloquent\\Builder.php(811): Illuminate\\Database\\Query\\Builder->get('business_name')
#9 C:\\Code\\TrustCash\\vendor\\laravel\\framework\\src\\Illuminate\\Database\\Eloquent\\Builder.php(793): Illuminate\\Database\\Eloquent\\Builder->getModels('business_name')
#10 C:\\Code\\TrustCash\\vendor\\laravel\\framework\\src\\Illuminate\\Support\\Traits\\ForwardsCalls.php(23): Illuminate\\Database\\Eloquent\\Builder->get('business_name', 'TrustCash')
#11 C:\\Code\\TrustCash\\vendor\\laravel\\framework\\src\\Illuminate\\Database\\Eloquent\\Model.php(2372): Illuminate\\Database\\Eloquent\\Model->forwardCallTo(Object(Illuminate\\Database\\Eloquent\\Builder), 'get', Array)
#12 C:\\Code\\TrustCash\\vendor\\laravel\\framework\\src\\Illuminate\\Database\\Eloquent\\Model.php(2384): Illuminate\\Database\\Eloquent\\Model->__call('get', Array)
#13 C:\\Code\\TrustCash\\app\\Http\\Middleware\\HandleInertiaRequests.php(46): Illuminate\\Database\\Eloquent\\Model::__callStatic('get', Array)
#14 C:\\Code\\TrustCash\\vendor\\laravel\\framework\\src\\Illuminate\\Container\\BoundMethod.php(36): App\\Http\\Middleware\\HandleInertiaRequests->{closure:App\\Http\\Middleware\\HandleInertiaRequests::share():44}()
#15 C:\\Code\\TrustCash\\vendor\\laravel\\framework\\src\\Illuminate\\Container\\Util.php(43): Illuminate\\Container\\BoundMethod::{closure:Illuminate\\Container\\BoundMethod::call():35}()
#16 C:\\Code\\TrustCash\\vendor\\laravel\\framework\\src\\Illuminate\\Container\\BoundMethod.php(83): Illuminate\\Container\\Util::unwrapIfClosure(Object(Closure))
#17 C:\\Code\\TrustCash\\vendor\\laravel\\framework\\src\\Illuminate\\Container\\BoundMethod.php(35): Illuminate\\Container\\BoundMethod::callBoundMethod(Object(Illuminate\\Foundation\\Application), Object(Closure), Object(Closure))
#18 C:\\Code\\TrustCash\\vendor\\laravel\\framework\\src\\Illuminate\\Container\\Container.php(696): Illuminate\\Container\\BoundMethod::call(Object(Illuminate\\Foundation\\Application), Object(Closure), Array, NULL)
#19 C:\\Code\\TrustCash\\vendor\\laravel\\framework\\src\\Illuminate\\Support\\Facades\\Facade.php(361): Illuminate\\Container\\Container->call(Object(Closure))
#20 C:\\Code\\TrustCash\\vendor\\inertiajs\\inertia-laravel\\src\\Response.php(154): Illuminate\\Support\\Facades\\Facade::__callStatic('call', Array)
#21 C:\\Code\\TrustCash\\vendor\\inertiajs\\inertia-laravel\\src\\Response.php(91): Inertia\\Response->evaluateProps(Array, Object(Illuminate\\Http\\Request))
#22 C:\\Code\\TrustCash\\vendor\\laravel\\framework\\src\\Illuminate\\Routing\\Router.php(902): Inertia\\Response->toResponse(Object(Illuminate\\Http\\Request))
#23 C:\\Code\\TrustCash\\vendor\\laravel\\framework\\src\\Illuminate\\Routing\\Router.php(887): Illuminate\\Routing\\Router::toResponse(Object(Illuminate\\Http\\Request), Object(Inertia\\Response))
#24 C:\\Code\\TrustCash\\vendor\\laravel\\framework\\src\\Illuminate\\Routing\\Router.php(807): Illuminate\\Routing\\Router->prepareResponse(Object(Illuminate\\Http\\Request), Object(Inertia\\Response))
#25 C:\\Code\\TrustCash\\vendor\\laravel\\framework\\src\\Illuminate\\Pipeline\\Pipeline.php(170): Illuminate\\Routing\\Router->{closure:Illuminate\\Routing\\Router::runRouteWithinStack():807}(Object(Illuminate\\Http\\Request))
#26 C:\\Code\\TrustCash\\vendor\\laravel\\boost\\src\\Middleware\\InjectBoost.php(22): Illuminate\\Pipeline\\Pipeline->{closure:Illuminate\\Pipeline\\Pipeline::prepareDestination():168}(Object(Illuminate\\Http\\Request))
#27 C:\\Code\\TrustCash\\vendor\\laravel\\framework\\src\\Illuminate\\Pipeline\\Pipeline.php(209): Laravel\\Boost\\Middleware\\InjectBoost->handle(Object(Illuminate\\Http\\Request), Object(Closure))
#28 C:\\Code\\TrustCash\\vendor\\laravel\\framework\\src\\Illuminate\\Http\\Middleware\\AddLinkHeadersForPreloadedAssets.php(20): Illuminate\\Pipeline\\Pipeline->{closure:{closure:Illuminate\\Pipeline\\Pipeline::carry():184}:185}(Object(Illuminate\\Http\\Request))
#29 C:\\Code\\TrustCash\\vendor\\laravel\\framework\\src\\Illuminate\\Pipeline\\Pipeline.php(209): Illuminate\\Http\\Middleware\\AddLinkHeadersForPreloadedAssets->handle(Object(Illuminate\\Http\\Request), Object(Closure))
#30 C:\\Code\\TrustCash\\vendor\\inertiajs\\inertia-laravel\\src\\Middleware.php(86): Illuminate\\Pipeline\\Pipeline->{closure:{closure:Illuminate\\Pipeline\\Pipeline::carry():184}:185}(Object(Illuminate\\Http\\Request))
#31 C:\\Code\\TrustCash\\vendor\\laravel\\framework\\src\\Illuminate\\Pipeline\\Pipeline.php(209): Inertia\\Middleware->handle(Object(Illuminate\\Http\\Request), Object(Closure))
#32 C:\\Code\\TrustCash\\vendor\\laravel\\framework\\src\\Illuminate\\Routing\\Middleware\\SubstituteBindings.php(51): Illuminate\\Pipeline\\Pipeline->{closure:{closure:Illuminate\\Pipeline\\Pipeline::carry():184}:185}(Object(Illuminate\\Http\\Request))
#33 C:\\Code\\TrustCash\\vendor\\laravel\\framework\\src\\Illuminate\\Pipeline\\Pipeline.php(209): Illuminate\\Routing\\Middleware\\SubstituteBindings->handle(Object(Illuminate\\Http\\Request), Object(Closure))
#34 C:\\Code\\TrustCash\\vendor\\laravel\\framework\\src\\Illuminate\\Foundation\\Http\\Middleware\\VerifyCsrfToken.php(88): Illuminate\\Pipeline\\Pipeline->{closure:{closure:Illuminate\\Pipeline\\Pipeline::carry():184}:185}(Object(Illuminate\\Http\\Request))
#35 C:\\Code\\TrustCash\\vendor\\laravel\\framework\\src\\Illuminate\\Pipeline\\Pipeline.php(209): Illuminate\\Foundation\\Http\\Middleware\\VerifyCsrfToken->handle(Object(Illuminate\\Http\\Request), Object(Closure))
#36 C:\\Code\\TrustCash\\vendor\\laravel\\framework\\src\\Illuminate\\View\\Middleware\\ShareErrorsFromSession.php(49): Illuminate\\Pipeline\\Pipeline->{closure:{closure:Illuminate\\Pipeline\\Pipeline::carry():184}:185}(Object(Illuminate\\Http\\Request))
#37 C:\\Code\\TrustCash\\vendor\\laravel\\framework\\src\\Illuminate\\Pipeline\\Pipeline.php(209): Illuminate\\View\\Middleware\\ShareErrorsFromSession->handle(Object(Illuminate\\Http\\Request), Object(Closure))
#38 C:\\Code\\TrustCash\\vendor\\laravel\\framework\\src\\Illuminate\\Session\\Middleware\\StartSession.php(121): Illuminate\\Pipeline\\Pipeline->{closure:{closure:Illuminate\\Pipeline\\Pipeline::carry():184}:185}(Object(Illuminate\\Http\\Request))
#39 C:\\Code\\TrustCash\\vendor\\laravel\\framework\\src\\Illuminate\\Session\\Middleware\\StartSession.php(64): Illuminate\\Session\\Middleware\\StartSession->handleStatefulRequest(Object(Illuminate\\Http\\Request), Object(Illuminate\\Session\\Store), Object(Closure))
#40 C:\\Code\\TrustCash\\vendor\\laravel\\framework\\src\\Illuminate\\Pipeline\\Pipeline.php(209): Illuminate\\Session\\Middleware\\StartSession->handle(Object(Illuminate\\Http\\Request), Object(Closure))
#41 C:\\Code\\TrustCash\\vendor\\laravel\\framework\\src\\Illuminate\\Cookie\\Middleware\\AddQueuedCookiesToResponse.php(37): Illuminate\\Pipeline\\Pipeline->{closure:{closure:Illuminate\\Pipeline\\Pipeline::carry():184}:185}(Object(Illuminate\\Http\\Request))
#42 C:\\Code\\TrustCash\\vendor\\laravel\\framework\\src\\Illuminate\\Pipeline\\Pipeline.php(209): Illuminate\\Cookie\\Middleware\\AddQueuedCookiesToResponse->handle(Object(Illuminate\\Http\\Request), Object(Closure))
#43 C:\\Code\\TrustCash\\vendor\\laravel\\framework\\src\\Illuminate\\Cookie\\Middleware\\EncryptCookies.php(75): Illuminate\\Pipeline\\Pipeline->{closure:{closure:Illuminate\\Pipeline\\Pipeline::carry():184}:185}(Object(Illuminate\\Http\\Request))
#44 C:\\Code\\TrustCash\\vendor\\laravel\\framework\\src\\Illuminate\\Pipeline\\Pipeline.php(209): Illuminate\\Cookie\\Middleware\\EncryptCookies->handle(Object(Illuminate\\Http\\Request), Object(Closure))
#45 C:\\Code\\TrustCash\\vendor\\laravel\\framework\\src\\Illuminate\\Pipeline\\Pipeline.php(127): Illuminate\\Pipeline\\Pipeline->{closure:{closure:Illuminate\\Pipeline\\Pipeline::carry():184}:185}(Object(Illuminate\\Http\\Request))
#46 C:\\Code\\TrustCash\\vendor\\laravel\\framework\\src\\Illuminate\\Routing\\Router.php(807): Illuminate\\Pipeline\\Pipeline->then(Object(Closure))
#47 C:\\Code\\TrustCash\\vendor\\laravel\\framework\\src\\Illuminate\\Routing\\Router.php(786): Illuminate\\Routing\\Router->runRouteWithinStack(Object(Illuminate\\Routing\\Route), Object(Illuminate\\Http\\Request))
#48 C:\\Code\\TrustCash\\vendor\\laravel\\framework\\src\\Illuminate\\Routing\\Router.php(750): Illuminate\\Routing\\Router->runRoute(Object(Illuminate\\Http\\Request), Object(Illuminate\\Routing\\Route))
#49 C:\\Code\\TrustCash\\vendor\\laravel\\framework\\src\\Illuminate\\Routing\\Router.php(739): Illuminate\\Routing\\Router->dispatchToRoute(Object(Illuminate\\Http\\Request))
#50 C:\\Code\\TrustCash\\vendor\\laravel\\framework\\src\\Illuminate\\Foundation\\Http\\Kernel.php(201): Illuminate\\Routing\\Router->dispatch(Object(Illuminate\\Http\\Request))
#51 C:\\Code\\TrustCash\\vendor\\laravel\\framework\\src\\Illuminate\\Pipeline\\Pipeline.php(170): Illuminate\\Foundation\\Http\\Kernel->{closure:Illuminate\\Foundation\\Http\\Kernel::dispatchToRouter():198}(Object(Illuminate\\Http\\Request))
#52 C:\\Code\\TrustCash\\vendor\\laravel\\framework\\src\\Illuminate\\Foundation\\Http\\Middleware\\TransformsRequest.php(21): Illuminate\\Pipeline\\Pipeline->{closure:Illuminate\\Pipeline\\Pipeline::prepareDestination():168}(Object(Illuminate\\Http\\Request))
#53 C:\\Code\\TrustCash\\vendor\\laravel\\framework\\src\\Illuminate\\Foundation\\Http\\Middleware\\ConvertEmptyStringsToNull.php(31): Illuminate\\Foundation\\Http\\Middleware\\TransformsRequest->handle(Object(Illuminate\\Http\\Request), Object(Closure))
#54 C:\\Code\\TrustCash\\vendor\\laravel\\framework\\src\\Illuminate\\Pipeline\\Pipeline.php(209): Illuminate\\Foundation\\Http\\Middleware\\ConvertEmptyStringsToNull->handle(Object(Illuminate\\Http\\Request), Object(Closure))
#55 C:\\Code\\TrustCash\\vendor\\laravel\\framework\\src\\Illuminate\\Foundation\\Http\\Middleware\\TransformsRequest.php(21): Illuminate\\Pipeline\\Pipeline->{closure:{closure:Illuminate\\Pipeline\\Pipeline::carry():184}:185}(Object(Illuminate\\Http\\Request))
#56 C:\\Code\\TrustCash\\vendor\\laravel\\framework\\src\\Illuminate\\Foundation\\Http\\Middleware\\TrimStrings.php(51): Illuminate\\Foundation\\Http\\Middleware\\TransformsRequest->handle(Object(Illuminate\\Http\\Request), Object(Closure))
#57 C:\\Code\\TrustCash\\vendor\\laravel\\framework\\src\\Illuminate\\Pipeline\\Pipeline.php(209): Illuminate\\Foundation\\Http\\Middleware\\TrimStrings->handle(Object(Illuminate\\Http\\Request), Object(Closure))
#58 C:\\Code\\TrustCash\\vendor\\laravel\\framework\\src\\Illuminate\\Http\\Middleware\\ValidatePostSize.php(27): Illuminate\\Pipeline\\Pipeline->{closure:{closure:Illuminate\\Pipeline\\Pipeline::carry():184}:185}(Object(Illuminate\\Http\\Request))
#59 C:\\Code\\TrustCash\\vendor\\laravel\\framework\\src\\Illuminate\\Pipeline\\Pipeline.php(209): Illuminate\\Http\\Middleware\\ValidatePostSize->handle(Object(Illuminate\\Http\\Request), Object(Closure))
#60 C:\\Code\\TrustCash\\vendor\\laravel\\framework\\src\\Illuminate\\Foundation\\Http\\Middleware\\PreventRequestsDuringMaintenance.php(110): Illuminate\\Pipeline\\Pipeline->{closure:{closure:Illuminate\\Pipeline\\Pipeline::carry():184}:185}(Object(Illuminate\\Http\\Request))
#61 C:\\Code\\TrustCash\\vendor\\laravel\\framework\\src\\Illuminate\\Pipeline\\Pipeline.php(209): Illuminate\\Foundation\\Http\\Middleware\\PreventRequestsDuringMaintenance->handle(Object(Illuminate\\Http\\Request), Object(Closure))
#62 C:\\Code\\TrustCash\\vendor\\laravel\\framework\\src\\Illuminate\\Http\\Middleware\\HandleCors.php(49): Illuminate\\Pipeline\\Pipeline->{closure:{closure:Illuminate\\Pipeline\\Pipeline::carry():184}:185}(Object(Illuminate\\Http\\Request))
#63 C:\\Code\\TrustCash\\vendor\\laravel\\framework\\src\\Illuminate\\Pipeline\\Pipeline.php(209): Illuminate\\Http\\Middleware\\HandleCors->handle(Object(Illuminate\\Http\\Request), Object(Closure))
#64 C:\\Code\\TrustCash\\vendor\\laravel\\framework\\src\\Illuminate\\Http\\Middleware\\TrustProxies.php(58): Illuminate\\Pipeline\\Pipeline->{closure:{closure:Illuminate\\Pipeline\\Pipeline::carry():184}:185}(Object(Illuminate\\Http\\Request))
#65 C:\\Code\\TrustCash\\vendor\\laravel\\framework\\src\\Illuminate\\Pipeline\\Pipeline.php(209): Illuminate\\Http\\Middleware\\TrustProxies->handle(Object(Illuminate\\Http\\Request), Object(Closure))
#66 C:\\Code\\TrustCash\\vendor\\laravel\\framework\\src\\Illuminate\\Foundation\\Http\\Middleware\\InvokeDeferredCallbacks.php(22): Illuminate\\Pipeline\\Pipeline->{closure:{closure:Illuminate\\Pipeline\\Pipeline::carry():184}:185}(Object(Illuminate\\Http\\Request))
#67 C:\\Code\\TrustCash\\vendor\\laravel\\framework\\src\\Illuminate\\Pipeline\\Pipeline.php(209): Illuminate\\Foundation\\Http\\Middleware\\InvokeDeferredCallbacks->handle(Object(Illuminate\\Http\\Request), Object(Closure))
#68 C:\\Code\\TrustCash\\vendor\\laravel\\framework\\src\\Illuminate\\Pipeline\\Pipeline.php(127): Illuminate\\Pipeline\\Pipeline->{closure:{closure:Illuminate\\Pipeline\\Pipeline::carry():184}:185}(Object(Illuminate\\Http\\Request))
#69 C:\\Code\\TrustCash\\vendor\\laravel\\framework\\src\\Illuminate\\Foundation\\Http\\Kernel.php(176): Illuminate\\Pipeline\\Pipeline->then(Object(Closure))
#70 C:\\Code\\TrustCash\\vendor\\laravel\\framework\\src\\Illuminate\\Foundation\\Http\\Kernel.php(145): Illuminate\\Foundation\\Http\\Kernel->sendRequestThroughRouter(Object(Illuminate\\Http\\Request))
#71 C:\\Code\\TrustCash\\vendor\\laravel\\framework\\src\\Illuminate\\Foundation\\Application.php(1220): Illuminate\\Foundation\\Http\\Kernel->handle(Object(Illuminate\\Http\\Request))
#72 C:\\Code\\TrustCash\\public\\index.php(17): Illuminate\\Foundation\\Application->handleRequest(Object(Illuminate\\Http\\Request))
#73 C:\\Code\\TrustCash\\vendor\\laravel\\framework\\src\\Illuminate\\Foundation\\resources\\server.php(23): require_once('C:\\\\Code\\\\TrustCa...')
#74 {main}
"} 
[2026-09-27 06:24:30] local.ERROR: Class "Stancl\JobPipeline\JobPipeline" not found {"exception":"[object] (Error(code: 0): Class \"Stancl\\JobPipeline\\JobPipeline\" not found at C:\\Code\\TrustCash\\app\\Providers\\TenancyServiceProvider.php:27)
[stacktrace]
#0 C:\\Code\\TrustCash\\app\\Providers\\TenancyServiceProvider.php(110): App\\Providers\\TenancyServiceProvider->events()
#1 C:\\Code\\TrustCash\\app\\Providers\\TenancyServiceProvider.php(102): App\\Providers\\TenancyServiceProvider->bootEvents()
#2 C:\\Code\\TrustCash\\vendor\\laravel\\framework\\src\\Illuminate\\Container\\BoundMethod.php(36): App\\Providers\\TenancyServiceProvider->boot()
#3 C:\\Code\\TrustCash\\vendor\\laravel\\framework\\src\\Illuminate\\Container\\Util.php(43): Illuminate\\Container\\BoundMethod::{closure:Illuminate\\Container\\BoundMethod::call():35}()
#4 C:\\Code\\TrustCash\\vendor\\laravel\\framework\\src\\Illuminate\\Container\\BoundMethod.php(95): Illuminate\\Container\\Util::unwrapIfClosure(Object(Closure))
#5 C:\\Code\\TrustCash\\vendor\\laravel\\framework\\src\\Illuminate\\Container\\BoundMethod.php(35): Illuminate\\Container\\BoundMethod::callBoundMethod(Object(Illuminate\\Foundation\\Application), Array, Object(Closure))
#6 C:\\Code\\TrustCash\\vendor\\laravel\\framework\\src\\Illuminate\\Container\\Container.php(696): Illuminate\\Container\\BoundMethod::call(Object(Illuminate\\Foundation\\Application), Array, Array, NULL)
#7 C:\\Code\\TrustCash\\vendor\\laravel\\framework\\src\\Illuminate\\Foundation\\Application.php(1151): Illuminate\\Container\\Container->call(Array)
#8 C:\\Code\\TrustCash\\vendor\\laravel\\framework\\src\\Illuminate\\Foundation\\Application.php(1132): Illuminate\\Foundation\\Application->bootProvider(Object(App\\Providers\\TenancyServiceProvider))
#9 [internal function]: Illuminate\\Foundation\\Application->{closure:Illuminate\\Foundation\\Application::boot():1131}(Object(App\\Providers\\TenancyServiceProvider), 'App\\\\Providers\\\\T...')
#10 C:\\Code\\TrustCash\\vendor\\laravel\\framework\\src\\Illuminate\\Foundation\\Application.php(1131): array_walk(Array, Object(Closure))
#11 C:\\Code\\TrustCash\\vendor\\laravel\\framework\\src\\Illuminate\\Foundation\\Bootstrap\\BootProviders.php(17): Illuminate\\Foundation\\Application->boot()
#12 C:\\Code\\TrustCash\\vendor\\laravel\\framework\\src\\Illuminate\\Foundation\\Application.php(342): Illuminate\\Foundation\\Bootstrap\\BootProviders->bootstrap(Object(Illuminate\\Foundation\\Application))
#13 C:\\Code\\TrustCash\\vendor\\laravel\\framework\\src\\Illuminate\\Foundation\\Http\\Kernel.php(187): Illuminate\\Foundation\\Application->bootstrapWith(Array)
#14 C:\\Code\\TrustCash\\vendor\\laravel\\framework\\src\\Illuminate\\Foundation\\Http\\Kernel.php(171): Illuminate\\Foundation\\Http\\Kernel->bootstrap()
#15 C:\\Code\\TrustCash\\vendor\\laravel\\framework\\src\\Illuminate\\Foundation\\Http\\Kernel.php(145): Illuminate\\Foundation\\Http\\Kernel->sendRequestThroughRouter(Object(Illuminate\\Http\\Request))
#16 C:\\Code\\TrustCash\\vendor\\laravel\\framework\\src\\Illuminate\\Foundation\\Application.php(1220): Illuminate\\Foundation\\Http\\Kernel->handle(Object(Illuminate\\Http\\Request))
#17 C:\\Code\\TrustCash\\public\\index.php(17): Illuminate\\Foundation\\Application->handleRequest(Object(Illuminate\\Http\\Request))
#18 C:\\Code\\TrustCash\\vendor\\laravel\\framework\\src\\Illuminate\\Foundation\\resources\\server.php(23): require_once('C:\\\\Code\\\\TrustCa...')
#19 {main}
"} 
[2026-09-27 06:24:37] local.ERROR: Class "Stancl\JobPipeline\JobPipeline" not found {"exception":"[object] (Error(code: 0): Class \"Stancl\\JobPipeline\\JobPipeline\" not found at C:\\Code\\TrustCash\\app\\Providers\\TenancyServiceProvider.php:27)
[stacktrace]
#0 C:\\Code\\TrustCash\\app\\Providers\\TenancyServiceProvider.php(110): App\\Providers\\TenancyServiceProvider->events()
#1 C:\\Code\\TrustCash\\app\\Providers\\TenancyServiceProvider.php(102): App\\Providers\\TenancyServiceProvider->bootEvents()
#2 C:\\Code\\TrustCash\\vendor\\laravel\\framework\\src\\Illuminate\\Container\\BoundMethod.php(36): App\\Providers\\TenancyServiceProvider->boot()
#3 C:\\Code\\TrustCash\\vendor\\laravel\\framework\\src\\Illuminate\\Container\\Util.php(43): Illuminate\\Container\\BoundMethod::{closure:Illuminate\\Container\\BoundMethod::call():35}()
#4 C:\\Code\\TrustCash\\vendor\\laravel\\framework\\src\\Illuminate\\Container\\BoundMethod.php(95): Illuminate\\Container\\Util::unwrapIfClosure(Object(Closure))
#5 C:\\Code\\TrustCash\\vendor\\laravel\\framework\\src\\Illuminate\\Container\\BoundMethod.php(35): Illuminate\\Container\\BoundMethod::callBoundMethod(Object(Illuminate\\Foundation\\Application), Array, Object(Closure))
#6 C:\\Code\\TrustCash\\vendor\\laravel\\framework\\src\\Illuminate\\Container\\Container.php(696): Illuminate\\Container\\BoundMethod::call(Object(Illuminate\\Foundation\\Application), Array, Array, NULL)
#7 C:\\Code\\TrustCash\\vendor\\laravel\\framework\\src\\Illuminate\\Foundation\\Application.php(1151): Illuminate\\Container\\Container->call(Array)
#8 C:\\Code\\TrustCash\\vendor\\laravel\\framework\\src\\Illuminate\\Foundation\\Application.php(1132): Illuminate\\Foundation\\Application->bootProvider(Object(App\\Providers\\TenancyServiceProvider))
#9 [internal function]: Illuminate\\Foundation\\Application->{closure:Illuminate\\Foundation\\Application::boot():1131}(Object(App\\Providers\\TenancyServiceProvider), 'App\\\\Providers\\\\T...')
#10 C:\\Code\\TrustCash\\vendor\\laravel\\framework\\src\\Illuminate\\Foundation\\Application.php(1131): array_walk(Array, Object(Closure))
#11 C:\\Code\\TrustCash\\vendor\\laravel\\framework\\src\\Illuminate\\Foundation\\Bootstrap\\BootProviders.php(17): Illuminate\\Foundation\\Application->boot()
#12 C:\\Code\\TrustCash\\vendor\\laravel\\framework\\src\\Illuminate\\Foundation\\Application.php(342): Illuminate\\Foundation\\Bootstrap\\BootProviders->bootstrap(Object(Illuminate\\Foundation\\Application))
#13 C:\\Code\\TrustCash\\vendor\\laravel\\framework\\src\\Illuminate\\Foundation\\Console\\Kernel.php(474): Illuminate\\Foundation\\Application->bootstrapWith(Array)
#14 C:\\Code\\TrustCash\\vendor\\laravel\\framework\\src\\Illuminate\\Foundation\\Console\\Kernel.php(196): Illuminate\\Foundation\\Console\\Kernel->bootstrap()
#15 C:\\Code\\TrustCash\\vendor\\laravel\\framework\\src\\Illuminate\\Foundation\\Application.php(1235): Illuminate\\Foundation\\Console\\Kernel->handle(Object(Symfony\\Component\\Console\\Input\\ArgvInput), Object(Symfony\\Component\\Console\\Output\\ConsoleOutput))
#16 C:\\Code\\TrustCash\\artisan(13): Illuminate\\Foundation\\Application->handleCommand(Object(Symfony\\Component\\Console\\Input\\ArgvInput))
#17 {main}
"} 
[2026-09-27 06:25:48] local.ERROR: Class "Stancl\JobPipeline\JobPipeline" not found {"exception":"[object] (Error(code: 0): Class \"Stancl\\JobPipeline\\JobPipeline\" not found at C:\\Code\\TrustCash\\app\\Providers\\TenancyServiceProvider.php:27)
[stacktrace]
#0 C:\\Code\\TrustCash\\app\\Providers\\TenancyServiceProvider.php(110): App\\Providers\\TenancyServiceProvider->events()
#1 C:\\Code\\TrustCash\\app\\Providers\\TenancyServiceProvider.php(102): App\\Providers\\TenancyServiceProvider->bootEvents()
#2 C:\\Code\\TrustCash\\vendor\\laravel\\framework\\src\\Illuminate\\Container\\BoundMethod.php(36): App\\Providers\\TenancyServiceProvider->boot()
#3 C:\\Code\\TrustCash\\vendor\\laravel\\framework\\src\\Illuminate\\Container\\Util.php(43): Illuminate\\Container\\BoundMethod::{closure:Illuminate\\Container\\BoundMethod::call():35}()
#4 C:\\Code\\TrustCash\\vendor\\laravel\\framework\\src\\Illuminate\\Container\\BoundMethod.php(95): Illuminate\\Container\\Util::unwrapIfClosure(Object(Closure))
#5 C:\\Code\\TrustCash\\vendor\\laravel\\framework\\src\\Illuminate\\Container\\BoundMethod.php(35): Illuminate\\Container\\BoundMethod::callBoundMethod(Object(Illuminate\\Foundation\\Application), Array, Object(Closure))
#6 C:\\Code\\TrustCash\\vendor\\laravel\\framework\\src\\Illuminate\\Container\\Container.php(696): Illuminate\\Container\\BoundMethod::call(Object(Illuminate\\Foundation\\Application), Array, Array, NULL)
#7 C:\\Code\\TrustCash\\vendor\\laravel\\framework\\src\\Illuminate\\Foundation\\Application.php(1151): Illuminate\\Container\\Container->call(Array)
#8 C:\\Code\\TrustCash\\vendor\\laravel\\framework\\src\\Illuminate\\Foundation\\Application.php(1132): Illuminate\\Foundation\\Application->bootProvider(Object(App\\Providers\\TenancyServiceProvider))
#9 [internal function]: Illuminate\\Foundation\\Application->{closure:Illuminate\\Foundation\\Application::boot():1131}(Object(App\\Providers\\TenancyServiceProvider), 'App\\\\Providers\\\\T...')
#10 C:\\Code\\TrustCash\\vendor\\laravel\\framework\\src\\Illuminate\\Foundation\\Application.php(1131): array_walk(Array, Object(Closure))
#11 C:\\Code\\TrustCash\\vendor\\laravel\\framework\\src\\Illuminate\\Foundation\\Bootstrap\\BootProviders.php(17): Illuminate\\Foundation\\Application->boot()
#12 C:\\Code\\TrustCash\\vendor\\laravel\\framework\\src\\Illuminate\\Foundation\\Application.php(342): Illuminate\\Foundation\\Bootstrap\\BootProviders->bootstrap(Object(Illuminate\\Foundation\\Application))
#13 C:\\Code\\TrustCash\\vendor\\laravel\\framework\\src\\Illuminate\\Foundation\\Console\\Kernel.php(474): Illuminate\\Foundation\\Application->bootstrapWith(Array)
#14 C:\\Code\\TrustCash\\vendor\\laravel\\framework\\src\\Illuminate\\Foundation\\Console\\Kernel.php(196): Illuminate\\Foundation\\Console\\Kernel->bootstrap()
#15 C:\\Code\\TrustCash\\vendor\\laravel\\framework\\src\\Illuminate\\Foundation\\Application.php(1235): Illuminate\\Foundation\\Console\\Kernel->handle(Object(Symfony\\Component\\Console\\Input\\ArgvInput), Object(Symfony\\Component\\Console\\Output\\ConsoleOutput))
#16 C:\\Code\\TrustCash\\artisan(13): Illuminate\\Foundation\\Application->handleCommand(Object(Symfony\\Component\\Console\\Input\\ArgvInput))
#17 {main}
"} 
[2026-09-27 06:25:56] local.ERROR: Class "Maatwebsite\Excel\ExcelServiceProvider" not found {"exception":"[object] (Error(code: 0): Class \"Maatwebsite\\Excel\\ExcelServiceProvider\" not found at C:\\Code\\TrustCash\\vendor\\laravel\\framework\\src\\Illuminate\\Foundation\\Application.php:961)
[stacktrace]
#0 C:\\Code\\TrustCash\\vendor\\laravel\\framework\\src\\Illuminate\\Foundation\\Application.php(893): Illuminate\\Foundation\\Application->resolveProvider('Maatwebsite\\\\Exc...')
#1 C:\\Code\\TrustCash\\vendor\\laravel\\framework\\src\\Illuminate\\Foundation\\ProviderRepository.php(75): Illuminate\\Foundation\\Application->register('Maatwebsite\\\\Exc...')
#2 C:\\Code\\TrustCash\\vendor\\laravel\\framework\\src\\Illuminate\\Foundation\\Application.php(871): Illuminate\\Foundation\\ProviderRepository->load(Array)
#3 C:\\Code\\TrustCash\\vendor\\laravel\\framework\\src\\Illuminate\\Foundation\\Bootstrap\\RegisterProviders.php(37): Illuminate\\Foundation\\Application->registerConfiguredProviders()
#4 C:\\Code\\TrustCash\\vendor\\laravel\\framework\\src\\Illuminate\\Foundation\\Application.php(342): Illuminate\\Foundation\\Bootstrap\\RegisterProviders->bootstrap(Object(Illuminate\\Foundation\\Application))
#5 C:\\Code\\TrustCash\\vendor\\laravel\\framework\\src\\Illuminate\\Foundation\\Console\\Kernel.php(474): Illuminate\\Foundation\\Application->bootstrapWith(Array)
#6 C:\\Code\\TrustCash\\vendor\\laravel\\framework\\src\\Illuminate\\Foundation\\Console\\Kernel.php(196): Illuminate\\Foundation\\Console\\Kernel->bootstrap()
#7 C:\\Code\\TrustCash\\vendor\\laravel\\framework\\src\\Illuminate\\Foundation\\Application.php(1235): Illuminate\\Foundation\\Console\\Kernel->handle(Object(Symfony\\Component\\Console\\Input\\ArgvInput), Object(Symfony\\Component\\Console\\Output\\ConsoleOutput))
#8 C:\\Code\\TrustCash\\artisan(13): Illuminate\\Foundation\\Application->handleCommand(Object(Symfony\\Component\\Console\\Input\\ArgvInput))
#9 {main}
"} 
[2026-09-27 06:26:35] local.ERROR: Class "Maatwebsite\Excel\ExcelServiceProvider" not found {"exception":"[object] (Error(code: 0): Class \"Maatwebsite\\Excel\\ExcelServiceProvider\" not found at C:\\Code\\TrustCash\\vendor\\laravel\\framework\\src\\Illuminate\\Foundation\\Application.php:961)
[stacktrace]
#0 C:\\Code\\TrustCash\\vendor\\laravel\\framework\\src\\Illuminate\\Foundation\\Application.php(893): Illuminate\\Foundation\\Application->resolveProvider('Maatwebsite\\\\Exc...')
#1 C:\\Code\\TrustCash\\vendor\\laravel\\framework\\src\\Illuminate\\Foundation\\ProviderRepository.php(75): Illuminate\\Foundation\\Application->register('Maatwebsite\\\\Exc...')
#2 C:\\Code\\TrustCash\\vendor\\laravel\\framework\\src\\Illuminate\\Foundation\\Application.php(871): Illuminate\\Foundation\\ProviderRepository->load(Array)
#3 C:\\Code\\TrustCash\\vendor\\laravel\\framework\\src\\Illuminate\\Foundation\\Bootstrap\\RegisterProviders.php(37): Illuminate\\Foundation\\Application->registerConfiguredProviders()
#4 C:\\Code\\TrustCash\\vendor\\laravel\\framework\\src\\Illuminate\\Foundation\\Application.php(342): Illuminate\\Foundation\\Bootstrap\\RegisterProviders->bootstrap(Object(Illuminate\\Foundation\\Application))
#5 C:\\Code\\TrustCash\\vendor\\laravel\\framework\\src\\Illuminate\\Foundation\\Console\\Kernel.php(474): Illuminate\\Foundation\\Application->bootstrapWith(Array)
#6 C:\\Code\\TrustCash\\vendor\\laravel\\framework\\src\\Illuminate\\Foundation\\Console\\Kernel.php(196): Illuminate\\Foundation\\Console\\Kernel->bootstrap()
#7 C:\\Code\\TrustCash\\vendor\\laravel\\framework\\src\\Illuminate\\Foundation\\Application.php(1235): Illuminate\\Foundation\\Console\\Kernel->handle(Object(Symfony\\Component\\Console\\Input\\ArgvInput), Object(Symfony\\Component\\Console\\Output\\ConsoleOutput))
#8 C:\\Code\\TrustCash\\artisan(13): Illuminate\\Foundation\\Application->handleCommand(Object(Symfony\\Component\\Console\\Input\\ArgvInput))
#9 {main}
"} 
[2026-09-27 06:26:51] local.ERROR: Class "Maatwebsite\Excel\ExcelServiceProvider" not found {"exception":"[object] (Error(code: 0): Class \"Maatwebsite\\Excel\\ExcelServiceProvider\" not found at C:\\Code\\TrustCash\\vendor\\laravel\\framework\\src\\Illuminate\\Foundation\\Application.php:961)
[stacktrace]
#0 C:\\Code\\TrustCash\\vendor\\laravel\\framework\\src\\Illuminate\\Foundation\\Application.php(893): Illuminate\\Foundation\\Application->resolveProvider('Maatwebsite\\\\Exc...')
#1 C:\\Code\\TrustCash\\vendor\\laravel\\framework\\src\\Illuminate\\Foundation\\ProviderRepository.php(75): Illuminate\\Foundation\\Application->register('Maatwebsite\\\\Exc...')
#2 C:\\Code\\TrustCash\\vendor\\laravel\\framework\\src\\Illuminate\\Foundation\\Application.php(871): Illuminate\\Foundation\\ProviderRepository->load(Array)
#3 C:\\Code\\TrustCash\\vendor\\laravel\\framework\\src\\Illuminate\\Foundation\\Bootstrap\\RegisterProviders.php(37): Illuminate\\Foundation\\Application->registerConfiguredProviders()
#4 C:\\Code\\TrustCash\\vendor\\laravel\\framework\\src\\Illuminate\\Foundation\\Application.php(342): Illuminate\\Foundation\\Bootstrap\\RegisterProviders->bootstrap(Object(Illuminate\\Foundation\\Application))
#5 C:\\Code\\TrustCash\\vendor\\laravel\\framework\\src\\Illuminate\\Foundation\\Http\\Kernel.php(187): Illuminate\\Foundation\\Application->bootstrapWith(Array)
#6 C:\\Code\\TrustCash\\vendor\\laravel\\framework\\src\\Illuminate\\Foundation\\Http\\Kernel.php(171): Illuminate\\Foundation\\Http\\Kernel->bootstrap()
#7 C:\\Code\\TrustCash\\vendor\\laravel\\framework\\src\\Illuminate\\Foundation\\Http\\Kernel.php(145): Illuminate\\Foundation\\Http\\Kernel->sendRequestThroughRouter(Object(Illuminate\\Http\\Request))
#8 C:\\Code\\TrustCash\\vendor\\laravel\\framework\\src\\Illuminate\\Foundation\\Application.php(1220): Illuminate\\Foundation\\Http\\Kernel->handle(Object(Illuminate\\Http\\Request))
#9 C:\\Code\\TrustCash\\public\\index.php(17): Illuminate\\Foundation\\Application->handleRequest(Object(Illuminate\\Http\\Request))
#10 C:\\Code\\TrustCash\\vendor\\laravel\\framework\\src\\Illuminate\\Foundation\\resources\\server.php(23): require_once('C:\\\\Code\\\\TrustCa...')
#11 {main}
"} 
[2026-09-27 06:26:56] local.ERROR: Class "Maatwebsite\Excel\ExcelServiceProvider" not found {"exception":"[object] (Error(code: 0): Class \"Maatwebsite\\Excel\\ExcelServiceProvider\" not found at C:\\Code\\TrustCash\\vendor\\laravel\\framework\\src\\Illuminate\\Foundation\\Application.php:961)
[stacktrace]
#0 C:\\Code\\TrustCash\\vendor\\laravel\\framework\\src\\Illuminate\\Foundation\\Application.php(893): Illuminate\\Foundation\\Application->resolveProvider('Maatwebsite\\\\Exc...')
#1 C:\\Code\\TrustCash\\vendor\\laravel\\framework\\src\\Illuminate\\Foundation\\ProviderRepository.php(75): Illuminate\\Foundation\\Application->register('Maatwebsite\\\\Exc...')
#2 C:\\Code\\TrustCash\\vendor\\laravel\\framework\\src\\Illuminate\\Foundation\\Application.php(871): Illuminate\\Foundation\\ProviderRepository->load(Array)
#3 C:\\Code\\TrustCash\\vendor\\laravel\\framework\\src\\Illuminate\\Foundation\\Bootstrap\\RegisterProviders.php(37): Illuminate\\Foundation\\Application->registerConfiguredProviders()
#4 C:\\Code\\TrustCash\\vendor\\laravel\\framework\\src\\Illuminate\\Foundation\\Application.php(342): Illuminate\\Foundation\\Bootstrap\\RegisterProviders->bootstrap(Object(Illuminate\\Foundation\\Application))
#5 C:\\Code\\TrustCash\\vendor\\laravel\\framework\\src\\Illuminate\\Foundation\\Console\\Kernel.php(474): Illuminate\\Foundation\\Application->bootstrapWith(Array)
#6 C:\\Code\\TrustCash\\vendor\\laravel\\framework\\src\\Illuminate\\Foundation\\Console\\Kernel.php(196): Illuminate\\Foundation\\Console\\Kernel->bootstrap()
#7 C:\\Code\\TrustCash\\vendor\\laravel\\framework\\src\\Illuminate\\Foundation\\Application.php(1235): Illuminate\\Foundation\\Console\\Kernel->handle(Object(Symfony\\Component\\Console\\Input\\ArgvInput), Object(Symfony\\Component\\Console\\Output\\ConsoleOutput))
#8 C:\\Code\\TrustCash\\artisan(13): Illuminate\\Foundation\\Application->handleCommand(Object(Symfony\\Component\\Console\\Input\\ArgvInput))
#9 {main}
"} 
[2026-09-27 06:28:51] local.ERROR: SQLSTATE[42S02]: Base table or view not found: 1146 Table 'trustcash.plans' doesn't exist (Connection: mysql, SQL: select * from `plans` where `is_active` = 1 and `plans`.`deleted_at` is null order by `sort_order` asc) {"exception":"[object] (Illuminate\\Database\\QueryException(code: 42S02): SQLSTATE[42S02]: Base table or view not found: 1146 Table 'trustcash.plans' doesn't exist (Connection: mysql, SQL: select * from `plans` where `is_active` = 1 and `plans`.`deleted_at` is null order by `sort_order` asc) at C:\\Code\\TrustCash\\vendor\\laravel\\framework\\src\\Illuminate\\Database\\Connection.php:825)
[stacktrace]
#0 C:\\Code\\TrustCash\\vendor\\laravel\\framework\\src\\Illuminate\\Database\\Connection.php(779): Illuminate\\Database\\Connection->runQueryCallback('select * from `...', Array, Object(Closure))
#1 C:\\Code\\TrustCash\\vendor\\laravel\\framework\\src\\Illuminate\\Database\\Connection.php(398): Illuminate\\Database\\Connection->run('select * from `...', Array, Object(Closure))
#2 C:\\Code\\TrustCash\\vendor\\laravel\\framework\\src\\Illuminate\\Database\\Query\\Builder.php(3106): Illuminate\\Database\\Connection->select('select * from `...', Array, true)
#3 C:\\Code\\TrustCash\\vendor\\laravel\\framework\\src\\Illuminate\\Database\\Query\\Builder.php(3091): Illuminate\\Database\\Query\\Builder->runSelect()
#4 C:\\Code\\TrustCash\\vendor\\laravel\\framework\\src\\Illuminate\\Database\\Query\\Builder.php(3676): Illuminate\\Database\\Query\\Builder->{closure:Illuminate\\Database\\Query\\Builder::get():3090}()
#5 C:\\Code\\TrustCash\\vendor\\laravel\\framework\\src\\Illuminate\\Database\\Query\\Builder.php(3090): Illuminate\\Database\\Query\\Builder->onceWithColumns(Array, Object(Closure))
#6 C:\\Code\\TrustCash\\vendor\\laravel\\framework\\src\\Illuminate\\Database\\Eloquent\\Builder.php(811): Illuminate\\Database\\Query\\Builder->get(Array)
#7 C:\\Code\\TrustCash\\vendor\\laravel\\framework\\src\\Illuminate\\Database\\Eloquent\\Builder.php(793): Illuminate\\Database\\Eloquent\\Builder->getModels(Array)
#8 C:\\Code\\TrustCash\\app\\Http\\Controllers\\Central\\LandingPageController.php(15): Illuminate\\Database\\Eloquent\\Builder->get()
#9 C:\\Code\\TrustCash\\vendor\\laravel\\framework\\src\\Illuminate\\Routing\\ControllerDispatcher.php(47): App\\Http\\Controllers\\Central\\LandingPageController->index()
#10 C:\\Code\\TrustCash\\vendor\\laravel\\framework\\src\\Illuminate\\Routing\\Route.php(266): Illuminate\\Routing\\ControllerDispatcher->dispatch(Object(Illuminate\\Routing\\Route), Object(App\\Http\\Controllers\\Central\\LandingPageController), 'index')
#11 C:\\Code\\TrustCash\\vendor\\laravel\\framework\\src\\Illuminate\\Routing\\Route.php(212): Illuminate\\Routing\\Route->runController()
#12 C:\\Code\\TrustCash\\vendor\\laravel\\framework\\src\\Illuminate\\Routing\\Router.php(808): Illuminate\\Routing\\Route->run()
#13 C:\\Code\\TrustCash\\vendor\\laravel\\framework\\src\\Illuminate\\Pipeline\\Pipeline.php(170): Illuminate\\Routing\\Router->{closure:Illuminate\\Routing\\Router::runRouteWithinStack():807}(Object(Illuminate\\Http\\Request))
#14 C:\\Code\\TrustCash\\vendor\\laravel\\boost\\src\\Middleware\\InjectBoost.php(22): Illuminate\\Pipeline\\Pipeline->{closure:Illuminate\\Pipeline\\Pipeline::prepareDestination():168}(Object(Illuminate\\Http\\Request))
#15 C:\\Code\\TrustCash\\vendor\\laravel\\framework\\src\\Illuminate\\Pipeline\\Pipeline.php(209): Laravel\\Boost\\Middleware\\InjectBoost->handle(Object(Illuminate\\Http\\Request), Object(Closure))
#16 C:\\Code\\TrustCash\\vendor\\laravel\\framework\\src\\Illuminate\\Http\\Middleware\\AddLinkHeadersForPreloadedAssets.php(20): Illuminate\\Pipeline\\Pipeline->{closure:{closure:Illuminate\\Pipeline\\Pipeline::carry():184}:185}(Object(Illuminate\\Http\\Request))
#17 C:\\Code\\TrustCash\\vendor\\laravel\\framework\\src\\Illuminate\\Pipeline\\Pipeline.php(209): Illuminate\\Http\\Middleware\\AddLinkHeadersForPreloadedAssets->handle(Object(Illuminate\\Http\\Request), Object(Closure))
#18 C:\\Code\\TrustCash\\vendor\\inertiajs\\inertia-laravel\\src\\Middleware.php(86): Illuminate\\Pipeline\\Pipeline->{closure:{closure:Illuminate\\Pipeline\\Pipeline::carry():184}:185}(Object(Illuminate\\Http\\Request))
#19 C:\\Code\\TrustCash\\vendor\\laravel\\framework\\src\\Illuminate\\Pipeline\\Pipeline.php(209): Inertia\\Middleware->handle(Object(Illuminate\\Http\\Request), Object(Closure))
#20 C:\\Code\\TrustCash\\vendor\\laravel\\framework\\src\\Illuminate\\Routing\\Middleware\\SubstituteBindings.php(51): Illuminate\\Pipeline\\Pipeline->{closure:{closure:Illuminate\\Pipeline\\Pipeline::carry():184}:185}(Object(Illuminate\\Http\\Request))
#21 C:\\Code\\TrustCash\\vendor\\laravel\\framework\\src\\Illuminate\\Pipeline\\Pipeline.php(209): Illuminate\\Routing\\Middleware\\SubstituteBindings->handle(Object(Illuminate\\Http\\Request), Object(Closure))
#22 C:\\Code\\TrustCash\\vendor\\laravel\\framework\\src\\Illuminate\\Foundation\\Http\\Middleware\\VerifyCsrfToken.php(88): Illuminate\\Pipeline\\Pipeline->{closure:{closure:Illuminate\\Pipeline\\Pipeline::carry():184}:185}(Object(Illuminate\\Http\\Request))
#23 C:\\Code\\TrustCash\\vendor\\laravel\\framework\\src\\Illuminate\\Pipeline\\Pipeline.php(209): Illuminate\\Foundation\\Http\\Middleware\\VerifyCsrfToken->handle(Object(Illuminate\\Http\\Request), Object(Closure))
#24 C:\\Code\\TrustCash\\vendor\\laravel\\framework\\src\\Illuminate\\View\\Middleware\\ShareErrorsFromSession.php(49): Illuminate\\Pipeline\\Pipeline->{closure:{closure:Illuminate\\Pipeline\\Pipeline::carry():184}:185}(Object(Illuminate\\Http\\Request))
#25 C:\\Code\\TrustCash\\vendor\\laravel\\framework\\src\\Illuminate\\Pipeline\\Pipeline.php(209): Illuminate\\View\\Middleware\\ShareErrorsFromSession->handle(Object(Illuminate\\Http\\Request), Object(Closure))
#26 C:\\Code\\TrustCash\\vendor\\laravel\\framework\\src\\Illuminate\\Session\\Middleware\\StartSession.php(121): Illuminate\\Pipeline\\Pipeline->{closure:{closure:Illuminate\\Pipeline\\Pipeline::carry():184}:185}(Object(Illuminate\\Http\\Request))
#27 C:\\Code\\TrustCash\\vendor\\laravel\\framework\\src\\Illuminate\\Session\\Middleware\\StartSession.php(64): Illuminate\\Session\\Middleware\\StartSession->handleStatefulRequest(Object(Illuminate\\Http\\Request), Object(Illuminate\\Session\\Store), Object(Closure))
#28 C:\\Code\\TrustCash\\vendor\\laravel\\framework\\src\\Illuminate\\Pipeline\\Pipeline.php(209): Illuminate\\Session\\Middleware\\StartSession->handle(Object(Illuminate\\Http\\Request), Object(Closure))
#29 C:\\Code\\TrustCash\\vendor\\laravel\\framework\\src\\Illuminate\\Cookie\\Middleware\\AddQueuedCookiesToResponse.php(37): Illuminate\\Pipeline\\Pipeline->{closure:{closure:Illuminate\\Pipeline\\Pipeline::carry():184}:185}(Object(Illuminate\\Http\\Request))
#30 C:\\Code\\TrustCash\\vendor\\laravel\\framework\\src\\Illuminate\\Pipeline\\Pipeline.php(209): Illuminate\\Cookie\\Middleware\\AddQueuedCookiesToResponse->handle(Object(Illuminate\\Http\\Request), Object(Closure))
#31 C:\\Code\\TrustCash\\vendor\\laravel\\framework\\src\\Illuminate\\Cookie\\Middleware\\EncryptCookies.php(75): Illuminate\\Pipeline\\Pipeline->{closure:{closure:Illuminate\\Pipeline\\Pipeline::carry():184}:185}(Object(Illuminate\\Http\\Request))
#32 C:\\Code\\TrustCash\\vendor\\laravel\\framework\\src\\Illuminate\\Pipeline\\Pipeline.php(209): Illuminate\\Cookie\\Middleware\\EncryptCookies->handle(Object(Illuminate\\Http\\Request), Object(Closure))
#33 C:\\Code\\TrustCash\\vendor\\laravel\\framework\\src\\Illuminate\\Pipeline\\Pipeline.php(127): Illuminate\\Pipeline\\Pipeline->{closure:{closure:Illuminate\\Pipeline\\Pipeline::carry():184}:185}(Object(Illuminate\\Http\\Request))
#34 C:\\Code\\TrustCash\\vendor\\laravel\\framework\\src\\Illuminate\\Routing\\Router.php(807): Illuminate\\Pipeline\\Pipeline->then(Object(Closure))
#35 C:\\Code\\TrustCash\\vendor\\laravel\\framework\\src\\Illuminate\\Routing\\Router.php(786): Illuminate\\Routing\\Router->runRouteWithinStack(Object(Illuminate\\Routing\\Route), Object(Illuminate\\Http\\Request))
#36 C:\\Code\\TrustCash\\vendor\\laravel\\framework\\src\\Illuminate\\Routing\\Router.php(750): Illuminate\\Routing\\Router->runRoute(Object(Illuminate\\Http\\Request), Object(Illuminate\\Routing\\Route))
#37 C:\\Code\\TrustCash\\vendor\\laravel\\framework\\src\\Illuminate\\Routing\\Router.php(739): Illuminate\\Routing\\Router->dispatchToRoute(Object(Illuminate\\Http\\Request))
#38 C:\\Code\\TrustCash\\vendor\\laravel\\framework\\src\\Illuminate\\Foundation\\Http\\Kernel.php(201): Illuminate\\Routing\\Router->dispatch(Object(Illuminate\\Http\\Request))
#39 C:\\Code\\TrustCash\\vendor\\laravel\\framework\\src\\Illuminate\\Pipeline\\Pipeline.php(170): Illuminate\\Foundation\\Http\\Kernel->{closure:Illuminate\\Foundation\\Http\\Kernel::dispatchToRouter():198}(Object(Illuminate\\Http\\Request))
#40 C:\\Code\\TrustCash\\vendor\\laravel\\framework\\src\\Illuminate\\Foundation\\Http\\Middleware\\TransformsRequest.php(21): Illuminate\\Pipeline\\Pipeline->{closure:Illuminate\\Pipeline\\Pipeline::prepareDestination():168}(Object(Illuminate\\Http\\Request))
#41 C:\\Code\\TrustCash\\vendor\\laravel\\framework\\src\\Illuminate\\Foundation\\Http\\Middleware\\ConvertEmptyStringsToNull.php(31): Illuminate\\Foundation\\Http\\Middleware\\TransformsRequest->handle(Object(Illuminate\\Http\\Request), Object(Closure))
#42 C:\\Code\\TrustCash\\vendor\\laravel\\framework\\src\\Illuminate\\Pipeline\\Pipeline.php(209): Illuminate\\Foundation\\Http\\Middleware\\ConvertEmptyStringsToNull->handle(Object(Illuminate\\Http\\Request), Object(Closure))
#43 C:\\Code\\TrustCash\\vendor\\laravel\\framework\\src\\Illuminate\\Foundation\\Http\\Middleware\\TransformsRequest.php(21): Illuminate\\Pipeline\\Pipeline->{closure:{closure:Illuminate\\Pipeline\\Pipeline::carry():184}:185}(Object(Illuminate\\Http\\Request))
#44 C:\\Code\\TrustCash\\vendor\\laravel\\framework\\src\\Illuminate\\Foundation\\Http\\Middleware\\TrimStrings.php(51): Illuminate\\Foundation\\Http\\Middleware\\TransformsRequest->handle(Object(Illuminate\\Http\\Request), Object(Closure))
#45 C:\\Code\\TrustCash\\vendor\\laravel\\framework\\src\\Illuminate\\Pipeline\\Pipeline.php(209): Illuminate\\Foundation\\Http\\Middleware\\TrimStrings->handle(Object(Illuminate\\Http\\Request), Object(Closure))
#46 C:\\Code\\TrustCash\\vendor\\laravel\\framework\\src\\Illuminate\\Http\\Middleware\\ValidatePostSize.php(27): Illuminate\\Pipeline\\Pipeline->{closure:{closure:Illuminate\\Pipeline\\Pipeline::carry():184}:185}(Object(Illuminate\\Http\\Request))
#47 C:\\Code\\TrustCash\\vendor\\laravel\\framework\\src\\Illuminate\\Pipeline\\Pipeline.php(209): Illuminate\\Http\\Middleware\\ValidatePostSize->handle(Object(Illuminate\\Http\\Request), Object(Closure))
#48 C:\\Code\\TrustCash\\vendor\\laravel\\framework\\src\\Illuminate\\Foundation\\Http\\Middleware\\PreventRequestsDuringMaintenance.php(110): Illuminate\\Pipeline\\Pipeline->{closure:{closure:Illuminate\\Pipeline\\Pipeline::carry():184}:185}(Object(Illuminate\\Http\\Request))
#49 C:\\Code\\TrustCash\\vendor\\laravel\\framework\\src\\Illuminate\\Pipeline\\Pipeline.php(209): Illuminate\\Foundation\\Http\\Middleware\\PreventRequestsDuringMaintenance->handle(Object(Illuminate\\Http\\Request), Object(Closure))
#50 C:\\Code\\TrustCash\\vendor\\laravel\\framework\\src\\Illuminate\\Http\\Middleware\\HandleCors.php(49): Illuminate\\Pipeline\\Pipeline->{closure:{closure:Illuminate\\Pipeline\\Pipeline::carry():184}:185}(Object(Illuminate\\Http\\Request))
#51 C:\\Code\\TrustCash\\vendor\\laravel\\framework\\src\\Illuminate\\Pipeline\\Pipeline.php(209): Illuminate\\Http\\Middleware\\HandleCors->handle(Object(Illuminate\\Http\\Request), Object(Closure))
#52 C:\\Code\\TrustCash\\vendor\\laravel\\framework\\src\\Illuminate\\Http\\Middleware\\TrustProxies.php(58): Illuminate\\Pipeline\\Pipeline->{closure:{closure:Illuminate\\Pipeline\\Pipeline::carry():184}:185}(Object(Illuminate\\Http\\Request))
#53 C:\\Code\\TrustCash\\vendor\\laravel\\framework\\src\\Illuminate\\Pipeline\\Pipeline.php(209): Illuminate\\Http\\Middleware\\TrustProxies->handle(Object(Illuminate\\Http\\Request), Object(Closure))
#54 C:\\Code\\TrustCash\\vendor\\laravel\\framework\\src\\Illuminate\\Foundation\\Http\\Middleware\\InvokeDeferredCallbacks.php(22): Illuminate\\Pipeline\\Pipeline->{closure:{closure:Illuminate\\Pipeline\\Pipeline::carry():184}:185}(Object(Illuminate\\Http\\Request))
#55 C:\\Code\\TrustCash\\vendor\\laravel\\framework\\src\\Illuminate\\Pipeline\\Pipeline.php(209): Illuminate\\Foundation\\Http\\Middleware\\InvokeDeferredCallbacks->handle(Object(Illuminate\\Http\\Request), Object(Closure))
#56 C:\\Code\\TrustCash\\vendor\\laravel\\framework\\src\\Illuminate\\Pipeline\\Pipeline.php(127): Illuminate\\Pipeline\\Pipeline->{closure:{closure:Illuminate\\Pipeline\\Pipeline::carry():184}:185}(Object(Illuminate\\Http\\Request))
#57 C:\\Code\\TrustCash\\vendor\\laravel\\framework\\src\\Illuminate\\Foundation\\Http\\Kernel.php(176): Illuminate\\Pipeline\\Pipeline->then(Object(Closure))
#58 C:\\Code\\TrustCash\\vendor\\laravel\\framework\\src\\Illuminate\\Foundation\\Http\\Kernel.php(145): Illuminate\\Foundation\\Http\\Kernel->sendRequestThroughRouter(Object(Illuminate\\Http\\Request))
#59 C:\\Code\\TrustCash\\vendor\\laravel\\framework\\src\\Illuminate\\Foundation\\Application.php(1220): Illuminate\\Foundation\\Http\\Kernel->handle(Object(Illuminate\\Http\\Request))
#60 C:\\Code\\TrustCash\\public\\index.php(17): Illuminate\\Foundation\\Application->handleRequest(Object(Illuminate\\Http\\Request))
#61 C:\\Code\\TrustCash\\vendor\\laravel\\framework\\src\\Illuminate\\Foundation\\resources\\server.php(23): require_once('C:\\\\Code\\\\TrustCa...')
#62 {main}

[previous exception] [object] (PDOException(code: 42S02): SQLSTATE[42S02]: Base table or view not found: 1146 Table 'trustcash.plans' doesn't exist at C:\\Code\\TrustCash\\vendor\\laravel\\framework\\src\\Illuminate\\Database\\Connection.php:407)
[stacktrace]
#0 C:\\Code\\TrustCash\\vendor\\laravel\\framework\\src\\Illuminate\\Database\\Connection.php(407): PDO->prepare('select * from `...')
#1 C:\\Code\\TrustCash\\vendor\\laravel\\framework\\src\\Illuminate\\Database\\Connection.php(812): Illuminate\\Database\\Connection->{closure:Illuminate\\Database\\Connection::select():398}('select * from `...', Array)
#2 C:\\Code\\TrustCash\\vendor\\laravel\\framework\\src\\Illuminate\\Database\\Connection.php(779): Illuminate\\Database\\Connection->runQueryCallback('select * from `...', Array, Object(Closure))
#3 C:\\Code\\TrustCash\\vendor\\laravel\\framework\\src\\Illuminate\\Database\\Connection.php(398): Illuminate\\Database\\Connection->run('select * from `...', Array, Object(Closure))
#4 C:\\Code\\TrustCash\\vendor\\laravel\\framework\\src\\Illuminate\\Database\\Query\\Builder.php(3106): Illuminate\\Database\\Connection->select('select * from `...', Array, true)
#5 C:\\Code\\TrustCash\\vendor\\laravel\\framework\\src\\Illuminate\\Database\\Query\\Builder.php(3091): Illuminate\\Database\\Query\\Builder->runSelect()
#6 C:\\Code\\TrustCash\\vendor\\laravel\\framework\\src\\Illuminate\\Database\\Query\\Builder.php(3676): Illuminate\\Database\\Query\\Builder->{closure:Illuminate\\Database\\Query\\Builder::get():3090}()
#7 C:\\Code\\TrustCash\\vendor\\laravel\\framework\\src\\Illuminate\\Database\\Query\\Builder.php(3090): Illuminate\\Database\\Query\\Builder->onceWithColumns(Array, Object(Closure))
#8 C:\\Code\\TrustCash\\vendor\\laravel\\framework\\src\\Illuminate\\Database\\Eloquent\\Builder.php(811): Illuminate\\Database\\Query\\Builder->get(Array)
#9 C:\\Code\\TrustCash\\vendor\\laravel\\framework\\src\\Illuminate\\Database\\Eloquent\\Builder.php(793): Illuminate\\Database\\Eloquent\\Builder->getModels(Array)
#10 C:\\Code\\TrustCash\\app\\Http\\Controllers\\Central\\LandingPageController.php(15): Illuminate\\Database\\Eloquent\\Builder->get()
#11 C:\\Code\\TrustCash\\vendor\\laravel\\framework\\src\\Illuminate\\Routing\\ControllerDispatcher.php(47): App\\Http\\Controllers\\Central\\LandingPageController->index()
#12 C:\\Code\\TrustCash\\vendor\\laravel\\framework\\src\\Illuminate\\Routing\\Route.php(266): Illuminate\\Routing\\ControllerDispatcher->dispatch(Object(Illuminate\\Routing\\Route), Object(App\\Http\\Controllers\\Central\\LandingPageController), 'index')
#13 C:\\Code\\TrustCash\\vendor\\laravel\\framework\\src\\Illuminate\\Routing\\Route.php(212): Illuminate\\Routing\\Route->runController()
#14 C:\\Code\\TrustCash\\vendor\\laravel\\framework\\src\\Illuminate\\Routing\\Router.php(808): Illuminate\\Routing\\Route->run()
#15 C:\\Code\\TrustCash\\vendor\\laravel\\framework\\src\\Illuminate\\Pipeline\\Pipeline.php(170): Illuminate\\Routing\\Router->{closure:Illuminate\\Routing\\Router::runRouteWithinStack():807}(Object(Illuminate\\Http\\Request))
#16 C:\\Code\\TrustCash\\vendor\\laravel\\boost\\src\\Middleware\\InjectBoost.php(22): Illuminate\\Pipeline\\Pipeline->{closure:Illuminate\\Pipeline\\Pipeline::prepareDestination():168}(Object(Illuminate\\Http\\Request))
#17 C:\\Code\\TrustCash\\vendor\\laravel\\framework\\src\\Illuminate\\Pipeline\\Pipeline.php(209): Laravel\\Boost\\Middleware\\InjectBoost->handle(Object(Illuminate\\Http\\Request), Object(Closure))
#18 C:\\Code\\TrustCash\\vendor\\laravel\\framework\\src\\Illuminate\\Http\\Middleware\\AddLinkHeadersForPreloadedAssets.php(20): Illuminate\\Pipeline\\Pipeline->{closure:{closure:Illuminate\\Pipeline\\Pipeline::carry():184}:185}(Object(Illuminate\\Http\\Request))
#19 C:\\Code\\TrustCash\\vendor\\laravel\\framework\\src\\Illuminate\\Pipeline\\Pipeline.php(209): Illuminate\\Http\\Middleware\\AddLinkHeadersForPreloadedAssets->handle(Object(Illuminate\\Http\\Request), Object(Closure))
#20 C:\\Code\\TrustCash\\vendor\\inertiajs\\inertia-laravel\\src\\Middleware.php(86): Illuminate\\Pipeline\\Pipeline->{closure:{closure:Illuminate\\Pipeline\\Pipeline::carry():184}:185}(Object(Illuminate\\Http\\Request))
#21 C:\\Code\\TrustCash\\vendor\\laravel\\framework\\src\\Illuminate\\Pipeline\\Pipeline.php(209): Inertia\\Middleware->handle(Object(Illuminate\\Http\\Request), Object(Closure))
#22 C:\\Code\\TrustCash\\vendor\\laravel\\framework\\src\\Illuminate\\Routing\\Middleware\\SubstituteBindings.php(51): Illuminate\\Pipeline\\Pipeline->{closure:{closure:Illuminate\\Pipeline\\Pipeline::carry():184}:185}(Object(Illuminate\\Http\\Request))
#23 C:\\Code\\TrustCash\\vendor\\laravel\\framework\\src\\Illuminate\\Pipeline\\Pipeline.php(209): Illuminate\\Routing\\Middleware\\SubstituteBindings->handle(Object(Illuminate\\Http\\Request), Object(Closure))
#24 C:\\Code\\TrustCash\\vendor\\laravel\\framework\\src\\Illuminate\\Foundation\\Http\\Middleware\\VerifyCsrfToken.php(88): Illuminate\\Pipeline\\Pipeline->{closure:{closure:Illuminate\\Pipeline\\Pipeline::carry():184}:185}(Object(Illuminate\\Http\\Request))
#25 C:\\Code\\TrustCash\\vendor\\laravel\\framework\\src\\Illuminate\\Pipeline\\Pipeline.php(209): Illuminate\\Foundation\\Http\\Middleware\\VerifyCsrfToken->handle(Object(Illuminate\\Http\\Request), Object(Closure))
#26 C:\\Code\\TrustCash\\vendor\\laravel\\framework\\src\\Illuminate\\View\\Middleware\\ShareErrorsFromSession.php(49): Illuminate\\Pipeline\\Pipeline->{closure:{closure:Illuminate\\Pipeline\\Pipeline::carry():184}:185}(Object(Illuminate\\Http\\Request))
#27 C:\\Code\\TrustCash\\vendor\\laravel\\framework\\src\\Illuminate\\Pipeline\\Pipeline.php(209): Illuminate\\View\\Middleware\\ShareErrorsFromSession->handle(Object(Illuminate\\Http\\Request), Object(Closure))
#28 C:\\Code\\TrustCash\\vendor\\laravel\\framework\\src\\Illuminate\\Session\\Middleware\\StartSession.php(121): Illuminate\\Pipeline\\Pipeline->{closure:{closure:Illuminate\\Pipeline\\Pipeline::carry():184}:185}(Object(Illuminate\\Http\\Request))
#29 C:\\Code\\TrustCash\\vendor\\laravel\\framework\\src\\Illuminate\\Session\\Middleware\\StartSession.php(64): Illuminate\\Session\\Middleware\\StartSession->handleStatefulRequest(Object(Illuminate\\Http\\Request), Object(Illuminate\\Session\\Store), Object(Closure))
#30 C:\\Code\\TrustCash\\vendor\\laravel\\framework\\src\\Illuminate\\Pipeline\\Pipeline.php(209): Illuminate\\Session\\Middleware\\StartSession->handle(Object(Illuminate\\Http\\Request), Object(Closure))
#31 C:\\Code\\TrustCash\\vendor\\laravel\\framework\\src\\Illuminate\\Cookie\\Middleware\\AddQueuedCookiesToResponse.php(37): Illuminate\\Pipeline\\Pipeline->{closure:{closure:Illuminate\\Pipeline\\Pipeline::carry():184}:185}(Object(Illuminate\\Http\\Request))
#32 C:\\Code\\TrustCash\\vendor\\laravel\\framework\\src\\Illuminate\\Pipeline\\Pipeline.php(209): Illuminate\\Cookie\\Middleware\\AddQueuedCookiesToResponse->handle(Object(Illuminate\\Http\\Request), Object(Closure))
#33 C:\\Code\\TrustCash\\vendor\\laravel\\framework\\src\\Illuminate\\Cookie\\Middleware\\EncryptCookies.php(75): Illuminate\\Pipeline\\Pipeline->{closure:{closure:Illuminate\\Pipeline\\Pipeline::carry():184}:185}(Object(Illuminate\\Http\\Request))
#34 C:\\Code\\TrustCash\\vendor\\laravel\\framework\\src\\Illuminate\\Pipeline\\Pipeline.php(209): Illuminate\\Cookie\\Middleware\\EncryptCookies->handle(Object(Illuminate\\Http\\Request), Object(Closure))
#35 C:\\Code\\TrustCash\\vendor\\laravel\\framework\\src\\Illuminate\\Pipeline\\Pipeline.php(127): Illuminate\\Pipeline\\Pipeline->{closure:{closure:Illuminate\\Pipeline\\Pipeline::carry():184}:185}(Object(Illuminate\\Http\\Request))
#36 C:\\Code\\TrustCash\\vendor\\laravel\\framework\\src\\Illuminate\\Routing\\Router.php(807): Illuminate\\Pipeline\\Pipeline->then(Object(Closure))
#37 C:\\Code\\TrustCash\\vendor\\laravel\\framework\\src\\Illuminate\\Routing\\Router.php(786): Illuminate\\Routing\\Router->runRouteWithinStack(Object(Illuminate\\Routing\\Route), Object(Illuminate\\Http\\Request))
#38 C:\\Code\\TrustCash\\vendor\\laravel\\framework\\src\\Illuminate\\Routing\\Router.php(750): Illuminate\\Routing\\Router->runRoute(Object(Illuminate\\Http\\Request), Object(Illuminate\\Routing\\Route))
#39 C:\\Code\\TrustCash\\vendor\\laravel\\framework\\src\\Illuminate\\Routing\\Router.php(739): Illuminate\\Routing\\Router->dispatchToRoute(Object(Illuminate\\Http\\Request))
#40 C:\\Code\\TrustCash\\vendor\\laravel\\framework\\src\\Illuminate\\Foundation\\Http\\Kernel.php(201): Illuminate\\Routing\\Router->dispatch(Object(Illuminate\\Http\\Request))
#41 C:\\Code\\TrustCash\\vendor\\laravel\\framework\\src\\Illuminate\\Pipeline\\Pipeline.php(170): Illuminate\\Foundation\\Http\\Kernel->{closure:Illuminate\\Foundation\\Http\\Kernel::dispatchToRouter():198}(Object(Illuminate\\Http\\Request))
#42 C:\\Code\\TrustCash\\vendor\\laravel\\framework\\src\\Illuminate\\Foundation\\Http\\Middleware\\TransformsRequest.php(21): Illuminate\\Pipeline\\Pipeline->{closure:Illuminate\\Pipeline\\Pipeline::prepareDestination():168}(Object(Illuminate\\Http\\Request))
#43 C:\\Code\\TrustCash\\vendor\\laravel\\framework\\src\\Illuminate\\Foundation\\Http\\Middleware\\ConvertEmptyStringsToNull.php(31): Illuminate\\Foundation\\Http\\Middleware\\TransformsRequest->handle(Object(Illuminate\\Http\\Request), Object(Closure))
#44 C:\\Code\\TrustCash\\vendor\\laravel\\framework\\src\\Illuminate\\Pipeline\\Pipeline.php(209): Illuminate\\Foundation\\Http\\Middleware\\ConvertEmptyStringsToNull->handle(Object(Illuminate\\Http\\Request), Object(Closure))
#45 C:\\Code\\TrustCash\\vendor\\laravel\\framework\\src\\Illuminate\\Foundation\\Http\\Middleware\\TransformsRequest.php(21): Illuminate\\Pipeline\\Pipeline->{closure:{closure:Illuminate\\Pipeline\\Pipeline::carry():184}:185}(Object(Illuminate\\Http\\Request))
#46 C:\\Code\\TrustCash\\vendor\\laravel\\framework\\src\\Illuminate\\Foundation\\Http\\Middleware\\TrimStrings.php(51): Illuminate\\Foundation\\Http\\Middleware\\TransformsRequest->handle(Object(Illuminate\\Http\\Request), Object(Closure))
#47 C:\\Code\\TrustCash\\vendor\\laravel\\framework\\src\\Illuminate\\Pipeline\\Pipeline.php(209): Illuminate\\Foundation\\Http\\Middleware\\TrimStrings->handle(Object(Illuminate\\Http\\Request), Object(Closure))
#48 C:\\Code\\TrustCash\\vendor\\laravel\\framework\\src\\Illuminate\\Http\\Middleware\\ValidatePostSize.php(27): Illuminate\\Pipeline\\Pipeline->{closure:{closure:Illuminate\\Pipeline\\Pipeline::carry():184}:185}(Object(Illuminate\\Http\\Request))
#49 C:\\Code\\TrustCash\\vendor\\laravel\\framework\\src\\Illuminate\\Pipeline\\Pipeline.php(209): Illuminate\\Http\\Middleware\\ValidatePostSize->handle(Object(Illuminate\\Http\\Request), Object(Closure))
#50 C:\\Code\\TrustCash\\vendor\\laravel\\framework\\src\\Illuminate\\Foundation\\Http\\Middleware\\PreventRequestsDuringMaintenance.php(110): Illuminate\\Pipeline\\Pipeline->{closure:{closure:Illuminate\\Pipeline\\Pipeline::carry():184}:185}(Object(Illuminate\\Http\\Request))
#51 C:\\Code\\TrustCash\\vendor\\laravel\\framework\\src\\Illuminate\\Pipeline\\Pipeline.php(209): Illuminate\\Foundation\\Http\\Middleware\\PreventRequestsDuringMaintenance->handle(Object(Illuminate\\Http\\Request), Object(Closure))
#52 C:\\Code\\TrustCash\\vendor\\laravel\\framework\\src\\Illuminate\\Http\\Middleware\\HandleCors.php(49): Illuminate\\Pipeline\\Pipeline->{closure:{closure:Illuminate\\Pipeline\\Pipeline::carry():184}:185}(Object(Illuminate\\Http\\Request))
#53 C:\\Code\\TrustCash\\vendor\\laravel\\framework\\src\\Illuminate\\Pipeline\\Pipeline.php(209): Illuminate\\Http\\Middleware\\HandleCors->handle(Object(Illuminate\\Http\\Request), Object(Closure))
#54 C:\\Code\\TrustCash\\vendor\\laravel\\framework\\src\\Illuminate\\Http\\Middleware\\TrustProxies.php(58): Illuminate\\Pipeline\\Pipeline->{closure:{closure:Illuminate\\Pipeline\\Pipeline::carry():184}:185}(Object(Illuminate\\Http\\Request))
#55 C:\\Code\\TrustCash\\vendor\\laravel\\framework\\src\\Illuminate\\Pipeline\\Pipeline.php(209): Illuminate\\Http\\Middleware\\TrustProxies->handle(Object(Illuminate\\Http\\Request), Object(Closure))
#56 C:\\Code\\TrustCash\\vendor\\laravel\\framework\\src\\Illuminate\\Foundation\\Http\\Middleware\\InvokeDeferredCallbacks.php(22): Illuminate\\Pipeline\\Pipeline->{closure:{closure:Illuminate\\Pipeline\\Pipeline::carry():184}:185}(Object(Illuminate\\Http\\Request))
#57 C:\\Code\\TrustCash\\vendor\\laravel\\framework\\src\\Illuminate\\Pipeline\\Pipeline.php(209): Illuminate\\Foundation\\Http\\Middleware\\InvokeDeferredCallbacks->handle(Object(Illuminate\\Http\\Request), Object(Closure))
#58 C:\\Code\\TrustCash\\vendor\\laravel\\framework\\src\\Illuminate\\Pipeline\\Pipeline.php(127): Illuminate\\Pipeline\\Pipeline->{closure:{closure:Illuminate\\Pipeline\\Pipeline::carry():184}:185}(Object(Illuminate\\Http\\Request))
#59 C:\\Code\\TrustCash\\vendor\\laravel\\framework\\src\\Illuminate\\Foundation\\Http\\Kernel.php(176): Illuminate\\Pipeline\\Pipeline->then(Object(Closure))
#60 C:\\Code\\TrustCash\\vendor\\laravel\\framework\\src\\Illuminate\\Foundation\\Http\\Kernel.php(145): Illuminate\\Foundation\\Http\\Kernel->sendRequestThroughRouter(Object(Illuminate\\Http\\Request))
#61 C:\\Code\\TrustCash\\vendor\\laravel\\framework\\src\\Illuminate\\Foundation\\Application.php(1220): Illuminate\\Foundation\\Http\\Kernel->handle(Object(Illuminate\\Http\\Request))
#62 C:\\Code\\TrustCash\\public\\index.php(17): Illuminate\\Foundation\\Application->handleRequest(Object(Illuminate\\Http\\Request))
#63 C:\\Code\\TrustCash\\vendor\\laravel\\framework\\src\\Illuminate\\Foundation\\resources\\server.php(23): require_once('C:\\\\Code\\\\TrustCa...')
#64 {main}
"} 
[2026-09-27 09:49:26] local.ERROR: PHP Parse error: Syntax error, unexpected T_NS_SEPARATOR on line 2 {"exception":"[object] (Psy\\Exception\\ParseErrorException(code: 0): PHP Parse error: Syntax error, unexpected T_NS_SEPARATOR on line 2 at C:\\Code\\TrustCash\\vendor\\psy\\psysh\\src\\Exception\\ParseErrorException.php:44)
[stacktrace]
#0 C:\\Code\\TrustCash\\vendor\\psy\\psysh\\src\\CodeCleaner.php(306): Psy\\Exception\\ParseErrorException::fromParseError(Object(PhpParser\\Error))
#1 C:\\Code\\TrustCash\\vendor\\psy\\psysh\\src\\CodeCleaner.php(240): Psy\\CodeCleaner->parse('<?php \\n\\\\ = \\\\App...', false)
#2 C:\\Code\\TrustCash\\vendor\\psy\\psysh\\src\\Shell.php(852): Psy\\CodeCleaner->clean(Array, false)
#3 C:\\Code\\TrustCash\\vendor\\psy\\psysh\\src\\Shell.php(881): Psy\\Shell->addCode('\\n\\\\ = \\\\App\\\\Model...', true)
#4 C:\\Code\\TrustCash\\vendor\\psy\\psysh\\src\\Shell.php(1390): Psy\\Shell->setCode('\\n\\\\ = \\\\App\\\\Model...', true)
#5 C:\\Code\\TrustCash\\vendor\\laravel\\tinker\\src\\Console\\TinkerCommand.php(76): Psy\\Shell->execute('\\n\\\\ = \\\\App\\\\Model...')
#6 C:\\Code\\TrustCash\\vendor\\laravel\\framework\\src\\Illuminate\\Container\\BoundMethod.php(36): Laravel\\Tinker\\Console\\TinkerCommand->handle()
#7 C:\\Code\\TrustCash\\vendor\\laravel\\framework\\src\\Illuminate\\Container\\Util.php(43): Illuminate\\Container\\BoundMethod::{closure:Illuminate\\Container\\BoundMethod::call():35}()
#8 C:\\Code\\TrustCash\\vendor\\laravel\\framework\\src\\Illuminate\\Container\\BoundMethod.php(95): Illuminate\\Container\\Util::unwrapIfClosure(Object(Closure))
#9 C:\\Code\\TrustCash\\vendor\\laravel\\framework\\src\\Illuminate\\Container\\BoundMethod.php(35): Illuminate\\Container\\BoundMethod::callBoundMethod(Object(Illuminate\\Foundation\\Application), Array, Object(Closure))
#10 C:\\Code\\TrustCash\\vendor\\laravel\\framework\\src\\Illuminate\\Container\\Container.php(696): Illuminate\\Container\\BoundMethod::call(Object(Illuminate\\Foundation\\Application), Array, Array, NULL)
#11 C:\\Code\\TrustCash\\vendor\\laravel\\framework\\src\\Illuminate\\Console\\Command.php(213): Illuminate\\Container\\Container->call(Array)
#12 C:\\Code\\TrustCash\\vendor\\symfony\\console\\Command\\Command.php(279): Illuminate\\Console\\Command->execute(Object(Symfony\\Component\\Console\\Input\\ArgvInput), Object(Illuminate\\Console\\OutputStyle))
#13 C:\\Code\\TrustCash\\vendor\\laravel\\framework\\src\\Illuminate\\Console\\Command.php(182): Symfony\\Component\\Console\\Command\\Command->run(Object(Symfony\\Component\\Console\\Input\\ArgvInput), Object(Illuminate\\Console\\OutputStyle))
#14 C:\\Code\\TrustCash\\vendor\\symfony\\console\\Application.php(1094): Illuminate\\Console\\Command->run(Object(Symfony\\Component\\Console\\Input\\ArgvInput), Object(Symfony\\Component\\Console\\Output\\ConsoleOutput))
#15 C:\\Code\\TrustCash\\vendor\\symfony\\console\\Application.php(342): Symfony\\Component\\Console\\Application->doRunCommand(Object(Laravel\\Tinker\\Console\\TinkerCommand), Object(Symfony\\Component\\Console\\Input\\ArgvInput), Object(Symfony\\Component\\Console\\Output\\ConsoleOutput))
#16 C:\\Code\\TrustCash\\vendor\\symfony\\console\\Application.php(193): Symfony\\Component\\Console\\Application->doRun(Object(Symfony\\Component\\Console\\Input\\ArgvInput), Object(Symfony\\Component\\Console\\Output\\ConsoleOutput))
#17 C:\\Code\\TrustCash\\vendor\\laravel\\framework\\src\\Illuminate\\Foundation\\Console\\Kernel.php(198): Symfony\\Component\\Console\\Application->run(Object(Symfony\\Component\\Console\\Input\\ArgvInput), Object(Symfony\\Component\\Console\\Output\\ConsoleOutput))
#18 C:\\Code\\TrustCash\\vendor\\laravel\\framework\\src\\Illuminate\\Foundation\\Application.php(1235): Illuminate\\Foundation\\Console\\Kernel->handle(Object(Symfony\\Component\\Console\\Input\\ArgvInput), Object(Symfony\\Component\\Console\\Output\\ConsoleOutput))
#19 C:\\Code\\TrustCash\\artisan(13): Illuminate\\Foundation\\Application->handleCommand(Object(Symfony\\Component\\Console\\Input\\ArgvInput))
#20 {main}
"} 
[2026-09-27 09:52:31] local.ERROR: syntax error, unexpected token "=" {"exception":"[object] (ParseError(code: 0): syntax error, unexpected token \"=\" at C:\\Code\\TrustCash\\routes\\web.php:269)
[stacktrace]
#0 C:\\Code\\TrustCash\\vendor\\laravel\\framework\\src\\Illuminate\\Routing\\Router.php(513): Illuminate\\Routing\\RouteFileRegistrar->register('C:\\\\Code\\\\TrustCa...')
#1 C:\\Code\\TrustCash\\vendor\\laravel\\framework\\src\\Illuminate\\Routing\\Router.php(467): Illuminate\\Routing\\Router->loadRoutes('C:\\\\Code\\\\TrustCa...')
#2 C:\\Code\\TrustCash\\vendor\\laravel\\framework\\src\\Illuminate\\Routing\\RouteRegistrar.php(207): Illuminate\\Routing\\Router->group(Array, 'C:\\\\Code\\\\TrustCa...')
#3 C:\\Code\\TrustCash\\vendor\\laravel\\framework\\src\\Illuminate\\Foundation\\Configuration\\ApplicationBuilder.php(248): Illuminate\\Routing\\RouteRegistrar->group('C:\\\\Code\\\\TrustCa...')
#4 C:\\Code\\TrustCash\\vendor\\laravel\\framework\\src\\Illuminate\\Container\\BoundMethod.php(36): Illuminate\\Foundation\\Configuration\\ApplicationBuilder->{closure:Illuminate\\Foundation\\Configuration\\ApplicationBuilder::buildRoutingCallback():205}()
#5 C:\\Code\\TrustCash\\vendor\\laravel\\framework\\src\\Illuminate\\Container\\Util.php(43): Illuminate\\Container\\BoundMethod::{closure:Illuminate\\Container\\BoundMethod::call():35}()
#6 C:\\Code\\TrustCash\\vendor\\laravel\\framework\\src\\Illuminate\\Container\\BoundMethod.php(83): Illuminate\\Container\\Util::unwrapIfClosure(Object(Closure))
#7 C:\\Code\\TrustCash\\vendor\\laravel\\framework\\src\\Illuminate\\Container\\BoundMethod.php(35): Illuminate\\Container\\BoundMethod::callBoundMethod(Object(Illuminate\\Foundation\\Application), Object(Closure), Object(Closure))
#8 C:\\Code\\TrustCash\\vendor\\laravel\\framework\\src\\Illuminate\\Container\\Container.php(696): Illuminate\\Container\\BoundMethod::call(Object(Illuminate\\Foundation\\Application), Object(Closure), Array, NULL)
#9 C:\\Code\\TrustCash\\vendor\\laravel\\framework\\src\\Illuminate\\Foundation\\Support\\Providers\\RouteServiceProvider.php(162): Illuminate\\Container\\Container->call(Object(Closure))
#10 C:\\Code\\TrustCash\\vendor\\laravel\\framework\\src\\Illuminate\\Foundation\\Support\\Providers\\RouteServiceProvider.php(59): Illuminate\\Foundation\\Support\\Providers\\RouteServiceProvider->loadRoutes()
#11 C:\\Code\\TrustCash\\vendor\\laravel\\framework\\src\\Illuminate\\Container\\BoundMethod.php(36): Illuminate\\Foundation\\Support\\Providers\\RouteServiceProvider->{closure:Illuminate\\Foundation\\Support\\Providers\\RouteServiceProvider::register():53}()
#12 C:\\Code\\TrustCash\\vendor\\laravel\\framework\\src\\Illuminate\\Container\\Util.php(43): Illuminate\\Container\\BoundMethod::{closure:Illuminate\\Container\\BoundMethod::call():35}()
#13 C:\\Code\\TrustCash\\vendor\\laravel\\framework\\src\\Illuminate\\Container\\BoundMethod.php(83): Illuminate\\Container\\Util::unwrapIfClosure(Object(Closure))
#14 C:\\Code\\TrustCash\\vendor\\laravel\\framework\\src\\Illuminate\\Container\\BoundMethod.php(35): Illuminate\\Container\\BoundMethod::callBoundMethod(Object(Illuminate\\Foundation\\Application), Object(Closure), Object(Closure))
#15 C:\\Code\\TrustCash\\vendor\\laravel\\framework\\src\\Illuminate\\Container\\Container.php(696): Illuminate\\Container\\BoundMethod::call(Object(Illuminate\\Foundation\\Application), Object(Closure), Array, NULL)
#16 C:\\Code\\TrustCash\\vendor\\laravel\\framework\\src\\Illuminate\\Support\\ServiceProvider.php(144): Illuminate\\Container\\Container->call(Object(Closure))
#17 C:\\Code\\TrustCash\\vendor\\laravel\\framework\\src\\Illuminate\\Foundation\\Application.php(1154): Illuminate\\Support\\ServiceProvider->callBootedCallbacks()
#18 C:\\Code\\TrustCash\\vendor\\laravel\\framework\\src\\Illuminate\\Foundation\\Application.php(1132): Illuminate\\Foundation\\Application->bootProvider(Object(Illuminate\\Foundation\\Support\\Providers\\RouteServiceProvider))
#19 [internal function]: Illuminate\\Foundation\\Application->{closure:Illuminate\\Foundation\\Application::boot():1131}(Object(Illuminate\\Foundation\\Support\\Providers\\RouteServiceProvider), 'Illuminate\\\\Foun...')
#20 C:\\Code\\TrustCash\\vendor\\laravel\\framework\\src\\Illuminate\\Foundation\\Application.php(1131): array_walk(Array, Object(Closure))
#21 C:\\Code\\TrustCash\\vendor\\laravel\\framework\\src\\Illuminate\\Foundation\\Bootstrap\\BootProviders.php(17): Illuminate\\Foundation\\Application->boot()
#22 C:\\Code\\TrustCash\\vendor\\laravel\\framework\\src\\Illuminate\\Foundation\\Application.php(342): Illuminate\\Foundation\\Bootstrap\\BootProviders->bootstrap(Object(Illuminate\\Foundation\\Application))
#23 C:\\Code\\TrustCash\\vendor\\laravel\\framework\\src\\Illuminate\\Foundation\\Http\\Kernel.php(187): Illuminate\\Foundation\\Application->bootstrapWith(Array)
#24 C:\\Code\\TrustCash\\vendor\\laravel\\framework\\src\\Illuminate\\Foundation\\Http\\Kernel.php(171): Illuminate\\Foundation\\Http\\Kernel->bootstrap()
#25 C:\\Code\\TrustCash\\vendor\\laravel\\framework\\src\\Illuminate\\Foundation\\Http\\Kernel.php(145): Illuminate\\Foundation\\Http\\Kernel->sendRequestThroughRouter(Object(Illuminate\\Http\\Request))
#26 C:\\Code\\TrustCash\\vendor\\laravel\\framework\\src\\Illuminate\\Foundation\\Application.php(1220): Illuminate\\Foundation\\Http\\Kernel->handle(Object(Illuminate\\Http\\Request))
#27 C:\\Code\\TrustCash\\public\\index.php(17): Illuminate\\Foundation\\Application->handleRequest(Object(Illuminate\\Http\\Request))
#28 C:\\Code\\TrustCash\\vendor\\laravel\\framework\\src\\Illuminate\\Foundation\\resources\\server.php(23): require_once('C:\\\\Code\\\\TrustCa...')
#29 {main}
"} 
[2026-09-27 09:52:37] local.ERROR: syntax error, unexpected token "=" {"exception":"[object] (ParseError(code: 0): syntax error, unexpected token \"=\" at C:\\Code\\TrustCash\\routes\\web.php:269)
[stacktrace]
#0 C:\\Code\\TrustCash\\vendor\\laravel\\framework\\src\\Illuminate\\Routing\\Router.php(513): Illuminate\\Routing\\RouteFileRegistrar->register('C:\\\\Code\\\\TrustCa...')
#1 C:\\Code\\TrustCash\\vendor\\laravel\\framework\\src\\Illuminate\\Routing\\Router.php(467): Illuminate\\Routing\\Router->loadRoutes('C:\\\\Code\\\\TrustCa...')
#2 C:\\Code\\TrustCash\\vendor\\laravel\\framework\\src\\Illuminate\\Routing\\RouteRegistrar.php(207): Illuminate\\Routing\\Router->group(Array, 'C:\\\\Code\\\\TrustCa...')
#3 C:\\Code\\TrustCash\\vendor\\laravel\\framework\\src\\Illuminate\\Foundation\\Configuration\\ApplicationBuilder.php(248): Illuminate\\Routing\\RouteRegistrar->group('C:\\\\Code\\\\TrustCa...')
#4 C:\\Code\\TrustCash\\vendor\\laravel\\framework\\src\\Illuminate\\Container\\BoundMethod.php(36): Illuminate\\Foundation\\Configuration\\ApplicationBuilder->{closure:Illuminate\\Foundation\\Configuration\\ApplicationBuilder::buildRoutingCallback():205}()
#5 C:\\Code\\TrustCash\\vendor\\laravel\\framework\\src\\Illuminate\\Container\\Util.php(43): Illuminate\\Container\\BoundMethod::{closure:Illuminate\\Container\\BoundMethod::call():35}()
#6 C:\\Code\\TrustCash\\vendor\\laravel\\framework\\src\\Illuminate\\Container\\BoundMethod.php(83): Illuminate\\Container\\Util::unwrapIfClosure(Object(Closure))
#7 C:\\Code\\TrustCash\\vendor\\laravel\\framework\\src\\Illuminate\\Container\\BoundMethod.php(35): Illuminate\\Container\\BoundMethod::callBoundMethod(Object(Illuminate\\Foundation\\Application), Object(Closure), Object(Closure))
#8 C:\\Code\\TrustCash\\vendor\\laravel\\framework\\src\\Illuminate\\Container\\Container.php(696): Illuminate\\Container\\BoundMethod::call(Object(Illuminate\\Foundation\\Application), Object(Closure), Array, NULL)
#9 C:\\Code\\TrustCash\\vendor\\laravel\\framework\\src\\Illuminate\\Foundation\\Support\\Providers\\RouteServiceProvider.php(162): Illuminate\\Container\\Container->call(Object(Closure))
#10 C:\\Code\\TrustCash\\vendor\\laravel\\framework\\src\\Illuminate\\Foundation\\Support\\Providers\\RouteServiceProvider.php(59): Illuminate\\Foundation\\Support\\Providers\\RouteServiceProvider->loadRoutes()
#11 C:\\Code\\TrustCash\\vendor\\laravel\\framework\\src\\Illuminate\\Container\\BoundMethod.php(36): Illuminate\\Foundation\\Support\\Providers\\RouteServiceProvider->{closure:Illuminate\\Foundation\\Support\\Providers\\RouteServiceProvider::register():53}()
#12 C:\\Code\\TrustCash\\vendor\\laravel\\framework\\src\\Illuminate\\Container\\Util.php(43): Illuminate\\Container\\BoundMethod::{closure:Illuminate\\Container\\BoundMethod::call():35}()
#13 C:\\Code\\TrustCash\\vendor\\laravel\\framework\\src\\Illuminate\\Container\\BoundMethod.php(83): Illuminate\\Container\\Util::unwrapIfClosure(Object(Closure))
#14 C:\\Code\\TrustCash\\vendor\\laravel\\framework\\src\\Illuminate\\Container\\BoundMethod.php(35): Illuminate\\Container\\BoundMethod::callBoundMethod(Object(Illuminate\\Foundation\\Application), Object(Closure), Object(Closure))
#15 C:\\Code\\TrustCash\\vendor\\laravel\\framework\\src\\Illuminate\\Container\\Container.php(696): Illuminate\\Container\\BoundMethod::call(Object(Illuminate\\Foundation\\Application), Object(Closure), Array, NULL)
#16 C:\\Code\\TrustCash\\vendor\\laravel\\framework\\src\\Illuminate\\Support\\ServiceProvider.php(144): Illuminate\\Container\\Container->call(Object(Closure))
#17 C:\\Code\\TrustCash\\vendor\\laravel\\framework\\src\\Illuminate\\Foundation\\Application.php(1154): Illuminate\\Support\\ServiceProvider->callBootedCallbacks()
#18 C:\\Code\\TrustCash\\vendor\\laravel\\framework\\src\\Illuminate\\Foundation\\Application.php(1132): Illuminate\\Foundation\\Application->bootProvider(Object(Illuminate\\Foundation\\Support\\Providers\\RouteServiceProvider))
#19 [internal function]: Illuminate\\Foundation\\Application->{closure:Illuminate\\Foundation\\Application::boot():1131}(Object(Illuminate\\Foundation\\Support\\Providers\\RouteServiceProvider), 'Illuminate\\\\Foun...')
#20 C:\\Code\\TrustCash\\vendor\\laravel\\framework\\src\\Illuminate\\Foundation\\Application.php(1131): array_walk(Array, Object(Closure))
#21 C:\\Code\\TrustCash\\vendor\\laravel\\framework\\src\\Illuminate\\Foundation\\Bootstrap\\BootProviders.php(17): Illuminate\\Foundation\\Application->boot()
#22 C:\\Code\\TrustCash\\vendor\\laravel\\framework\\src\\Illuminate\\Foundation\\Application.php(342): Illuminate\\Foundation\\Bootstrap\\BootProviders->bootstrap(Object(Illuminate\\Foundation\\Application))
#23 C:\\Code\\TrustCash\\vendor\\laravel\\framework\\src\\Illuminate\\Foundation\\Http\\Kernel.php(187): Illuminate\\Foundation\\Application->bootstrapWith(Array)
#24 C:\\Code\\TrustCash\\vendor\\laravel\\framework\\src\\Illuminate\\Foundation\\Http\\Kernel.php(171): Illuminate\\Foundation\\Http\\Kernel->bootstrap()
#25 C:\\Code\\TrustCash\\vendor\\laravel\\framework\\src\\Illuminate\\Foundation\\Http\\Kernel.php(145): Illuminate\\Foundation\\Http\\Kernel->sendRequestThroughRouter(Object(Illuminate\\Http\\Request))
#26 C:\\Code\\TrustCash\\vendor\\laravel\\framework\\src\\Illuminate\\Foundation\\Application.php(1220): Illuminate\\Foundation\\Http\\Kernel->handle(Object(Illuminate\\Http\\Request))
#27 C:\\Code\\TrustCash\\public\\index.php(17): Illuminate\\Foundation\\Application->handleRequest(Object(Illuminate\\Http\\Request))
#28 C:\\Code\\TrustCash\\vendor\\laravel\\framework\\src\\Illuminate\\Foundation\\resources\\server.php(23): require_once('C:\\\\Code\\\\TrustCa...')
#29 {main}
"} 
[2026-09-27 09:53:23] local.ERROR: Method Illuminate\Http\Response::getData does not exist. {"exception":"[object] (BadMethodCallException(code: 0): Method Illuminate\\Http\\Response::getData does not exist. at C:\\Code\\TrustCash\\vendor\\laravel\\framework\\src\\Illuminate\\Macroable\\Traits\\Macroable.php:115)
[stacktrace]
#0 C:\\Code\\mousumi_pos\\test_superadmin.php(13): Illuminate\\Http\\Response->__call('getData', Array)
#1 {main}
"} 
[2026-09-27 10:11:41] local.ERROR: PHP Parse error: Syntax error, unexpected T_NS_SEPARATOR on line 2 {"exception":"[object] (Psy\\Exception\\ParseErrorException(code: 0): PHP Parse error: Syntax error, unexpected T_NS_SEPARATOR on line 2 at C:\\Code\\TrustCash\\vendor\\psy\\psysh\\src\\Exception\\ParseErrorException.php:44)
[stacktrace]
#0 C:\\Code\\TrustCash\\vendor\\psy\\psysh\\src\\CodeCleaner.php(306): Psy\\Exception\\ParseErrorException::fromParseError(Object(PhpParser\\Error))
#1 C:\\Code\\TrustCash\\vendor\\psy\\psysh\\src\\CodeCleaner.php(240): Psy\\CodeCleaner->parse('<?php \\n\\\\ = \\\\App...', false)
#2 C:\\Code\\TrustCash\\vendor\\psy\\psysh\\src\\Shell.php(852): Psy\\CodeCleaner->clean(Array, false)
#3 C:\\Code\\TrustCash\\vendor\\psy\\psysh\\src\\Shell.php(881): Psy\\Shell->addCode('\\n\\\\ = \\\\App\\\\Model...', true)
#4 C:\\Code\\TrustCash\\vendor\\psy\\psysh\\src\\Shell.php(1390): Psy\\Shell->setCode('\\n\\\\ = \\\\App\\\\Model...', true)
#5 C:\\Code\\TrustCash\\vendor\\laravel\\tinker\\src\\Console\\TinkerCommand.php(76): Psy\\Shell->execute('\\n\\\\ = \\\\App\\\\Model...')
#6 C:\\Code\\TrustCash\\vendor\\laravel\\framework\\src\\Illuminate\\Container\\BoundMethod.php(36): Laravel\\Tinker\\Console\\TinkerCommand->handle()
#7 C:\\Code\\TrustCash\\vendor\\laravel\\framework\\src\\Illuminate\\Container\\Util.php(43): Illuminate\\Container\\BoundMethod::{closure:Illuminate\\Container\\BoundMethod::call():35}()
#8 C:\\Code\\TrustCash\\vendor\\laravel\\framework\\src\\Illuminate\\Container\\BoundMethod.php(95): Illuminate\\Container\\Util::unwrapIfClosure(Object(Closure))
#9 C:\\Code\\TrustCash\\vendor\\laravel\\framework\\src\\Illuminate\\Container\\BoundMethod.php(35): Illuminate\\Container\\BoundMethod::callBoundMethod(Object(Illuminate\\Foundation\\Application), Array, Object(Closure))
#10 C:\\Code\\TrustCash\\vendor\\laravel\\framework\\src\\Illuminate\\Container\\Container.php(696): Illuminate\\Container\\BoundMethod::call(Object(Illuminate\\Foundation\\Application), Array, Array, NULL)
#11 C:\\Code\\TrustCash\\vendor\\laravel\\framework\\src\\Illuminate\\Console\\Command.php(213): Illuminate\\Container\\Container->call(Array)
#12 C:\\Code\\TrustCash\\vendor\\symfony\\console\\Command\\Command.php(279): Illuminate\\Console\\Command->execute(Object(Symfony\\Component\\Console\\Input\\ArgvInput), Object(Illuminate\\Console\\OutputStyle))
#13 C:\\Code\\TrustCash\\vendor\\laravel\\framework\\src\\Illuminate\\Console\\Command.php(182): Symfony\\Component\\Console\\Command\\Command->run(Object(Symfony\\Component\\Console\\Input\\ArgvInput), Object(Illuminate\\Console\\OutputStyle))
#14 C:\\Code\\TrustCash\\vendor\\symfony\\console\\Application.php(1094): Illuminate\\Console\\Command->run(Object(Symfony\\Component\\Console\\Input\\ArgvInput), Object(Symfony\\Component\\Console\\Output\\ConsoleOutput))
#15 C:\\Code\\TrustCash\\vendor\\symfony\\console\\Application.php(342): Symfony\\Component\\Console\\Application->doRunCommand(Object(Laravel\\Tinker\\Console\\TinkerCommand), Object(Symfony\\Component\\Console\\Input\\ArgvInput), Object(Symfony\\Component\\Console\\Output\\ConsoleOutput))
#16 C:\\Code\\TrustCash\\vendor\\symfony\\console\\Application.php(193): Symfony\\Component\\Console\\Application->doRun(Object(Symfony\\Component\\Console\\Input\\ArgvInput), Object(Symfony\\Component\\Console\\Output\\ConsoleOutput))
#17 C:\\Code\\TrustCash\\vendor\\laravel\\framework\\src\\Illuminate\\Foundation\\Console\\Kernel.php(198): Symfony\\Component\\Console\\Application->run(Object(Symfony\\Component\\Console\\Input\\ArgvInput), Object(Symfony\\Component\\Console\\Output\\ConsoleOutput))
#18 C:\\Code\\TrustCash\\vendor\\laravel\\framework\\src\\Illuminate\\Foundation\\Application.php(1235): Illuminate\\Foundation\\Console\\Kernel->handle(Object(Symfony\\Component\\Console\\Input\\ArgvInput), Object(Symfony\\Component\\Console\\Output\\ConsoleOutput))
#19 C:\\Code\\TrustCash\\artisan(13): Illuminate\\Foundation\\Application->handleCommand(Object(Symfony\\Component\\Console\\Input\\ArgvInput))
#20 {main}
"} 
[2026-09-27 10:18:14] local.ERROR: PHP Parse error: Syntax error, unexpected T_NS_SEPARATOR on line 1 {"exception":"[object] (Psy\\Exception\\ParseErrorException(code: 0): PHP Parse error: Syntax error, unexpected T_NS_SEPARATOR on line 1 at C:\\Code\\TrustCash\\vendor\\psy\\psysh\\src\\Exception\\ParseErrorException.php:44)
[stacktrace]
#0 C:\\Code\\TrustCash\\vendor\\psy\\psysh\\src\\CodeCleaner.php(306): Psy\\Exception\\ParseErrorException::fromParseError(Object(PhpParser\\Error))
#1 C:\\Code\\TrustCash\\vendor\\psy\\psysh\\src\\CodeCleaner.php(240): Psy\\CodeCleaner->parse('<?php \\\\ = \\\\App\\\\...', false)
#2 C:\\Code\\TrustCash\\vendor\\psy\\psysh\\src\\Shell.php(852): Psy\\CodeCleaner->clean(Array, false)
#3 C:\\Code\\TrustCash\\vendor\\psy\\psysh\\src\\Shell.php(881): Psy\\Shell->addCode('\\\\ = \\\\App\\\\Models...', true)
#4 C:\\Code\\TrustCash\\vendor\\psy\\psysh\\src\\Shell.php(1390): Psy\\Shell->setCode('\\\\ = \\\\App\\\\Models...', true)
#5 C:\\Code\\TrustCash\\vendor\\laravel\\tinker\\src\\Console\\TinkerCommand.php(76): Psy\\Shell->execute('\\\\ = \\\\App\\\\Models...')
#6 C:\\Code\\TrustCash\\vendor\\laravel\\framework\\src\\Illuminate\\Container\\BoundMethod.php(36): Laravel\\Tinker\\Console\\TinkerCommand->handle()
#7 C:\\Code\\TrustCash\\vendor\\laravel\\framework\\src\\Illuminate\\Container\\Util.php(43): Illuminate\\Container\\BoundMethod::{closure:Illuminate\\Container\\BoundMethod::call():35}()
#8 C:\\Code\\TrustCash\\vendor\\laravel\\framework\\src\\Illuminate\\Container\\BoundMethod.php(95): Illuminate\\Container\\Util::unwrapIfClosure(Object(Closure))
#9 C:\\Code\\TrustCash\\vendor\\laravel\\framework\\src\\Illuminate\\Container\\BoundMethod.php(35): Illuminate\\Container\\BoundMethod::callBoundMethod(Object(Illuminate\\Foundation\\Application), Array, Object(Closure))
#10 C:\\Code\\TrustCash\\vendor\\laravel\\framework\\src\\Illuminate\\Container\\Container.php(696): Illuminate\\Container\\BoundMethod::call(Object(Illuminate\\Foundation\\Application), Array, Array, NULL)
#11 C:\\Code\\TrustCash\\vendor\\laravel\\framework\\src\\Illuminate\\Console\\Command.php(213): Illuminate\\Container\\Container->call(Array)
#12 C:\\Code\\TrustCash\\vendor\\symfony\\console\\Command\\Command.php(279): Illuminate\\Console\\Command->execute(Object(Symfony\\Component\\Console\\Input\\ArgvInput), Object(Illuminate\\Console\\OutputStyle))
#13 C:\\Code\\TrustCash\\vendor\\laravel\\framework\\src\\Illuminate\\Console\\Command.php(182): Symfony\\Component\\Console\\Command\\Command->run(Object(Symfony\\Component\\Console\\Input\\ArgvInput), Object(Illuminate\\Console\\OutputStyle))
#14 C:\\Code\\TrustCash\\vendor\\symfony\\console\\Application.php(1094): Illuminate\\Console\\Command->run(Object(Symfony\\Component\\Console\\Input\\ArgvInput), Object(Symfony\\Component\\Console\\Output\\ConsoleOutput))
#15 C:\\Code\\TrustCash\\vendor\\symfony\\console\\Application.php(342): Symfony\\Component\\Console\\Application->doRunCommand(Object(Laravel\\Tinker\\Console\\TinkerCommand), Object(Symfony\\Component\\Console\\Input\\ArgvInput), Object(Symfony\\Component\\Console\\Output\\ConsoleOutput))
#16 C:\\Code\\TrustCash\\vendor\\symfony\\console\\Application.php(193): Symfony\\Component\\Console\\Application->doRun(Object(Symfony\\Component\\Console\\Input\\ArgvInput), Object(Symfony\\Component\\Console\\Output\\ConsoleOutput))
#17 C:\\Code\\TrustCash\\vendor\\laravel\\framework\\src\\Illuminate\\Foundation\\Console\\Kernel.php(198): Symfony\\Component\\Console\\Application->run(Object(Symfony\\Component\\Console\\Input\\ArgvInput), Object(Symfony\\Component\\Console\\Output\\ConsoleOutput))
#18 C:\\Code\\TrustCash\\vendor\\laravel\\framework\\src\\Illuminate\\Foundation\\Application.php(1235): Illuminate\\Foundation\\Console\\Kernel->handle(Object(Symfony\\Component\\Console\\Input\\ArgvInput), Object(Symfony\\Component\\Console\\Output\\ConsoleOutput))
#19 C:\\Code\\TrustCash\\artisan(13): Illuminate\\Foundation\\Application->handleCommand(Object(Symfony\\Component\\Console\\Input\\ArgvInput))
#20 {main}
"} 
[2026-09-27 10:22:12] local.ERROR: Class "App\Models\Domain" not found {"exception":"[object] (Error(code: 0): Class \"App\\Models\\Domain\" not found at C:\\Users\\MIS Mousumi\\.gemini\\antigravity-ide\\brain\\00be9a27-b1b0-43a4-a6a4-13ea4e0bfc79\\scratch\\update_domains.php:8)
[stacktrace]
#0 {main}
"} 
[2026-09-27 10:23:28] local.ERROR: Illuminate\Routing\UrlGenerator::__construct(): Argument #2 ($request) must be of type Illuminate\Http\Request, null given, called in C:\Code\TrustCash\vendor\laravel\framework\src\Illuminate\Routing\RoutingServiceProvider.php on line 63 {"exception":"[object] (TypeError(code: 0): Illuminate\\Routing\\UrlGenerator::__construct(): Argument #2 ($request) must be of type Illuminate\\Http\\Request, null given, called in C:\\Code\\TrustCash\\vendor\\laravel\\framework\\src\\Illuminate\\Routing\\RoutingServiceProvider.php on line 63 at C:\\Code\\TrustCash\\vendor\\laravel\\framework\\src\\Illuminate\\Routing\\UrlGenerator.php:129)
[stacktrace]
#0 C:\\Code\\TrustCash\\vendor\\laravel\\framework\\src\\Illuminate\\Routing\\RoutingServiceProvider.php(63): Illuminate\\Routing\\UrlGenerator->__construct(Object(Illuminate\\Routing\\RouteCollection), NULL, NULL)
#1 C:\\Code\\TrustCash\\vendor\\laravel\\framework\\src\\Illuminate\\Container\\Container.php(952): Illuminate\\Routing\\RoutingServiceProvider->{closure:Illuminate\\Routing\\RoutingServiceProvider::registerUrlGenerator():55}(Object(Illuminate\\Foundation\\Application), Array)
#2 C:\\Code\\TrustCash\\vendor\\laravel\\framework\\src\\Illuminate\\Container\\Container.php(832): Illuminate\\Container\\Container->build(Object(Closure))
#3 C:\\Code\\TrustCash\\vendor\\laravel\\framework\\src\\Illuminate\\Foundation\\Application.php(1078): Illuminate\\Container\\Container->resolve('url', Array, true)
#4 C:\\Code\\TrustCash\\vendor\\laravel\\framework\\src\\Illuminate\\Container\\Container.php(763): Illuminate\\Foundation\\Application->resolve('url', Array)
#5 C:\\Code\\TrustCash\\vendor\\laravel\\framework\\src\\Illuminate\\Foundation\\Application.php(1058): Illuminate\\Container\\Container->make('url', Array)
#6 C:\\Code\\TrustCash\\vendor\\laravel\\framework\\src\\Illuminate\\Container\\Container.php(1580): Illuminate\\Foundation\\Application->make('url')
#7 C:\\Code\\TrustCash\\vendor\\stancl\\tenancy\\src\\Bootstrappers\\FilesystemTenancyBootstrapper.php(29): Illuminate\\Container\\Container->offsetGet('url')
#8 [internal function]: Stancl\\Tenancy\\Bootstrappers\\FilesystemTenancyBootstrapper->__construct(Object(Illuminate\\Foundation\\Application))
#9 C:\\Code\\TrustCash\\vendor\\laravel\\framework\\src\\Illuminate\\Container\\Container.php(1004): ReflectionClass->newInstanceArgs(Array)
#10 C:\\Code\\TrustCash\\vendor\\laravel\\framework\\src\\Illuminate\\Container\\Container.php(321): Illuminate\\Container\\Container->build('Stancl\\\\Tenancy\\\\...')
#11 C:\\Code\\TrustCash\\vendor\\laravel\\framework\\src\\Illuminate\\Container\\Container.php(952): Illuminate\\Container\\Container->{closure:Illuminate\\Container\\Container::getClosure():319}(Object(Illuminate\\Foundation\\Application), Array)
#12 C:\\Code\\TrustCash\\vendor\\laravel\\framework\\src\\Illuminate\\Container\\Container.php(832): Illuminate\\Container\\Container->build(Object(Closure))
#13 C:\\Code\\TrustCash\\vendor\\laravel\\framework\\src\\Illuminate\\Foundation\\Application.php(1078): Illuminate\\Container\\Container->resolve('Stancl\\\\Tenancy\\\\...', Array, true)
#14 C:\\Code\\TrustCash\\vendor\\laravel\\framework\\src\\Illuminate\\Container\\Container.php(763): Illuminate\\Foundation\\Application->resolve('Stancl\\\\Tenancy\\\\...', Array)
#15 C:\\Code\\TrustCash\\vendor\\laravel\\framework\\src\\Illuminate\\Foundation\\Application.php(1058): Illuminate\\Container\\Container->make('Stancl\\\\Tenancy\\\\...', Array)
#16 C:\\Code\\TrustCash\\vendor\\laravel\\framework\\src\\Illuminate\\Foundation\\helpers.php(124): Illuminate\\Foundation\\Application->make('Stancl\\\\Tenancy\\\\...', Array)
#17 [internal function]: app('Stancl\\\\Tenancy\\\\...')
#18 C:\\Code\\TrustCash\\vendor\\stancl\\tenancy\\src\\Tenancy.php(85): array_map('app', Array)
#19 C:\\Code\\TrustCash\\vendor\\stancl\\tenancy\\src\\Listeners\\BootstrapTenancy.php(17): Stancl\\Tenancy\\Tenancy->getBootstrappers()
#20 C:\\Code\\TrustCash\\vendor\\laravel\\framework\\src\\Illuminate\\Events\\Dispatcher.php(479): Stancl\\Tenancy\\Listeners\\BootstrapTenancy->handle(Object(Stancl\\Tenancy\\Events\\TenancyInitialized))
#21 C:\\Code\\TrustCash\\vendor\\laravel\\framework\\src\\Illuminate\\Events\\Dispatcher.php(287): Illuminate\\Events\\Dispatcher->{closure:Illuminate\\Events\\Dispatcher::createClassListener():472}('Stancl\\\\Tenancy\\\\...', Array)
#22 C:\\Code\\TrustCash\\vendor\\laravel\\framework\\src\\Illuminate\\Events\\Dispatcher.php(267): Illuminate\\Events\\Dispatcher->invokeListeners('Stancl\\\\Tenancy\\\\...', Array, false)
#23 C:\\Code\\TrustCash\\vendor\\laravel\\framework\\src\\Illuminate\\Foundation\\helpers.php(473): Illuminate\\Events\\Dispatcher->dispatch('Stancl\\\\Tenancy\\\\...')
#24 C:\\Code\\TrustCash\\vendor\\stancl\\tenancy\\src\\Tenancy.php(58): event(Object(Stancl\\Tenancy\\Events\\TenancyInitialized))
#25 C:\\Users\\MIS Mousumi\\.gemini\\antigravity-ide\\brain\\00be9a27-b1b0-43a4-a6a4-13ea4e0bfc79\\scratch\\test_request.php(8): Stancl\\Tenancy\\Tenancy->initialize(Object(App\\Models\\Tenant))
#26 {main}
"} 
[2026-09-27 10:30:11] local.ERROR: SQLSTATE[42S02]: Base table or view not found: 1146 Table 'tenantmousumi.plans' doesn't exist (Connection: tenant, SQL: select * from `plans` where `is_active` = 1 and `plans`.`deleted_at` is null order by `sort_order` asc) {"exception":"[object] (Illuminate\\Database\\QueryException(code: 42S02): SQLSTATE[42S02]: Base table or view not found: 1146 Table 'tenantmousumi.plans' doesn't exist (Connection: tenant, SQL: select * from `plans` where `is_active` = 1 and `plans`.`deleted_at` is null order by `sort_order` asc) at C:\\Code\\TrustCash\\vendor\\laravel\\framework\\src\\Illuminate\\Database\\Connection.php:825)
[stacktrace]
#0 C:\\Code\\TrustCash\\vendor\\laravel\\framework\\src\\Illuminate\\Database\\Connection.php(779): Illuminate\\Database\\Connection->runQueryCallback('select * from `...', Array, Object(Closure))
#1 C:\\Code\\TrustCash\\vendor\\laravel\\framework\\src\\Illuminate\\Database\\Connection.php(398): Illuminate\\Database\\Connection->run('select * from `...', Array, Object(Closure))
#2 C:\\Code\\TrustCash\\vendor\\laravel\\framework\\src\\Illuminate\\Database\\Query\\Builder.php(3106): Illuminate\\Database\\Connection->select('select * from `...', Array, true)
#3 C:\\Code\\TrustCash\\vendor\\laravel\\framework\\src\\Illuminate\\Database\\Query\\Builder.php(3091): Illuminate\\Database\\Query\\Builder->runSelect()
#4 C:\\Code\\TrustCash\\vendor\\laravel\\framework\\src\\Illuminate\\Database\\Query\\Builder.php(3676): Illuminate\\Database\\Query\\Builder->{closure:Illuminate\\Database\\Query\\Builder::get():3090}()
#5 C:\\Code\\TrustCash\\vendor\\laravel\\framework\\src\\Illuminate\\Database\\Query\\Builder.php(3090): Illuminate\\Database\\Query\\Builder->onceWithColumns(Array, Object(Closure))
#6 C:\\Code\\TrustCash\\vendor\\laravel\\framework\\src\\Illuminate\\Database\\Eloquent\\Builder.php(811): Illuminate\\Database\\Query\\Builder->get(Array)
#7 C:\\Code\\TrustCash\\vendor\\laravel\\framework\\src\\Illuminate\\Database\\Eloquent\\Builder.php(793): Illuminate\\Database\\Eloquent\\Builder->getModels(Array)
#8 C:\\Code\\TrustCash\\app\\Http\\Controllers\\Central\\LandingPageController.php(15): Illuminate\\Database\\Eloquent\\Builder->get()
#9 C:\\Code\\TrustCash\\vendor\\laravel\\framework\\src\\Illuminate\\Routing\\ControllerDispatcher.php(47): App\\Http\\Controllers\\Central\\LandingPageController->index()
#10 C:\\Code\\TrustCash\\vendor\\laravel\\framework\\src\\Illuminate\\Routing\\Route.php(266): Illuminate\\Routing\\ControllerDispatcher->dispatch(Object(Illuminate\\Routing\\Route), Object(App\\Http\\Controllers\\Central\\LandingPageController), 'index')
#11 C:\\Code\\TrustCash\\vendor\\laravel\\framework\\src\\Illuminate\\Routing\\Route.php(212): Illuminate\\Routing\\Route->runController()
#12 C:\\Code\\TrustCash\\vendor\\laravel\\framework\\src\\Illuminate\\Routing\\Router.php(808): Illuminate\\Routing\\Route->run()
#13 C:\\Code\\TrustCash\\vendor\\laravel\\framework\\src\\Illuminate\\Pipeline\\Pipeline.php(170): Illuminate\\Routing\\Router->{closure:Illuminate\\Routing\\Router::runRouteWithinStack():807}(Object(Illuminate\\Http\\Request))
#14 C:\\Code\\TrustCash\\vendor\\laravel\\boost\\src\\Middleware\\InjectBoost.php(22): Illuminate\\Pipeline\\Pipeline->{closure:Illuminate\\Pipeline\\Pipeline::prepareDestination():168}(Object(Illuminate\\Http\\Request))
#15 C:\\Code\\TrustCash\\vendor\\laravel\\framework\\src\\Illuminate\\Pipeline\\Pipeline.php(209): Laravel\\Boost\\Middleware\\InjectBoost->handle(Object(Illuminate\\Http\\Request), Object(Closure))
#16 C:\\Code\\TrustCash\\vendor\\laravel\\framework\\src\\Illuminate\\Http\\Middleware\\AddLinkHeadersForPreloadedAssets.php(20): Illuminate\\Pipeline\\Pipeline->{closure:{closure:Illuminate\\Pipeline\\Pipeline::carry():184}:185}(Object(Illuminate\\Http\\Request))
#17 C:\\Code\\TrustCash\\vendor\\laravel\\framework\\src\\Illuminate\\Pipeline\\Pipeline.php(209): Illuminate\\Http\\Middleware\\AddLinkHeadersForPreloadedAssets->handle(Object(Illuminate\\Http\\Request), Object(Closure))
#18 C:\\Code\\TrustCash\\vendor\\inertiajs\\inertia-laravel\\src\\Middleware.php(86): Illuminate\\Pipeline\\Pipeline->{closure:{closure:Illuminate\\Pipeline\\Pipeline::carry():184}:185}(Object(Illuminate\\Http\\Request))
#19 C:\\Code\\TrustCash\\vendor\\laravel\\framework\\src\\Illuminate\\Pipeline\\Pipeline.php(209): Inertia\\Middleware->handle(Object(Illuminate\\Http\\Request), Object(Closure))
#20 C:\\Code\\TrustCash\\vendor\\laravel\\framework\\src\\Illuminate\\Routing\\Middleware\\SubstituteBindings.php(51): Illuminate\\Pipeline\\Pipeline->{closure:{closure:Illuminate\\Pipeline\\Pipeline::carry():184}:185}(Object(Illuminate\\Http\\Request))
#21 C:\\Code\\TrustCash\\vendor\\laravel\\framework\\src\\Illuminate\\Pipeline\\Pipeline.php(209): Illuminate\\Routing\\Middleware\\SubstituteBindings->handle(Object(Illuminate\\Http\\Request), Object(Closure))
#22 C:\\Code\\TrustCash\\vendor\\laravel\\framework\\src\\Illuminate\\Foundation\\Http\\Middleware\\VerifyCsrfToken.php(88): Illuminate\\Pipeline\\Pipeline->{closure:{closure:Illuminate\\Pipeline\\Pipeline::carry():184}:185}(Object(Illuminate\\Http\\Request))
#23 C:\\Code\\TrustCash\\vendor\\laravel\\framework\\src\\Illuminate\\Pipeline\\Pipeline.php(209): Illuminate\\Foundation\\Http\\Middleware\\VerifyCsrfToken->handle(Object(Illuminate\\Http\\Request), Object(Closure))
#24 C:\\Code\\TrustCash\\vendor\\laravel\\framework\\src\\Illuminate\\View\\Middleware\\ShareErrorsFromSession.php(49): Illuminate\\Pipeline\\Pipeline->{closure:{closure:Illuminate\\Pipeline\\Pipeline::carry():184}:185}(Object(Illuminate\\Http\\Request))
#25 C:\\Code\\TrustCash\\vendor\\laravel\\framework\\src\\Illuminate\\Pipeline\\Pipeline.php(209): Illuminate\\View\\Middleware\\ShareErrorsFromSession->handle(Object(Illuminate\\Http\\Request), Object(Closure))
#26 C:\\Code\\TrustCash\\vendor\\laravel\\framework\\src\\Illuminate\\Session\\Middleware\\StartSession.php(121): Illuminate\\Pipeline\\Pipeline->{closure:{closure:Illuminate\\Pipeline\\Pipeline::carry():184}:185}(Object(Illuminate\\Http\\Request))
#27 C:\\Code\\TrustCash\\vendor\\laravel\\framework\\src\\Illuminate\\Session\\Middleware\\StartSession.php(64): Illuminate\\Session\\Middleware\\StartSession->handleStatefulRequest(Object(Illuminate\\Http\\Request), Object(Illuminate\\Session\\Store), Object(Closure))
#28 C:\\Code\\TrustCash\\vendor\\laravel\\framework\\src\\Illuminate\\Pipeline\\Pipeline.php(209): Illuminate\\Session\\Middleware\\StartSession->handle(Object(Illuminate\\Http\\Request), Object(Closure))
#29 C:\\Code\\TrustCash\\vendor\\laravel\\framework\\src\\Illuminate\\Cookie\\Middleware\\AddQueuedCookiesToResponse.php(37): Illuminate\\Pipeline\\Pipeline->{closure:{closure:Illuminate\\Pipeline\\Pipeline::carry():184}:185}(Object(Illuminate\\Http\\Request))
#30 C:\\Code\\TrustCash\\vendor\\laravel\\framework\\src\\Illuminate\\Pipeline\\Pipeline.php(209): Illuminate\\Cookie\\Middleware\\AddQueuedCookiesToResponse->handle(Object(Illuminate\\Http\\Request), Object(Closure))
#31 C:\\Code\\TrustCash\\vendor\\laravel\\framework\\src\\Illuminate\\Cookie\\Middleware\\EncryptCookies.php(75): Illuminate\\Pipeline\\Pipeline->{closure:{closure:Illuminate\\Pipeline\\Pipeline::carry():184}:185}(Object(Illuminate\\Http\\Request))
#32 C:\\Code\\TrustCash\\vendor\\laravel\\framework\\src\\Illuminate\\Pipeline\\Pipeline.php(209): Illuminate\\Cookie\\Middleware\\EncryptCookies->handle(Object(Illuminate\\Http\\Request), Object(Closure))
#33 C:\\Code\\TrustCash\\app\\Http\\Middleware\\InitializeTenancyIfTenantDomain.php(71): Illuminate\\Pipeline\\Pipeline->{closure:{closure:Illuminate\\Pipeline\\Pipeline::carry():184}:185}(Object(Illuminate\\Http\\Request))
#34 C:\\Code\\TrustCash\\vendor\\laravel\\framework\\src\\Illuminate\\Pipeline\\Pipeline.php(209): App\\Http\\Middleware\\InitializeTenancyIfTenantDomain->handle(Object(Illuminate\\Http\\Request), Object(Closure))
#35 C:\\Code\\TrustCash\\vendor\\laravel\\framework\\src\\Illuminate\\Pipeline\\Pipeline.php(127): Illuminate\\Pipeline\\Pipeline->{closure:{closure:Illuminate\\Pipeline\\Pipeline::carry():184}:185}(Object(Illuminate\\Http\\Request))
#36 C:\\Code\\TrustCash\\vendor\\laravel\\framework\\src\\Illuminate\\Routing\\Router.php(807): Illuminate\\Pipeline\\Pipeline->then(Object(Closure))
#37 C:\\Code\\TrustCash\\vendor\\laravel\\framework\\src\\Illuminate\\Routing\\Router.php(786): Illuminate\\Routing\\Router->runRouteWithinStack(Object(Illuminate\\Routing\\Route), Object(Illuminate\\Http\\Request))
#38 C:\\Code\\TrustCash\\vendor\\laravel\\framework\\src\\Illuminate\\Routing\\Router.php(750): Illuminate\\Routing\\Router->runRoute(Object(Illuminate\\Http\\Request), Object(Illuminate\\Routing\\Route))
#39 C:\\Code\\TrustCash\\vendor\\laravel\\framework\\src\\Illuminate\\Routing\\Router.php(739): Illuminate\\Routing\\Router->dispatchToRoute(Object(Illuminate\\Http\\Request))
#40 C:\\Code\\TrustCash\\vendor\\laravel\\framework\\src\\Illuminate\\Foundation\\Http\\Kernel.php(201): Illuminate\\Routing\\Router->dispatch(Object(Illuminate\\Http\\Request))
#41 C:\\Code\\TrustCash\\vendor\\laravel\\framework\\src\\Illuminate\\Pipeline\\Pipeline.php(170): Illuminate\\Foundation\\Http\\Kernel->{closure:Illuminate\\Foundation\\Http\\Kernel::dispatchToRouter():198}(Object(Illuminate\\Http\\Request))
#42 C:\\Code\\TrustCash\\vendor\\laravel\\framework\\src\\Illuminate\\Foundation\\Http\\Middleware\\TransformsRequest.php(21): Illuminate\\Pipeline\\Pipeline->{closure:Illuminate\\Pipeline\\Pipeline::prepareDestination():168}(Object(Illuminate\\Http\\Request))
#43 C:\\Code\\TrustCash\\vendor\\laravel\\framework\\src\\Illuminate\\Foundation\\Http\\Middleware\\ConvertEmptyStringsToNull.php(31): Illuminate\\Foundation\\Http\\Middleware\\TransformsRequest->handle(Object(Illuminate\\Http\\Request), Object(Closure))
#44 C:\\Code\\TrustCash\\vendor\\laravel\\framework\\src\\Illuminate\\Pipeline\\Pipeline.php(209): Illuminate\\Foundation\\Http\\Middleware\\ConvertEmptyStringsToNull->handle(Object(Illuminate\\Http\\Request), Object(Closure))
#45 C:\\Code\\TrustCash\\vendor\\laravel\\framework\\src\\Illuminate\\Foundation\\Http\\Middleware\\TransformsRequest.php(21): Illuminate\\Pipeline\\Pipeline->{closure:{closure:Illuminate\\Pipeline\\Pipeline::carry():184}:185}(Object(Illuminate\\Http\\Request))
#46 C:\\Code\\TrustCash\\vendor\\laravel\\framework\\src\\Illuminate\\Foundation\\Http\\Middleware\\TrimStrings.php(51): Illuminate\\Foundation\\Http\\Middleware\\TransformsRequest->handle(Object(Illuminate\\Http\\Request), Object(Closure))
#47 C:\\Code\\TrustCash\\vendor\\laravel\\framework\\src\\Illuminate\\Pipeline\\Pipeline.php(209): Illuminate\\Foundation\\Http\\Middleware\\TrimStrings->handle(Object(Illuminate\\Http\\Request), Object(Closure))
#48 C:\\Code\\TrustCash\\vendor\\laravel\\framework\\src\\Illuminate\\Http\\Middleware\\ValidatePostSize.php(27): Illuminate\\Pipeline\\Pipeline->{closure:{closure:Illuminate\\Pipeline\\Pipeline::carry():184}:185}(Object(Illuminate\\Http\\Request))
#49 C:\\Code\\TrustCash\\vendor\\laravel\\framework\\src\\Illuminate\\Pipeline\\Pipeline.php(209): Illuminate\\Http\\Middleware\\ValidatePostSize->handle(Object(Illuminate\\Http\\Request), Object(Closure))
#50 C:\\Code\\TrustCash\\vendor\\laravel\\framework\\src\\Illuminate\\Foundation\\Http\\Middleware\\PreventRequestsDuringMaintenance.php(110): Illuminate\\Pipeline\\Pipeline->{closure:{closure:Illuminate\\Pipeline\\Pipeline::carry():184}:185}(Object(Illuminate\\Http\\Request))
#51 C:\\Code\\TrustCash\\vendor\\laravel\\framework\\src\\Illuminate\\Pipeline\\Pipeline.php(209): Illuminate\\Foundation\\Http\\Middleware\\PreventRequestsDuringMaintenance->handle(Object(Illuminate\\Http\\Request), Object(Closure))
#52 C:\\Code\\TrustCash\\vendor\\laravel\\framework\\src\\Illuminate\\Http\\Middleware\\HandleCors.php(49): Illuminate\\Pipeline\\Pipeline->{closure:{closure:Illuminate\\Pipeline\\Pipeline::carry():184}:185}(Object(Illuminate\\Http\\Request))
#53 C:\\Code\\TrustCash\\vendor\\laravel\\framework\\src\\Illuminate\\Pipeline\\Pipeline.php(209): Illuminate\\Http\\Middleware\\HandleCors->handle(Object(Illuminate\\Http\\Request), Object(Closure))
#54 C:\\Code\\TrustCash\\vendor\\laravel\\framework\\src\\Illuminate\\Http\\Middleware\\TrustProxies.php(58): Illuminate\\Pipeline\\Pipeline->{closure:{closure:Illuminate\\Pipeline\\Pipeline::carry():184}:185}(Object(Illuminate\\Http\\Request))
#55 C:\\Code\\TrustCash\\vendor\\laravel\\framework\\src\\Illuminate\\Pipeline\\Pipeline.php(209): Illuminate\\Http\\Middleware\\TrustProxies->handle(Object(Illuminate\\Http\\Request), Object(Closure))
#56 C:\\Code\\TrustCash\\vendor\\laravel\\framework\\src\\Illuminate\\Foundation\\Http\\Middleware\\InvokeDeferredCallbacks.php(22): Illuminate\\Pipeline\\Pipeline->{closure:{closure:Illuminate\\Pipeline\\Pipeline::carry():184}:185}(Object(Illuminate\\Http\\Request))
#57 C:\\Code\\TrustCash\\vendor\\laravel\\framework\\src\\Illuminate\\Pipeline\\Pipeline.php(209): Illuminate\\Foundation\\Http\\Middleware\\InvokeDeferredCallbacks->handle(Object(Illuminate\\Http\\Request), Object(Closure))
#58 C:\\Code\\TrustCash\\vendor\\laravel\\framework\\src\\Illuminate\\Pipeline\\Pipeline.php(127): Illuminate\\Pipeline\\Pipeline->{closure:{closure:Illuminate\\Pipeline\\Pipeline::carry():184}:185}(Object(Illuminate\\Http\\Request))
#59 C:\\Code\\TrustCash\\vendor\\laravel\\framework\\src\\Illuminate\\Foundation\\Http\\Kernel.php(176): Illuminate\\Pipeline\\Pipeline->then(Object(Closure))
#60 C:\\Code\\TrustCash\\vendor\\laravel\\framework\\src\\Illuminate\\Foundation\\Http\\Kernel.php(145): Illuminate\\Foundation\\Http\\Kernel->sendRequestThroughRouter(Object(Illuminate\\Http\\Request))
#61 C:\\Code\\TrustCash\\vendor\\laravel\\framework\\src\\Illuminate\\Foundation\\Application.php(1220): Illuminate\\Foundation\\Http\\Kernel->handle(Object(Illuminate\\Http\\Request))
#62 C:\\Code\\TrustCash\\public\\index.php(17): Illuminate\\Foundation\\Application->handleRequest(Object(Illuminate\\Http\\Request))
#63 C:\\Code\\TrustCash\\vendor\\laravel\\framework\\src\\Illuminate\\Foundation\\resources\\server.php(23): require_once('C:\\\\Code\\\\TrustCa...')
#64 {main}

[previous exception] [object] (PDOException(code: 42S02): SQLSTATE[42S02]: Base table or view not found: 1146 Table 'tenantmousumi.plans' doesn't exist at C:\\Code\\TrustCash\\vendor\\laravel\\framework\\src\\Illuminate\\Database\\Connection.php:407)
[stacktrace]
#0 C:\\Code\\TrustCash\\vendor\\laravel\\framework\\src\\Illuminate\\Database\\Connection.php(407): PDO->prepare('select * from `...')
#1 C:\\Code\\TrustCash\\vendor\\laravel\\framework\\src\\Illuminate\\Database\\Connection.php(812): Illuminate\\Database\\Connection->{closure:Illuminate\\Database\\Connection::select():398}('select * from `...', Array)
#2 C:\\Code\\TrustCash\\vendor\\laravel\\framework\\src\\Illuminate\\Database\\Connection.php(779): Illuminate\\Database\\Connection->runQueryCallback('select * from `...', Array, Object(Closure))
#3 C:\\Code\\TrustCash\\vendor\\laravel\\framework\\src\\Illuminate\\Database\\Connection.php(398): Illuminate\\Database\\Connection->run('select * from `...', Array, Object(Closure))
#4 C:\\Code\\TrustCash\\vendor\\laravel\\framework\\src\\Illuminate\\Database\\Query\\Builder.php(3106): Illuminate\\Database\\Connection->select('select * from `...', Array, true)
#5 C:\\Code\\TrustCash\\vendor\\laravel\\framework\\src\\Illuminate\\Database\\Query\\Builder.php(3091): Illuminate\\Database\\Query\\Builder->runSelect()
#6 C:\\Code\\TrustCash\\vendor\\laravel\\framework\\src\\Illuminate\\Database\\Query\\Builder.php(3676): Illuminate\\Database\\Query\\Builder->{closure:Illuminate\\Database\\Query\\Builder::get():3090}()
#7 C:\\Code\\TrustCash\\vendor\\laravel\\framework\\src\\Illuminate\\Database\\Query\\Builder.php(3090): Illuminate\\Database\\Query\\Builder->onceWithColumns(Array, Object(Closure))
#8 C:\\Code\\TrustCash\\vendor\\laravel\\framework\\src\\Illuminate\\Database\\Eloquent\\Builder.php(811): Illuminate\\Database\\Query\\Builder->get(Array)
#9 C:\\Code\\TrustCash\\vendor\\laravel\\framework\\src\\Illuminate\\Database\\Eloquent\\Builder.php(793): Illuminate\\Database\\Eloquent\\Builder->getModels(Array)
#10 C:\\Code\\TrustCash\\app\\Http\\Controllers\\Central\\LandingPageController.php(15): Illuminate\\Database\\Eloquent\\Builder->get()
#11 C:\\Code\\TrustCash\\vendor\\laravel\\framework\\src\\Illuminate\\Routing\\ControllerDispatcher.php(47): App\\Http\\Controllers\\Central\\LandingPageController->index()
#12 C:\\Code\\TrustCash\\vendor\\laravel\\framework\\src\\Illuminate\\Routing\\Route.php(266): Illuminate\\Routing\\ControllerDispatcher->dispatch(Object(Illuminate\\Routing\\Route), Object(App\\Http\\Controllers\\Central\\LandingPageController), 'index')
#13 C:\\Code\\TrustCash\\vendor\\laravel\\framework\\src\\Illuminate\\Routing\\Route.php(212): Illuminate\\Routing\\Route->runController()
#14 C:\\Code\\TrustCash\\vendor\\laravel\\framework\\src\\Illuminate\\Routing\\Router.php(808): Illuminate\\Routing\\Route->run()
#15 C:\\Code\\TrustCash\\vendor\\laravel\\framework\\src\\Illuminate\\Pipeline\\Pipeline.php(170): Illuminate\\Routing\\Router->{closure:Illuminate\\Routing\\Router::runRouteWithinStack():807}(Object(Illuminate\\Http\\Request))
#16 C:\\Code\\TrustCash\\vendor\\laravel\\boost\\src\\Middleware\\InjectBoost.php(22): Illuminate\\Pipeline\\Pipeline->{closure:Illuminate\\Pipeline\\Pipeline::prepareDestination():168}(Object(Illuminate\\Http\\Request))
#17 C:\\Code\\TrustCash\\vendor\\laravel\\framework\\src\\Illuminate\\Pipeline\\Pipeline.php(209): Laravel\\Boost\\Middleware\\InjectBoost->handle(Object(Illuminate\\Http\\Request), Object(Closure))
#18 C:\\Code\\TrustCash\\vendor\\laravel\\framework\\src\\Illuminate\\Http\\Middleware\\AddLinkHeadersForPreloadedAssets.php(20): Illuminate\\Pipeline\\Pipeline->{closure:{closure:Illuminate\\Pipeline\\Pipeline::carry():184}:185}(Object(Illuminate\\Http\\Request))
#19 C:\\Code\\TrustCash\\vendor\\laravel\\framework\\src\\Illuminate\\Pipeline\\Pipeline.php(209): Illuminate\\Http\\Middleware\\AddLinkHeadersForPreloadedAssets->handle(Object(Illuminate\\Http\\Request), Object(Closure))
#20 C:\\Code\\TrustCash\\vendor\\inertiajs\\inertia-laravel\\src\\Middleware.php(86): Illuminate\\Pipeline\\Pipeline->{closure:{closure:Illuminate\\Pipeline\\Pipeline::carry():184}:185}(Object(Illuminate\\Http\\Request))
#21 C:\\Code\\TrustCash\\vendor\\laravel\\framework\\src\\Illuminate\\Pipeline\\Pipeline.php(209): Inertia\\Middleware->handle(Object(Illuminate\\Http\\Request), Object(Closure))
#22 C:\\Code\\TrustCash\\vendor\\laravel\\framework\\src\\Illuminate\\Routing\\Middleware\\SubstituteBindings.php(51): Illuminate\\Pipeline\\Pipeline->{closure:{closure:Illuminate\\Pipeline\\Pipeline::carry():184}:185}(Object(Illuminate\\Http\\Request))
#23 C:\\Code\\TrustCash\\vendor\\laravel\\framework\\src\\Illuminate\\Pipeline\\Pipeline.php(209): Illuminate\\Routing\\Middleware\\SubstituteBindings->handle(Object(Illuminate\\Http\\Request), Object(Closure))
#24 C:\\Code\\TrustCash\\vendor\\laravel\\framework\\src\\Illuminate\\Foundation\\Http\\Middleware\\VerifyCsrfToken.php(88): Illuminate\\Pipeline\\Pipeline->{closure:{closure:Illuminate\\Pipeline\\Pipeline::carry():184}:185}(Object(Illuminate\\Http\\Request))
#25 C:\\Code\\TrustCash\\vendor\\laravel\\framework\\src\\Illuminate\\Pipeline\\Pipeline.php(209): Illuminate\\Foundation\\Http\\Middleware\\VerifyCsrfToken->handle(Object(Illuminate\\Http\\Request), Object(Closure))
#26 C:\\Code\\TrustCash\\vendor\\laravel\\framework\\src\\Illuminate\\View\\Middleware\\ShareErrorsFromSession.php(49): Illuminate\\Pipeline\\Pipeline->{closure:{closure:Illuminate\\Pipeline\\Pipeline::carry():184}:185}(Object(Illuminate\\Http\\Request))
#27 C:\\Code\\TrustCash\\vendor\\laravel\\framework\\src\\Illuminate\\Pipeline\\Pipeline.php(209): Illuminate\\View\\Middleware\\ShareErrorsFromSession->handle(Object(Illuminate\\Http\\Request), Object(Closure))
#28 C:\\Code\\TrustCash\\vendor\\laravel\\framework\\src\\Illuminate\\Session\\Middleware\\StartSession.php(121): Illuminate\\Pipeline\\Pipeline->{closure:{closure:Illuminate\\Pipeline\\Pipeline::carry():184}:185}(Object(Illuminate\\Http\\Request))
#29 C:\\Code\\TrustCash\\vendor\\laravel\\framework\\src\\Illuminate\\Session\\Middleware\\StartSession.php(64): Illuminate\\Session\\Middleware\\StartSession->handleStatefulRequest(Object(Illuminate\\Http\\Request), Object(Illuminate\\Session\\Store), Object(Closure))
#30 C:\\Code\\TrustCash\\vendor\\laravel\\framework\\src\\Illuminate\\Pipeline\\Pipeline.php(209): Illuminate\\Session\\Middleware\\StartSession->handle(Object(Illuminate\\Http\\Request), Object(Closure))
#31 C:\\Code\\TrustCash\\vendor\\laravel\\framework\\src\\Illuminate\\Cookie\\Middleware\\AddQueuedCookiesToResponse.php(37): Illuminate\\Pipeline\\Pipeline->{closure:{closure:Illuminate\\Pipeline\\Pipeline::carry():184}:185}(Object(Illuminate\\Http\\Request))
#32 C:\\Code\\TrustCash\\vendor\\laravel\\framework\\src\\Illuminate\\Pipeline\\Pipeline.php(209): Illuminate\\Cookie\\Middleware\\AddQueuedCookiesToResponse->handle(Object(Illuminate\\Http\\Request), Object(Closure))
#33 C:\\Code\\TrustCash\\vendor\\laravel\\framework\\src\\Illuminate\\Cookie\\Middleware\\EncryptCookies.php(75): Illuminate\\Pipeline\\Pipeline->{closure:{closure:Illuminate\\Pipeline\\Pipeline::carry():184}:185}(Object(Illuminate\\Http\\Request))
#34 C:\\Code\\TrustCash\\vendor\\laravel\\framework\\src\\Illuminate\\Pipeline\\Pipeline.php(209): Illuminate\\Cookie\\Middleware\\EncryptCookies->handle(Object(Illuminate\\Http\\Request), Object(Closure))
#35 C:\\Code\\TrustCash\\app\\Http\\Middleware\\InitializeTenancyIfTenantDomain.php(71): Illuminate\\Pipeline\\Pipeline->{closure:{closure:Illuminate\\Pipeline\\Pipeline::carry():184}:185}(Object(Illuminate\\Http\\Request))
#36 C:\\Code\\TrustCash\\vendor\\laravel\\framework\\src\\Illuminate\\Pipeline\\Pipeline.php(209): App\\Http\\Middleware\\InitializeTenancyIfTenantDomain->handle(Object(Illuminate\\Http\\Request), Object(Closure))
#37 C:\\Code\\TrustCash\\vendor\\laravel\\framework\\src\\Illuminate\\Pipeline\\Pipeline.php(127): Illuminate\\Pipeline\\Pipeline->{closure:{closure:Illuminate\\Pipeline\\Pipeline::carry():184}:185}(Object(Illuminate\\Http\\Request))
#38 C:\\Code\\TrustCash\\vendor\\laravel\\framework\\src\\Illuminate\\Routing\\Router.php(807): Illuminate\\Pipeline\\Pipeline->then(Object(Closure))
#39 C:\\Code\\TrustCash\\vendor\\laravel\\framework\\src\\Illuminate\\Routing\\Router.php(786): Illuminate\\Routing\\Router->runRouteWithinStack(Object(Illuminate\\Routing\\Route), Object(Illuminate\\Http\\Request))
#40 C:\\Code\\TrustCash\\vendor\\laravel\\framework\\src\\Illuminate\\Routing\\Router.php(750): Illuminate\\Routing\\Router->runRoute(Object(Illuminate\\Http\\Request), Object(Illuminate\\Routing\\Route))
#41 C:\\Code\\TrustCash\\vendor\\laravel\\framework\\src\\Illuminate\\Routing\\Router.php(739): Illuminate\\Routing\\Router->dispatchToRoute(Object(Illuminate\\Http\\Request))
#42 C:\\Code\\TrustCash\\vendor\\laravel\\framework\\src\\Illuminate\\Foundation\\Http\\Kernel.php(201): Illuminate\\Routing\\Router->dispatch(Object(Illuminate\\Http\\Request))
#43 C:\\Code\\TrustCash\\vendor\\laravel\\framework\\src\\Illuminate\\Pipeline\\Pipeline.php(170): Illuminate\\Foundation\\Http\\Kernel->{closure:Illuminate\\Foundation\\Http\\Kernel::dispatchToRouter():198}(Object(Illuminate\\Http\\Request))
#44 C:\\Code\\TrustCash\\vendor\\laravel\\framework\\src\\Illuminate\\Foundation\\Http\\Middleware\\TransformsRequest.php(21): Illuminate\\Pipeline\\Pipeline->{closure:Illuminate\\Pipeline\\Pipeline::prepareDestination():168}(Object(Illuminate\\Http\\Request))
#45 C:\\Code\\TrustCash\\vendor\\laravel\\framework\\src\\Illuminate\\Foundation\\Http\\Middleware\\ConvertEmptyStringsToNull.php(31): Illuminate\\Foundation\\Http\\Middleware\\TransformsRequest->handle(Object(Illuminate\\Http\\Request), Object(Closure))
#46 C:\\Code\\TrustCash\\vendor\\laravel\\framework\\src\\Illuminate\\Pipeline\\Pipeline.php(209): Illuminate\\Foundation\\Http\\Middleware\\ConvertEmptyStringsToNull->handle(Object(Illuminate\\Http\\Request), Object(Closure))
#47 C:\\Code\\TrustCash\\vendor\\laravel\\framework\\src\\Illuminate\\Foundation\\Http\\Middleware\\TransformsRequest.php(21): Illuminate\\Pipeline\\Pipeline->{closure:{closure:Illuminate\\Pipeline\\Pipeline::carry():184}:185}(Object(Illuminate\\Http\\Request))
#48 C:\\Code\\TrustCash\\vendor\\laravel\\framework\\src\\Illuminate\\Foundation\\Http\\Middleware\\TrimStrings.php(51): Illuminate\\Foundation\\Http\\Middleware\\TransformsRequest->handle(Object(Illuminate\\Http\\Request), Object(Closure))
#49 C:\\Code\\TrustCash\\vendor\\laravel\\framework\\src\\Illuminate\\Pipeline\\Pipeline.php(209): Illuminate\\Foundation\\Http\\Middleware\\TrimStrings->handle(Object(Illuminate\\Http\\Request), Object(Closure))
#50 C:\\Code\\TrustCash\\vendor\\laravel\\framework\\src\\Illuminate\\Http\\Middleware\\ValidatePostSize.php(27): Illuminate\\Pipeline\\Pipeline->{closure:{closure:Illuminate\\Pipeline\\Pipeline::carry():184}:185}(Object(Illuminate\\Http\\Request))
#51 C:\\Code\\TrustCash\\vendor\\laravel\\framework\\src\\Illuminate\\Pipeline\\Pipeline.php(209): Illuminate\\Http\\Middleware\\ValidatePostSize->handle(Object(Illuminate\\Http\\Request), Object(Closure))
#52 C:\\Code\\TrustCash\\vendor\\laravel\\framework\\src\\Illuminate\\Foundation\\Http\\Middleware\\PreventRequestsDuringMaintenance.php(110): Illuminate\\Pipeline\\Pipeline->{closure:{closure:Illuminate\\Pipeline\\Pipeline::carry():184}:185}(Object(Illuminate\\Http\\Request))
#53 C:\\Code\\TrustCash\\vendor\\laravel\\framework\\src\\Illuminate\\Pipeline\\Pipeline.php(209): Illuminate\\Foundation\\Http\\Middleware\\PreventRequestsDuringMaintenance->handle(Object(Illuminate\\Http\\Request), Object(Closure))
#54 C:\\Code\\TrustCash\\vendor\\laravel\\framework\\src\\Illuminate\\Http\\Middleware\\HandleCors.php(49): Illuminate\\Pipeline\\Pipeline->{closure:{closure:Illuminate\\Pipeline\\Pipeline::carry():184}:185}(Object(Illuminate\\Http\\Request))
#55 C:\\Code\\TrustCash\\vendor\\laravel\\framework\\src\\Illuminate\\Pipeline\\Pipeline.php(209): Illuminate\\Http\\Middleware\\HandleCors->handle(Object(Illuminate\\Http\\Request), Object(Closure))
#56 C:\\Code\\TrustCash\\vendor\\laravel\\framework\\src\\Illuminate\\Http\\Middleware\\TrustProxies.php(58): Illuminate\\Pipeline\\Pipeline->{closure:{closure:Illuminate\\Pipeline\\Pipeline::carry():184}:185}(Object(Illuminate\\Http\\Request))
#57 C:\\Code\\TrustCash\\vendor\\laravel\\framework\\src\\Illuminate\\Pipeline\\Pipeline.php(209): Illuminate\\Http\\Middleware\\TrustProxies->handle(Object(Illuminate\\Http\\Request), Object(Closure))
#58 C:\\Code\\TrustCash\\vendor\\laravel\\framework\\src\\Illuminate\\Foundation\\Http\\Middleware\\InvokeDeferredCallbacks.php(22): Illuminate\\Pipeline\\Pipeline->{closure:{closure:Illuminate\\Pipeline\\Pipeline::carry():184}:185}(Object(Illuminate\\Http\\Request))
#59 C:\\Code\\TrustCash\\vendor\\laravel\\framework\\src\\Illuminate\\Pipeline\\Pipeline.php(209): Illuminate\\Foundation\\Http\\Middleware\\InvokeDeferredCallbacks->handle(Object(Illuminate\\Http\\Request), Object(Closure))
#60 C:\\Code\\TrustCash\\vendor\\laravel\\framework\\src\\Illuminate\\Pipeline\\Pipeline.php(127): Illuminate\\Pipeline\\Pipeline->{closure:{closure:Illuminate\\Pipeline\\Pipeline::carry():184}:185}(Object(Illuminate\\Http\\Request))
#61 C:\\Code\\TrustCash\\vendor\\laravel\\framework\\src\\Illuminate\\Foundation\\Http\\Kernel.php(176): Illuminate\\Pipeline\\Pipeline->then(Object(Closure))
#62 C:\\Code\\TrustCash\\vendor\\laravel\\framework\\src\\Illuminate\\Foundation\\Http\\Kernel.php(145): Illuminate\\Foundation\\Http\\Kernel->sendRequestThroughRouter(Object(Illuminate\\Http\\Request))
#63 C:\\Code\\TrustCash\\vendor\\laravel\\framework\\src\\Illuminate\\Foundation\\Application.php(1220): Illuminate\\Foundation\\Http\\Kernel->handle(Object(Illuminate\\Http\\Request))
#64 C:\\Code\\TrustCash\\public\\index.php(17): Illuminate\\Foundation\\Application->handleRequest(Object(Illuminate\\Http\\Request))
#65 C:\\Code\\TrustCash\\vendor\\laravel\\framework\\src\\Illuminate\\Foundation\\resources\\server.php(23): require_once('C:\\\\Code\\\\TrustCa...')
#66 {main}
"} 
[2026-09-27 10:32:07] local.ERROR: SQLSTATE[42S02]: Base table or view not found: 1146 Table 'tenantmousumi.plans' doesn't exist (Connection: tenant, SQL: select * from `plans` where `is_active` = 1 and `plans`.`deleted_at` is null order by `sort_order` asc) {"exception":"[object] (Illuminate\\Database\\QueryException(code: 42S02): SQLSTATE[42S02]: Base table or view not found: 1146 Table 'tenantmousumi.plans' doesn't exist (Connection: tenant, SQL: select * from `plans` where `is_active` = 1 and `plans`.`deleted_at` is null order by `sort_order` asc) at C:\\Code\\TrustCash\\vendor\\laravel\\framework\\src\\Illuminate\\Database\\Connection.php:825)
[stacktrace]
#0 C:\\Code\\TrustCash\\vendor\\laravel\\framework\\src\\Illuminate\\Database\\Connection.php(779): Illuminate\\Database\\Connection->runQueryCallback('select * from `...', Array, Object(Closure))
#1 C:\\Code\\TrustCash\\vendor\\laravel\\framework\\src\\Illuminate\\Database\\Connection.php(398): Illuminate\\Database\\Connection->run('select * from `...', Array, Object(Closure))
#2 C:\\Code\\TrustCash\\vendor\\laravel\\framework\\src\\Illuminate\\Database\\Query\\Builder.php(3106): Illuminate\\Database\\Connection->select('select * from `...', Array, true)
#3 C:\\Code\\TrustCash\\vendor\\laravel\\framework\\src\\Illuminate\\Database\\Query\\Builder.php(3091): Illuminate\\Database\\Query\\Builder->runSelect()
#4 C:\\Code\\TrustCash\\vendor\\laravel\\framework\\src\\Illuminate\\Database\\Query\\Builder.php(3676): Illuminate\\Database\\Query\\Builder->{closure:Illuminate\\Database\\Query\\Builder::get():3090}()
#5 C:\\Code\\TrustCash\\vendor\\laravel\\framework\\src\\Illuminate\\Database\\Query\\Builder.php(3090): Illuminate\\Database\\Query\\Builder->onceWithColumns(Array, Object(Closure))
#6 C:\\Code\\TrustCash\\vendor\\laravel\\framework\\src\\Illuminate\\Database\\Eloquent\\Builder.php(811): Illuminate\\Database\\Query\\Builder->get(Array)
#7 C:\\Code\\TrustCash\\vendor\\laravel\\framework\\src\\Illuminate\\Database\\Eloquent\\Builder.php(793): Illuminate\\Database\\Eloquent\\Builder->getModels(Array)
#8 C:\\Code\\TrustCash\\app\\Http\\Controllers\\Central\\LandingPageController.php(15): Illuminate\\Database\\Eloquent\\Builder->get()
#9 C:\\Code\\TrustCash\\vendor\\laravel\\framework\\src\\Illuminate\\Routing\\ControllerDispatcher.php(47): App\\Http\\Controllers\\Central\\LandingPageController->index()
#10 C:\\Code\\TrustCash\\vendor\\laravel\\framework\\src\\Illuminate\\Routing\\Route.php(266): Illuminate\\Routing\\ControllerDispatcher->dispatch(Object(Illuminate\\Routing\\Route), Object(App\\Http\\Controllers\\Central\\LandingPageController), 'index')
#11 C:\\Code\\TrustCash\\vendor\\laravel\\framework\\src\\Illuminate\\Routing\\Route.php(212): Illuminate\\Routing\\Route->runController()
#12 C:\\Code\\TrustCash\\vendor\\laravel\\framework\\src\\Illuminate\\Routing\\Router.php(808): Illuminate\\Routing\\Route->run()
#13 C:\\Code\\TrustCash\\vendor\\laravel\\framework\\src\\Illuminate\\Pipeline\\Pipeline.php(170): Illuminate\\Routing\\Router->{closure:Illuminate\\Routing\\Router::runRouteWithinStack():807}(Object(Illuminate\\Http\\Request))
#14 C:\\Code\\TrustCash\\vendor\\laravel\\boost\\src\\Middleware\\InjectBoost.php(22): Illuminate\\Pipeline\\Pipeline->{closure:Illuminate\\Pipeline\\Pipeline::prepareDestination():168}(Object(Illuminate\\Http\\Request))
#15 C:\\Code\\TrustCash\\vendor\\laravel\\framework\\src\\Illuminate\\Pipeline\\Pipeline.php(209): Laravel\\Boost\\Middleware\\InjectBoost->handle(Object(Illuminate\\Http\\Request), Object(Closure))
#16 C:\\Code\\TrustCash\\vendor\\laravel\\framework\\src\\Illuminate\\Http\\Middleware\\AddLinkHeadersForPreloadedAssets.php(20): Illuminate\\Pipeline\\Pipeline->{closure:{closure:Illuminate\\Pipeline\\Pipeline::carry():184}:185}(Object(Illuminate\\Http\\Request))
#17 C:\\Code\\TrustCash\\vendor\\laravel\\framework\\src\\Illuminate\\Pipeline\\Pipeline.php(209): Illuminate\\Http\\Middleware\\AddLinkHeadersForPreloadedAssets->handle(Object(Illuminate\\Http\\Request), Object(Closure))
#18 C:\\Code\\TrustCash\\vendor\\inertiajs\\inertia-laravel\\src\\Middleware.php(86): Illuminate\\Pipeline\\Pipeline->{closure:{closure:Illuminate\\Pipeline\\Pipeline::carry():184}:185}(Object(Illuminate\\Http\\Request))
#19 C:\\Code\\TrustCash\\vendor\\laravel\\framework\\src\\Illuminate\\Pipeline\\Pipeline.php(209): Inertia\\Middleware->handle(Object(Illuminate\\Http\\Request), Object(Closure))
#20 C:\\Code\\TrustCash\\vendor\\laravel\\framework\\src\\Illuminate\\Routing\\Middleware\\SubstituteBindings.php(51): Illuminate\\Pipeline\\Pipeline->{closure:{closure:Illuminate\\Pipeline\\Pipeline::carry():184}:185}(Object(Illuminate\\Http\\Request))
#21 C:\\Code\\TrustCash\\vendor\\laravel\\framework\\src\\Illuminate\\Pipeline\\Pipeline.php(209): Illuminate\\Routing\\Middleware\\SubstituteBindings->handle(Object(Illuminate\\Http\\Request), Object(Closure))
#22 C:\\Code\\TrustCash\\vendor\\laravel\\framework\\src\\Illuminate\\Foundation\\Http\\Middleware\\VerifyCsrfToken.php(88): Illuminate\\Pipeline\\Pipeline->{closure:{closure:Illuminate\\Pipeline\\Pipeline::carry():184}:185}(Object(Illuminate\\Http\\Request))
#23 C:\\Code\\TrustCash\\vendor\\laravel\\framework\\src\\Illuminate\\Pipeline\\Pipeline.php(209): Illuminate\\Foundation\\Http\\Middleware\\VerifyCsrfToken->handle(Object(Illuminate\\Http\\Request), Object(Closure))
#24 C:\\Code\\TrustCash\\vendor\\laravel\\framework\\src\\Illuminate\\View\\Middleware\\ShareErrorsFromSession.php(49): Illuminate\\Pipeline\\Pipeline->{closure:{closure:Illuminate\\Pipeline\\Pipeline::carry():184}:185}(Object(Illuminate\\Http\\Request))
#25 C:\\Code\\TrustCash\\vendor\\laravel\\framework\\src\\Illuminate\\Pipeline\\Pipeline.php(209): Illuminate\\View\\Middleware\\ShareErrorsFromSession->handle(Object(Illuminate\\Http\\Request), Object(Closure))
#26 C:\\Code\\TrustCash\\vendor\\laravel\\framework\\src\\Illuminate\\Session\\Middleware\\StartSession.php(121): Illuminate\\Pipeline\\Pipeline->{closure:{closure:Illuminate\\Pipeline\\Pipeline::carry():184}:185}(Object(Illuminate\\Http\\Request))
#27 C:\\Code\\TrustCash\\vendor\\laravel\\framework\\src\\Illuminate\\Session\\Middleware\\StartSession.php(64): Illuminate\\Session\\Middleware\\StartSession->handleStatefulRequest(Object(Illuminate\\Http\\Request), Object(Illuminate\\Session\\Store), Object(Closure))
#28 C:\\Code\\TrustCash\\vendor\\laravel\\framework\\src\\Illuminate\\Pipeline\\Pipeline.php(209): Illuminate\\Session\\Middleware\\StartSession->handle(Object(Illuminate\\Http\\Request), Object(Closure))
#29 C:\\Code\\TrustCash\\vendor\\laravel\\framework\\src\\Illuminate\\Cookie\\Middleware\\AddQueuedCookiesToResponse.php(37): Illuminate\\Pipeline\\Pipeline->{closure:{closure:Illuminate\\Pipeline\\Pipeline::carry():184}:185}(Object(Illuminate\\Http\\Request))
#30 C:\\Code\\TrustCash\\vendor\\laravel\\framework\\src\\Illuminate\\Pipeline\\Pipeline.php(209): Illuminate\\Cookie\\Middleware\\AddQueuedCookiesToResponse->handle(Object(Illuminate\\Http\\Request), Object(Closure))
#31 C:\\Code\\TrustCash\\vendor\\laravel\\framework\\src\\Illuminate\\Cookie\\Middleware\\EncryptCookies.php(75): Illuminate\\Pipeline\\Pipeline->{closure:{closure:Illuminate\\Pipeline\\Pipeline::carry():184}:185}(Object(Illuminate\\Http\\Request))
#32 C:\\Code\\TrustCash\\vendor\\laravel\\framework\\src\\Illuminate\\Pipeline\\Pipeline.php(209): Illuminate\\Cookie\\Middleware\\EncryptCookies->handle(Object(Illuminate\\Http\\Request), Object(Closure))
#33 C:\\Code\\TrustCash\\app\\Http\\Middleware\\InitializeTenancyIfTenantDomain.php(71): Illuminate\\Pipeline\\Pipeline->{closure:{closure:Illuminate\\Pipeline\\Pipeline::carry():184}:185}(Object(Illuminate\\Http\\Request))
#34 C:\\Code\\TrustCash\\vendor\\laravel\\framework\\src\\Illuminate\\Pipeline\\Pipeline.php(209): App\\Http\\Middleware\\InitializeTenancyIfTenantDomain->handle(Object(Illuminate\\Http\\Request), Object(Closure))
#35 C:\\Code\\TrustCash\\vendor\\laravel\\framework\\src\\Illuminate\\Pipeline\\Pipeline.php(127): Illuminate\\Pipeline\\Pipeline->{closure:{closure:Illuminate\\Pipeline\\Pipeline::carry():184}:185}(Object(Illuminate\\Http\\Request))
#36 C:\\Code\\TrustCash\\vendor\\laravel\\framework\\src\\Illuminate\\Routing\\Router.php(807): Illuminate\\Pipeline\\Pipeline->then(Object(Closure))
#37 C:\\Code\\TrustCash\\vendor\\laravel\\framework\\src\\Illuminate\\Routing\\Router.php(786): Illuminate\\Routing\\Router->runRouteWithinStack(Object(Illuminate\\Routing\\Route), Object(Illuminate\\Http\\Request))
#38 C:\\Code\\TrustCash\\vendor\\laravel\\framework\\src\\Illuminate\\Routing\\Router.php(750): Illuminate\\Routing\\Router->runRoute(Object(Illuminate\\Http\\Request), Object(Illuminate\\Routing\\Route))
#39 C:\\Code\\TrustCash\\vendor\\laravel\\framework\\src\\Illuminate\\Routing\\Router.php(739): Illuminate\\Routing\\Router->dispatchToRoute(Object(Illuminate\\Http\\Request))
#40 C:\\Code\\TrustCash\\vendor\\laravel\\framework\\src\\Illuminate\\Foundation\\Http\\Kernel.php(201): Illuminate\\Routing\\Router->dispatch(Object(Illuminate\\Http\\Request))
#41 C:\\Code\\TrustCash\\vendor\\laravel\\framework\\src\\Illuminate\\Pipeline\\Pipeline.php(170): Illuminate\\Foundation\\Http\\Kernel->{closure:Illuminate\\Foundation\\Http\\Kernel::dispatchToRouter():198}(Object(Illuminate\\Http\\Request))
#42 C:\\Code\\TrustCash\\vendor\\laravel\\framework\\src\\Illuminate\\Foundation\\Http\\Middleware\\TransformsRequest.php(21): Illuminate\\Pipeline\\Pipeline->{closure:Illuminate\\Pipeline\\Pipeline::prepareDestination():168}(Object(Illuminate\\Http\\Request))
#43 C:\\Code\\TrustCash\\vendor\\laravel\\framework\\src\\Illuminate\\Foundation\\Http\\Middleware\\ConvertEmptyStringsToNull.php(31): Illuminate\\Foundation\\Http\\Middleware\\TransformsRequest->handle(Object(Illuminate\\Http\\Request), Object(Closure))
#44 C:\\Code\\TrustCash\\vendor\\laravel\\framework\\src\\Illuminate\\Pipeline\\Pipeline.php(209): Illuminate\\Foundation\\Http\\Middleware\\ConvertEmptyStringsToNull->handle(Object(Illuminate\\Http\\Request), Object(Closure))
#45 C:\\Code\\TrustCash\\vendor\\laravel\\framework\\src\\Illuminate\\Foundation\\Http\\Middleware\\TransformsRequest.php(21): Illuminate\\Pipeline\\Pipeline->{closure:{closure:Illuminate\\Pipeline\\Pipeline::carry():184}:185}(Object(Illuminate\\Http\\Request))
#46 C:\\Code\\TrustCash\\vendor\\laravel\\framework\\src\\Illuminate\\Foundation\\Http\\Middleware\\TrimStrings.php(51): Illuminate\\Foundation\\Http\\Middleware\\TransformsRequest->handle(Object(Illuminate\\Http\\Request), Object(Closure))
#47 C:\\Code\\TrustCash\\vendor\\laravel\\framework\\src\\Illuminate\\Pipeline\\Pipeline.php(209): Illuminate\\Foundation\\Http\\Middleware\\TrimStrings->handle(Object(Illuminate\\Http\\Request), Object(Closure))
#48 C:\\Code\\TrustCash\\vendor\\laravel\\framework\\src\\Illuminate\\Http\\Middleware\\ValidatePostSize.php(27): Illuminate\\Pipeline\\Pipeline->{closure:{closure:Illuminate\\Pipeline\\Pipeline::carry():184}:185}(Object(Illuminate\\Http\\Request))
#49 C:\\Code\\TrustCash\\vendor\\laravel\\framework\\src\\Illuminate\\Pipeline\\Pipeline.php(209): Illuminate\\Http\\Middleware\\ValidatePostSize->handle(Object(Illuminate\\Http\\Request), Object(Closure))
#50 C:\\Code\\TrustCash\\vendor\\laravel\\framework\\src\\Illuminate\\Foundation\\Http\\Middleware\\PreventRequestsDuringMaintenance.php(110): Illuminate\\Pipeline\\Pipeline->{closure:{closure:Illuminate\\Pipeline\\Pipeline::carry():184}:185}(Object(Illuminate\\Http\\Request))
#51 C:\\Code\\TrustCash\\vendor\\laravel\\framework\\src\\Illuminate\\Pipeline\\Pipeline.php(209): Illuminate\\Foundation\\Http\\Middleware\\PreventRequestsDuringMaintenance->handle(Object(Illuminate\\Http\\Request), Object(Closure))
#52 C:\\Code\\TrustCash\\vendor\\laravel\\framework\\src\\Illuminate\\Http\\Middleware\\HandleCors.php(49): Illuminate\\Pipeline\\Pipeline->{closure:{closure:Illuminate\\Pipeline\\Pipeline::carry():184}:185}(Object(Illuminate\\Http\\Request))
#53 C:\\Code\\TrustCash\\vendor\\laravel\\framework\\src\\Illuminate\\Pipeline\\Pipeline.php(209): Illuminate\\Http\\Middleware\\HandleCors->handle(Object(Illuminate\\Http\\Request), Object(Closure))
#54 C:\\Code\\TrustCash\\vendor\\laravel\\framework\\src\\Illuminate\\Http\\Middleware\\TrustProxies.php(58): Illuminate\\Pipeline\\Pipeline->{closure:{closure:Illuminate\\Pipeline\\Pipeline::carry():184}:185}(Object(Illuminate\\Http\\Request))
#55 C:\\Code\\TrustCash\\vendor\\laravel\\framework\\src\\Illuminate\\Pipeline\\Pipeline.php(209): Illuminate\\Http\\Middleware\\TrustProxies->handle(Object(Illuminate\\Http\\Request), Object(Closure))
#56 C:\\Code\\TrustCash\\vendor\\laravel\\framework\\src\\Illuminate\\Foundation\\Http\\Middleware\\InvokeDeferredCallbacks.php(22): Illuminate\\Pipeline\\Pipeline->{closure:{closure:Illuminate\\Pipeline\\Pipeline::carry():184}:185}(Object(Illuminate\\Http\\Request))
#57 C:\\Code\\TrustCash\\vendor\\laravel\\framework\\src\\Illuminate\\Pipeline\\Pipeline.php(209): Illuminate\\Foundation\\Http\\Middleware\\InvokeDeferredCallbacks->handle(Object(Illuminate\\Http\\Request), Object(Closure))
#58 C:\\Code\\TrustCash\\vendor\\laravel\\framework\\src\\Illuminate\\Pipeline\\Pipeline.php(127): Illuminate\\Pipeline\\Pipeline->{closure:{closure:Illuminate\\Pipeline\\Pipeline::carry():184}:185}(Object(Illuminate\\Http\\Request))
#59 C:\\Code\\TrustCash\\vendor\\laravel\\framework\\src\\Illuminate\\Foundation\\Http\\Kernel.php(176): Illuminate\\Pipeline\\Pipeline->then(Object(Closure))
#60 C:\\Code\\TrustCash\\vendor\\laravel\\framework\\src\\Illuminate\\Foundation\\Http\\Kernel.php(145): Illuminate\\Foundation\\Http\\Kernel->sendRequestThroughRouter(Object(Illuminate\\Http\\Request))
#61 C:\\Code\\TrustCash\\vendor\\laravel\\framework\\src\\Illuminate\\Foundation\\Application.php(1220): Illuminate\\Foundation\\Http\\Kernel->handle(Object(Illuminate\\Http\\Request))
#62 C:\\Code\\TrustCash\\public\\index.php(17): Illuminate\\Foundation\\Application->handleRequest(Object(Illuminate\\Http\\Request))
#63 C:\\Code\\TrustCash\\vendor\\laravel\\framework\\src\\Illuminate\\Foundation\\resources\\server.php(23): require_once('C:\\\\Code\\\\TrustCa...')
#64 {main}

[previous exception] [object] (PDOException(code: 42S02): SQLSTATE[42S02]: Base table or view not found: 1146 Table 'tenantmousumi.plans' doesn't exist at C:\\Code\\TrustCash\\vendor\\laravel\\framework\\src\\Illuminate\\Database\\Connection.php:407)
[stacktrace]
#0 C:\\Code\\TrustCash\\vendor\\laravel\\framework\\src\\Illuminate\\Database\\Connection.php(407): PDO->prepare('select * from `...')
#1 C:\\Code\\TrustCash\\vendor\\laravel\\framework\\src\\Illuminate\\Database\\Connection.php(812): Illuminate\\Database\\Connection->{closure:Illuminate\\Database\\Connection::select():398}('select * from `...', Array)
#2 C:\\Code\\TrustCash\\vendor\\laravel\\framework\\src\\Illuminate\\Database\\Connection.php(779): Illuminate\\Database\\Connection->runQueryCallback('select * from `...', Array, Object(Closure))
#3 C:\\Code\\TrustCash\\vendor\\laravel\\framework\\src\\Illuminate\\Database\\Connection.php(398): Illuminate\\Database\\Connection->run('select * from `...', Array, Object(Closure))
#4 C:\\Code\\TrustCash\\vendor\\laravel\\framework\\src\\Illuminate\\Database\\Query\\Builder.php(3106): Illuminate\\Database\\Connection->select('select * from `...', Array, true)
#5 C:\\Code\\TrustCash\\vendor\\laravel\\framework\\src\\Illuminate\\Database\\Query\\Builder.php(3091): Illuminate\\Database\\Query\\Builder->runSelect()
#6 C:\\Code\\TrustCash\\vendor\\laravel\\framework\\src\\Illuminate\\Database\\Query\\Builder.php(3676): Illuminate\\Database\\Query\\Builder->{closure:Illuminate\\Database\\Query\\Builder::get():3090}()
#7 C:\\Code\\TrustCash\\vendor\\laravel\\framework\\src\\Illuminate\\Database\\Query\\Builder.php(3090): Illuminate\\Database\\Query\\Builder->onceWithColumns(Array, Object(Closure))
#8 C:\\Code\\TrustCash\\vendor\\laravel\\framework\\src\\Illuminate\\Database\\Eloquent\\Builder.php(811): Illuminate\\Database\\Query\\Builder->get(Array)
#9 C:\\Code\\TrustCash\\vendor\\laravel\\framework\\src\\Illuminate\\Database\\Eloquent\\Builder.php(793): Illuminate\\Database\\Eloquent\\Builder->getModels(Array)
#10 C:\\Code\\TrustCash\\app\\Http\\Controllers\\Central\\LandingPageController.php(15): Illuminate\\Database\\Eloquent\\Builder->get()
#11 C:\\Code\\TrustCash\\vendor\\laravel\\framework\\src\\Illuminate\\Routing\\ControllerDispatcher.php(47): App\\Http\\Controllers\\Central\\LandingPageController->index()
#12 C:\\Code\\TrustCash\\vendor\\laravel\\framework\\src\\Illuminate\\Routing\\Route.php(266): Illuminate\\Routing\\ControllerDispatcher->dispatch(Object(Illuminate\\Routing\\Route), Object(App\\Http\\Controllers\\Central\\LandingPageController), 'index')
#13 C:\\Code\\TrustCash\\vendor\\laravel\\framework\\src\\Illuminate\\Routing\\Route.php(212): Illuminate\\Routing\\Route->runController()
#14 C:\\Code\\TrustCash\\vendor\\laravel\\framework\\src\\Illuminate\\Routing\\Router.php(808): Illuminate\\Routing\\Route->run()
#15 C:\\Code\\TrustCash\\vendor\\laravel\\framework\\src\\Illuminate\\Pipeline\\Pipeline.php(170): Illuminate\\Routing\\Router->{closure:Illuminate\\Routing\\Router::runRouteWithinStack():807}(Object(Illuminate\\Http\\Request))
#16 C:\\Code\\TrustCash\\vendor\\laravel\\boost\\src\\Middleware\\InjectBoost.php(22): Illuminate\\Pipeline\\Pipeline->{closure:Illuminate\\Pipeline\\Pipeline::prepareDestination():168}(Object(Illuminate\\Http\\Request))
#17 C:\\Code\\TrustCash\\vendor\\laravel\\framework\\src\\Illuminate\\Pipeline\\Pipeline.php(209): Laravel\\Boost\\Middleware\\InjectBoost->handle(Object(Illuminate\\Http\\Request), Object(Closure))
#18 C:\\Code\\TrustCash\\vendor\\laravel\\framework\\src\\Illuminate\\Http\\Middleware\\AddLinkHeadersForPreloadedAssets.php(20): Illuminate\\Pipeline\\Pipeline->{closure:{closure:Illuminate\\Pipeline\\Pipeline::carry():184}:185}(Object(Illuminate\\Http\\Request))
#19 C:\\Code\\TrustCash\\vendor\\laravel\\framework\\src\\Illuminate\\Pipeline\\Pipeline.php(209): Illuminate\\Http\\Middleware\\AddLinkHeadersForPreloadedAssets->handle(Object(Illuminate\\Http\\Request), Object(Closure))
#20 C:\\Code\\TrustCash\\vendor\\inertiajs\\inertia-laravel\\src\\Middleware.php(86): Illuminate\\Pipeline\\Pipeline->{closure:{closure:Illuminate\\Pipeline\\Pipeline::carry():184}:185}(Object(Illuminate\\Http\\Request))
#21 C:\\Code\\TrustCash\\vendor\\laravel\\framework\\src\\Illuminate\\Pipeline\\Pipeline.php(209): Inertia\\Middleware->handle(Object(Illuminate\\Http\\Request), Object(Closure))
#22 C:\\Code\\TrustCash\\vendor\\laravel\\framework\\src\\Illuminate\\Routing\\Middleware\\SubstituteBindings.php(51): Illuminate\\Pipeline\\Pipeline->{closure:{closure:Illuminate\\Pipeline\\Pipeline::carry():184}:185}(Object(Illuminate\\Http\\Request))
#23 C:\\Code\\TrustCash\\vendor\\laravel\\framework\\src\\Illuminate\\Pipeline\\Pipeline.php(209): Illuminate\\Routing\\Middleware\\SubstituteBindings->handle(Object(Illuminate\\Http\\Request), Object(Closure))
#24 C:\\Code\\TrustCash\\vendor\\laravel\\framework\\src\\Illuminate\\Foundation\\Http\\Middleware\\VerifyCsrfToken.php(88): Illuminate\\Pipeline\\Pipeline->{closure:{closure:Illuminate\\Pipeline\\Pipeline::carry():184}:185}(Object(Illuminate\\Http\\Request))
#25 C:\\Code\\TrustCash\\vendor\\laravel\\framework\\src\\Illuminate\\Pipeline\\Pipeline.php(209): Illuminate\\Foundation\\Http\\Middleware\\VerifyCsrfToken->handle(Object(Illuminate\\Http\\Request), Object(Closure))
#26 C:\\Code\\TrustCash\\vendor\\laravel\\framework\\src\\Illuminate\\View\\Middleware\\ShareErrorsFromSession.php(49): Illuminate\\Pipeline\\Pipeline->{closure:{closure:Illuminate\\Pipeline\\Pipeline::carry():184}:185}(Object(Illuminate\\Http\\Request))
#27 C:\\Code\\TrustCash\\vendor\\laravel\\framework\\src\\Illuminate\\Pipeline\\Pipeline.php(209): Illuminate\\View\\Middleware\\ShareErrorsFromSession->handle(Object(Illuminate\\Http\\Request), Object(Closure))
#28 C:\\Code\\TrustCash\\vendor\\laravel\\framework\\src\\Illuminate\\Session\\Middleware\\StartSession.php(121): Illuminate\\Pipeline\\Pipeline->{closure:{closure:Illuminate\\Pipeline\\Pipeline::carry():184}:185}(Object(Illuminate\\Http\\Request))
#29 C:\\Code\\TrustCash\\vendor\\laravel\\framework\\src\\Illuminate\\Session\\Middleware\\StartSession.php(64): Illuminate\\Session\\Middleware\\StartSession->handleStatefulRequest(Object(Illuminate\\Http\\Request), Object(Illuminate\\Session\\Store), Object(Closure))
#30 C:\\Code\\TrustCash\\vendor\\laravel\\framework\\src\\Illuminate\\Pipeline\\Pipeline.php(209): Illuminate\\Session\\Middleware\\StartSession->handle(Object(Illuminate\\Http\\Request), Object(Closure))
#31 C:\\Code\\TrustCash\\vendor\\laravel\\framework\\src\\Illuminate\\Cookie\\Middleware\\AddQueuedCookiesToResponse.php(37): Illuminate\\Pipeline\\Pipeline->{closure:{closure:Illuminate\\Pipeline\\Pipeline::carry():184}:185}(Object(Illuminate\\Http\\Request))
#32 C:\\Code\\TrustCash\\vendor\\laravel\\framework\\src\\Illuminate\\Pipeline\\Pipeline.php(209): Illuminate\\Cookie\\Middleware\\AddQueuedCookiesToResponse->handle(Object(Illuminate\\Http\\Request), Object(Closure))
#33 C:\\Code\\TrustCash\\vendor\\laravel\\framework\\src\\Illuminate\\Cookie\\Middleware\\EncryptCookies.php(75): Illuminate\\Pipeline\\Pipeline->{closure:{closure:Illuminate\\Pipeline\\Pipeline::carry():184}:185}(Object(Illuminate\\Http\\Request))
#34 C:\\Code\\TrustCash\\vendor\\laravel\\framework\\src\\Illuminate\\Pipeline\\Pipeline.php(209): Illuminate\\Cookie\\Middleware\\EncryptCookies->handle(Object(Illuminate\\Http\\Request), Object(Closure))
#35 C:\\Code\\TrustCash\\app\\Http\\Middleware\\InitializeTenancyIfTenantDomain.php(71): Illuminate\\Pipeline\\Pipeline->{closure:{closure:Illuminate\\Pipeline\\Pipeline::carry():184}:185}(Object(Illuminate\\Http\\Request))
#36 C:\\Code\\TrustCash\\vendor\\laravel\\framework\\src\\Illuminate\\Pipeline\\Pipeline.php(209): App\\Http\\Middleware\\InitializeTenancyIfTenantDomain->handle(Object(Illuminate\\Http\\Request), Object(Closure))
#37 C:\\Code\\TrustCash\\vendor\\laravel\\framework\\src\\Illuminate\\Pipeline\\Pipeline.php(127): Illuminate\\Pipeline\\Pipeline->{closure:{closure:Illuminate\\Pipeline\\Pipeline::carry():184}:185}(Object(Illuminate\\Http\\Request))
#38 C:\\Code\\TrustCash\\vendor\\laravel\\framework\\src\\Illuminate\\Routing\\Router.php(807): Illuminate\\Pipeline\\Pipeline->then(Object(Closure))
#39 C:\\Code\\TrustCash\\vendor\\laravel\\framework\\src\\Illuminate\\Routing\\Router.php(786): Illuminate\\Routing\\Router->runRouteWithinStack(Object(Illuminate\\Routing\\Route), Object(Illuminate\\Http\\Request))
#40 C:\\Code\\TrustCash\\vendor\\laravel\\framework\\src\\Illuminate\\Routing\\Router.php(750): Illuminate\\Routing\\Router->runRoute(Object(Illuminate\\Http\\Request), Object(Illuminate\\Routing\\Route))
#41 C:\\Code\\TrustCash\\vendor\\laravel\\framework\\src\\Illuminate\\Routing\\Router.php(739): Illuminate\\Routing\\Router->dispatchToRoute(Object(Illuminate\\Http\\Request))
#42 C:\\Code\\TrustCash\\vendor\\laravel\\framework\\src\\Illuminate\\Foundation\\Http\\Kernel.php(201): Illuminate\\Routing\\Router->dispatch(Object(Illuminate\\Http\\Request))
#43 C:\\Code\\TrustCash\\vendor\\laravel\\framework\\src\\Illuminate\\Pipeline\\Pipeline.php(170): Illuminate\\Foundation\\Http\\Kernel->{closure:Illuminate\\Foundation\\Http\\Kernel::dispatchToRouter():198}(Object(Illuminate\\Http\\Request))
#44 C:\\Code\\TrustCash\\vendor\\laravel\\framework\\src\\Illuminate\\Foundation\\Http\\Middleware\\TransformsRequest.php(21): Illuminate\\Pipeline\\Pipeline->{closure:Illuminate\\Pipeline\\Pipeline::prepareDestination():168}(Object(Illuminate\\Http\\Request))
#45 C:\\Code\\TrustCash\\vendor\\laravel\\framework\\src\\Illuminate\\Foundation\\Http\\Middleware\\ConvertEmptyStringsToNull.php(31): Illuminate\\Foundation\\Http\\Middleware\\TransformsRequest->handle(Object(Illuminate\\Http\\Request), Object(Closure))
#46 C:\\Code\\TrustCash\\vendor\\laravel\\framework\\src\\Illuminate\\Pipeline\\Pipeline.php(209): Illuminate\\Foundation\\Http\\Middleware\\ConvertEmptyStringsToNull->handle(Object(Illuminate\\Http\\Request), Object(Closure))
#47 C:\\Code\\TrustCash\\vendor\\laravel\\framework\\src\\Illuminate\\Foundation\\Http\\Middleware\\TransformsRequest.php(21): Illuminate\\Pipeline\\Pipeline->{closure:{closure:Illuminate\\Pipeline\\Pipeline::carry():184}:185}(Object(Illuminate\\Http\\Request))
#48 C:\\Code\\TrustCash\\vendor\\laravel\\framework\\src\\Illuminate\\Foundation\\Http\\Middleware\\TrimStrings.php(51): Illuminate\\Foundation\\Http\\Middleware\\TransformsRequest->handle(Object(Illuminate\\Http\\Request), Object(Closure))
#49 C:\\Code\\TrustCash\\vendor\\laravel\\framework\\src\\Illuminate\\Pipeline\\Pipeline.php(209): Illuminate\\Foundation\\Http\\Middleware\\TrimStrings->handle(Object(Illuminate\\Http\\Request), Object(Closure))
#50 C:\\Code\\TrustCash\\vendor\\laravel\\framework\\src\\Illuminate\\Http\\Middleware\\ValidatePostSize.php(27): Illuminate\\Pipeline\\Pipeline->{closure:{closure:Illuminate\\Pipeline\\Pipeline::carry():184}:185}(Object(Illuminate\\Http\\Request))
#51 C:\\Code\\TrustCash\\vendor\\laravel\\framework\\src\\Illuminate\\Pipeline\\Pipeline.php(209): Illuminate\\Http\\Middleware\\ValidatePostSize->handle(Object(Illuminate\\Http\\Request), Object(Closure))
#52 C:\\Code\\TrustCash\\vendor\\laravel\\framework\\src\\Illuminate\\Foundation\\Http\\Middleware\\PreventRequestsDuringMaintenance.php(110): Illuminate\\Pipeline\\Pipeline->{closure:{closure:Illuminate\\Pipeline\\Pipeline::carry():184}:185}(Object(Illuminate\\Http\\Request))
#53 C:\\Code\\TrustCash\\vendor\\laravel\\framework\\src\\Illuminate\\Pipeline\\Pipeline.php(209): Illuminate\\Foundation\\Http\\Middleware\\PreventRequestsDuringMaintenance->handle(Object(Illuminate\\Http\\Request), Object(Closure))
#54 C:\\Code\\TrustCash\\vendor\\laravel\\framework\\src\\Illuminate\\Http\\Middleware\\HandleCors.php(49): Illuminate\\Pipeline\\Pipeline->{closure:{closure:Illuminate\\Pipeline\\Pipeline::carry():184}:185}(Object(Illuminate\\Http\\Request))
#55 C:\\Code\\TrustCash\\vendor\\laravel\\framework\\src\\Illuminate\\Pipeline\\Pipeline.php(209): Illuminate\\Http\\Middleware\\HandleCors->handle(Object(Illuminate\\Http\\Request), Object(Closure))
#56 C:\\Code\\TrustCash\\vendor\\laravel\\framework\\src\\Illuminate\\Http\\Middleware\\TrustProxies.php(58): Illuminate\\Pipeline\\Pipeline->{closure:{closure:Illuminate\\Pipeline\\Pipeline::carry():184}:185}(Object(Illuminate\\Http\\Request))
#57 C:\\Code\\TrustCash\\vendor\\laravel\\framework\\src\\Illuminate\\Pipeline\\Pipeline.php(209): Illuminate\\Http\\Middleware\\TrustProxies->handle(Object(Illuminate\\Http\\Request), Object(Closure))
#58 C:\\Code\\TrustCash\\vendor\\laravel\\framework\\src\\Illuminate\\Foundation\\Http\\Middleware\\InvokeDeferredCallbacks.php(22): Illuminate\\Pipeline\\Pipeline->{closure:{closure:Illuminate\\Pipeline\\Pipeline::carry():184}:185}(Object(Illuminate\\Http\\Request))
#59 C:\\Code\\TrustCash\\vendor\\laravel\\framework\\src\\Illuminate\\Pipeline\\Pipeline.php(209): Illuminate\\Foundation\\Http\\Middleware\\InvokeDeferredCallbacks->handle(Object(Illuminate\\Http\\Request), Object(Closure))
#60 C:\\Code\\TrustCash\\vendor\\laravel\\framework\\src\\Illuminate\\Pipeline\\Pipeline.php(127): Illuminate\\Pipeline\\Pipeline->{closure:{closure:Illuminate\\Pipeline\\Pipeline::carry():184}:185}(Object(Illuminate\\Http\\Request))
#61 C:\\Code\\TrustCash\\vendor\\laravel\\framework\\src\\Illuminate\\Foundation\\Http\\Kernel.php(176): Illuminate\\Pipeline\\Pipeline->then(Object(Closure))
#62 C:\\Code\\TrustCash\\vendor\\laravel\\framework\\src\\Illuminate\\Foundation\\Http\\Kernel.php(145): Illuminate\\Foundation\\Http\\Kernel->sendRequestThroughRouter(Object(Illuminate\\Http\\Request))
#63 C:\\Code\\TrustCash\\vendor\\laravel\\framework\\src\\Illuminate\\Foundation\\Application.php(1220): Illuminate\\Foundation\\Http\\Kernel->handle(Object(Illuminate\\Http\\Request))
#64 C:\\Code\\TrustCash\\public\\index.php(17): Illuminate\\Foundation\\Application->handleRequest(Object(Illuminate\\Http\\Request))
#65 C:\\Code\\TrustCash\\vendor\\laravel\\framework\\src\\Illuminate\\Foundation\\resources\\server.php(23): require_once('C:\\\\Code\\\\TrustCa...')
#66 {main}
"} 
[2026-09-27 10:46:57] local.ERROR: SQLSTATE[42S22]: Column not found: 1054 Unknown column 'price' in 'field list' (Connection: tenant, SQL: select `id`, `name`, `sku`, `barcode`, `cost_price`, `price`, `unit_id` from `products` where `status` = 1 and `products`.`deleted_at` is null) {"userId":1,"exception":"[object] (Illuminate\\Database\\QueryException(code: 42S22): SQLSTATE[42S22]: Column not found: 1054 Unknown column 'price' in 'field list' (Connection: tenant, SQL: select `id`, `name`, `sku`, `barcode`, `cost_price`, `price`, `unit_id` from `products` where `status` = 1 and `products`.`deleted_at` is null) at C:\\Code\\TrustCash\\vendor\\laravel\\framework\\src\\Illuminate\\Database\\Connection.php:825)
[stacktrace]
#0 C:\\Code\\TrustCash\\vendor\\laravel\\framework\\src\\Illuminate\\Database\\Connection.php(779): Illuminate\\Database\\Connection->runQueryCallback('select `id`, `n...', Array, Object(Closure))
#1 C:\\Code\\TrustCash\\vendor\\laravel\\framework\\src\\Illuminate\\Database\\Connection.php(398): Illuminate\\Database\\Connection->run('select `id`, `n...', Array, Object(Closure))
#2 C:\\Code\\TrustCash\\vendor\\laravel\\framework\\src\\Illuminate\\Database\\Query\\Builder.php(3106): Illuminate\\Database\\Connection->select('select `id`, `n...', Array, true)
#3 C:\\Code\\TrustCash\\vendor\\laravel\\framework\\src\\Illuminate\\Database\\Query\\Builder.php(3091): Illuminate\\Database\\Query\\Builder->runSelect()
#4 C:\\Code\\TrustCash\\vendor\\laravel\\framework\\src\\Illuminate\\Database\\Query\\Builder.php(3676): Illuminate\\Database\\Query\\Builder->{closure:Illuminate\\Database\\Query\\Builder::get():3090}()
#5 C:\\Code\\TrustCash\\vendor\\laravel\\framework\\src\\Illuminate\\Database\\Query\\Builder.php(3090): Illuminate\\Database\\Query\\Builder->onceWithColumns(Array, Object(Closure))
#6 C:\\Code\\TrustCash\\vendor\\laravel\\framework\\src\\Illuminate\\Database\\Eloquent\\Builder.php(811): Illuminate\\Database\\Query\\Builder->get(Array)
#7 C:\\Code\\TrustCash\\vendor\\laravel\\framework\\src\\Illuminate\\Database\\Eloquent\\Builder.php(793): Illuminate\\Database\\Eloquent\\Builder->getModels(Array)
#8 C:\\Code\\TrustCash\\app\\Http\\Controllers\\Admin\\PurchaseController.php(74): Illuminate\\Database\\Eloquent\\Builder->get()
#9 C:\\Code\\TrustCash\\vendor\\laravel\\framework\\src\\Illuminate\\Routing\\ControllerDispatcher.php(47): App\\Http\\Controllers\\Admin\\PurchaseController->create()
#10 C:\\Code\\TrustCash\\vendor\\laravel\\framework\\src\\Illuminate\\Routing\\Route.php(266): Illuminate\\Routing\\ControllerDispatcher->dispatch(Object(Illuminate\\Routing\\Route), Object(App\\Http\\Controllers\\Admin\\PurchaseController), 'create')
#11 C:\\Code\\TrustCash\\vendor\\laravel\\framework\\src\\Illuminate\\Routing\\Route.php(212): Illuminate\\Routing\\Route->runController()
#12 C:\\Code\\TrustCash\\vendor\\laravel\\framework\\src\\Illuminate\\Routing\\Router.php(808): Illuminate\\Routing\\Route->run()
#13 C:\\Code\\TrustCash\\vendor\\laravel\\framework\\src\\Illuminate\\Pipeline\\Pipeline.php(170): Illuminate\\Routing\\Router->{closure:Illuminate\\Routing\\Router::runRouteWithinStack():807}(Object(Illuminate\\Http\\Request))
#14 C:\\Code\\TrustCash\\vendor\\laravel\\boost\\src\\Middleware\\InjectBoost.php(22): Illuminate\\Pipeline\\Pipeline->{closure:Illuminate\\Pipeline\\Pipeline::prepareDestination():168}(Object(Illuminate\\Http\\Request))
#15 C:\\Code\\TrustCash\\vendor\\laravel\\framework\\src\\Illuminate\\Pipeline\\Pipeline.php(209): Laravel\\Boost\\Middleware\\InjectBoost->handle(Object(Illuminate\\Http\\Request), Object(Closure))
#16 C:\\Code\\TrustCash\\vendor\\laravel\\framework\\src\\Illuminate\\Http\\Middleware\\AddLinkHeadersForPreloadedAssets.php(20): Illuminate\\Pipeline\\Pipeline->{closure:{closure:Illuminate\\Pipeline\\Pipeline::carry():184}:185}(Object(Illuminate\\Http\\Request))
#17 C:\\Code\\TrustCash\\vendor\\laravel\\framework\\src\\Illuminate\\Pipeline\\Pipeline.php(209): Illuminate\\Http\\Middleware\\AddLinkHeadersForPreloadedAssets->handle(Object(Illuminate\\Http\\Request), Object(Closure))
#18 C:\\Code\\TrustCash\\vendor\\inertiajs\\inertia-laravel\\src\\Middleware.php(86): Illuminate\\Pipeline\\Pipeline->{closure:{closure:Illuminate\\Pipeline\\Pipeline::carry():184}:185}(Object(Illuminate\\Http\\Request))
#19 C:\\Code\\TrustCash\\vendor\\laravel\\framework\\src\\Illuminate\\Pipeline\\Pipeline.php(209): Inertia\\Middleware->handle(Object(Illuminate\\Http\\Request), Object(Closure))
#20 C:\\Code\\TrustCash\\vendor\\laravel\\framework\\src\\Illuminate\\Routing\\Middleware\\SubstituteBindings.php(51): Illuminate\\Pipeline\\Pipeline->{closure:{closure:Illuminate\\Pipeline\\Pipeline::carry():184}:185}(Object(Illuminate\\Http\\Request))
#21 C:\\Code\\TrustCash\\vendor\\laravel\\framework\\src\\Illuminate\\Pipeline\\Pipeline.php(209): Illuminate\\Routing\\Middleware\\SubstituteBindings->handle(Object(Illuminate\\Http\\Request), Object(Closure))
#22 C:\\Code\\TrustCash\\vendor\\laravel\\framework\\src\\Illuminate\\Auth\\Middleware\\Authenticate.php(64): Illuminate\\Pipeline\\Pipeline->{closure:{closure:Illuminate\\Pipeline\\Pipeline::carry():184}:185}(Object(Illuminate\\Http\\Request))
#23 C:\\Code\\TrustCash\\vendor\\laravel\\framework\\src\\Illuminate\\Pipeline\\Pipeline.php(209): Illuminate\\Auth\\Middleware\\Authenticate->handle(Object(Illuminate\\Http\\Request), Object(Closure))
#24 C:\\Code\\TrustCash\\vendor\\laravel\\framework\\src\\Illuminate\\Foundation\\Http\\Middleware\\VerifyCsrfToken.php(88): Illuminate\\Pipeline\\Pipeline->{closure:{closure:Illuminate\\Pipeline\\Pipeline::carry():184}:185}(Object(Illuminate\\Http\\Request))
#25 C:\\Code\\TrustCash\\vendor\\laravel\\framework\\src\\Illuminate\\Pipeline\\Pipeline.php(209): Illuminate\\Foundation\\Http\\Middleware\\VerifyCsrfToken->handle(Object(Illuminate\\Http\\Request), Object(Closure))
#26 C:\\Code\\TrustCash\\vendor\\laravel\\framework\\src\\Illuminate\\View\\Middleware\\ShareErrorsFromSession.php(49): Illuminate\\Pipeline\\Pipeline->{closure:{closure:Illuminate\\Pipeline\\Pipeline::carry():184}:185}(Object(Illuminate\\Http\\Request))
#27 C:\\Code\\TrustCash\\vendor\\laravel\\framework\\src\\Illuminate\\Pipeline\\Pipeline.php(209): Illuminate\\View\\Middleware\\ShareErrorsFromSession->handle(Object(Illuminate\\Http\\Request), Object(Closure))
#28 C:\\Code\\TrustCash\\vendor\\laravel\\framework\\src\\Illuminate\\Session\\Middleware\\StartSession.php(121): Illuminate\\Pipeline\\Pipeline->{closure:{closure:Illuminate\\Pipeline\\Pipeline::carry():184}:185}(Object(Illuminate\\Http\\Request))
#29 C:\\Code\\TrustCash\\vendor\\laravel\\framework\\src\\Illuminate\\Session\\Middleware\\StartSession.php(64): Illuminate\\Session\\Middleware\\StartSession->handleStatefulRequest(Object(Illuminate\\Http\\Request), Object(Illuminate\\Session\\Store), Object(Closure))
#30 C:\\Code\\TrustCash\\vendor\\laravel\\framework\\src\\Illuminate\\Pipeline\\Pipeline.php(209): Illuminate\\Session\\Middleware\\StartSession->handle(Object(Illuminate\\Http\\Request), Object(Closure))
#31 C:\\Code\\TrustCash\\vendor\\laravel\\framework\\src\\Illuminate\\Cookie\\Middleware\\AddQueuedCookiesToResponse.php(37): Illuminate\\Pipeline\\Pipeline->{closure:{closure:Illuminate\\Pipeline\\Pipeline::carry():184}:185}(Object(Illuminate\\Http\\Request))
#32 C:\\Code\\TrustCash\\vendor\\laravel\\framework\\src\\Illuminate\\Pipeline\\Pipeline.php(209): Illuminate\\Cookie\\Middleware\\AddQueuedCookiesToResponse->handle(Object(Illuminate\\Http\\Request), Object(Closure))
#33 C:\\Code\\TrustCash\\vendor\\laravel\\framework\\src\\Illuminate\\Cookie\\Middleware\\EncryptCookies.php(75): Illuminate\\Pipeline\\Pipeline->{closure:{closure:Illuminate\\Pipeline\\Pipeline::carry():184}:185}(Object(Illuminate\\Http\\Request))
#34 C:\\Code\\TrustCash\\vendor\\laravel\\framework\\src\\Illuminate\\Pipeline\\Pipeline.php(209): Illuminate\\Cookie\\Middleware\\EncryptCookies->handle(Object(Illuminate\\Http\\Request), Object(Closure))
#35 C:\\Code\\TrustCash\\app\\Http\\Middleware\\InitializeTenancyIfTenantDomain.php(76): Illuminate\\Pipeline\\Pipeline->{closure:{closure:Illuminate\\Pipeline\\Pipeline::carry():184}:185}(Object(Illuminate\\Http\\Request))
#36 C:\\Code\\TrustCash\\vendor\\laravel\\framework\\src\\Illuminate\\Pipeline\\Pipeline.php(209): App\\Http\\Middleware\\InitializeTenancyIfTenantDomain->handle(Object(Illuminate\\Http\\Request), Object(Closure))
#37 C:\\Code\\TrustCash\\vendor\\laravel\\framework\\src\\Illuminate\\Pipeline\\Pipeline.php(127): Illuminate\\Pipeline\\Pipeline->{closure:{closure:Illuminate\\Pipeline\\Pipeline::carry():184}:185}(Object(Illuminate\\Http\\Request))
#38 C:\\Code\\TrustCash\\vendor\\laravel\\framework\\src\\Illuminate\\Routing\\Router.php(807): Illuminate\\Pipeline\\Pipeline->then(Object(Closure))
#39 C:\\Code\\TrustCash\\vendor\\laravel\\framework\\src\\Illuminate\\Routing\\Router.php(786): Illuminate\\Routing\\Router->runRouteWithinStack(Object(Illuminate\\Routing\\Route), Object(Illuminate\\Http\\Request))
#40 C:\\Code\\TrustCash\\vendor\\laravel\\framework\\src\\Illuminate\\Routing\\Router.php(750): Illuminate\\Routing\\Router->runRoute(Object(Illuminate\\Http\\Request), Object(Illuminate\\Routing\\Route))
#41 C:\\Code\\TrustCash\\vendor\\laravel\\framework\\src\\Illuminate\\Routing\\Router.php(739): Illuminate\\Routing\\Router->dispatchToRoute(Object(Illuminate\\Http\\Request))
#42 C:\\Code\\TrustCash\\vendor\\laravel\\framework\\src\\Illuminate\\Foundation\\Http\\Kernel.php(201): Illuminate\\Routing\\Router->dispatch(Object(Illuminate\\Http\\Request))
#43 C:\\Code\\TrustCash\\vendor\\laravel\\framework\\src\\Illuminate\\Pipeline\\Pipeline.php(170): Illuminate\\Foundation\\Http\\Kernel->{closure:Illuminate\\Foundation\\Http\\Kernel::dispatchToRouter():198}(Object(Illuminate\\Http\\Request))
#44 C:\\Code\\TrustCash\\vendor\\laravel\\framework\\src\\Illuminate\\Foundation\\Http\\Middleware\\TransformsRequest.php(21): Illuminate\\Pipeline\\Pipeline->{closure:Illuminate\\Pipeline\\Pipeline::prepareDestination():168}(Object(Illuminate\\Http\\Request))
#45 C:\\Code\\TrustCash\\vendor\\laravel\\framework\\src\\Illuminate\\Foundation\\Http\\Middleware\\ConvertEmptyStringsToNull.php(31): Illuminate\\Foundation\\Http\\Middleware\\TransformsRequest->handle(Object(Illuminate\\Http\\Request), Object(Closure))
#46 C:\\Code\\TrustCash\\vendor\\laravel\\framework\\src\\Illuminate\\Pipeline\\Pipeline.php(209): Illuminate\\Foundation\\Http\\Middleware\\ConvertEmptyStringsToNull->handle(Object(Illuminate\\Http\\Request), Object(Closure))
#47 C:\\Code\\TrustCash\\vendor\\laravel\\framework\\src\\Illuminate\\Foundation\\Http\\Middleware\\TransformsRequest.php(21): Illuminate\\Pipeline\\Pipeline->{closure:{closure:Illuminate\\Pipeline\\Pipeline::carry():184}:185}(Object(Illuminate\\Http\\Request))
#48 C:\\Code\\TrustCash\\vendor\\laravel\\framework\\src\\Illuminate\\Foundation\\Http\\Middleware\\TrimStrings.php(51): Illuminate\\Foundation\\Http\\Middleware\\TransformsRequest->handle(Object(Illuminate\\Http\\Request), Object(Closure))
#49 C:\\Code\\TrustCash\\vendor\\laravel\\framework\\src\\Illuminate\\Pipeline\\Pipeline.php(209): Illuminate\\Foundation\\Http\\Middleware\\TrimStrings->handle(Object(Illuminate\\Http\\Request), Object(Closure))
#50 C:\\Code\\TrustCash\\vendor\\laravel\\framework\\src\\Illuminate\\Http\\Middleware\\ValidatePostSize.php(27): Illuminate\\Pipeline\\Pipeline->{closure:{closure:Illuminate\\Pipeline\\Pipeline::carry():184}:185}(Object(Illuminate\\Http\\Request))
#51 C:\\Code\\TrustCash\\vendor\\laravel\\framework\\src\\Illuminate\\Pipeline\\Pipeline.php(209): Illuminate\\Http\\Middleware\\ValidatePostSize->handle(Object(Illuminate\\Http\\Request), Object(Closure))
#52 C:\\Code\\TrustCash\\vendor\\laravel\\framework\\src\\Illuminate\\Foundation\\Http\\Middleware\\PreventRequestsDuringMaintenance.php(110): Illuminate\\Pipeline\\Pipeline->{closure:{closure:Illuminate\\Pipeline\\Pipeline::carry():184}:185}(Object(Illuminate\\Http\\Request))
#53 C:\\Code\\TrustCash\\vendor\\laravel\\framework\\src\\Illuminate\\Pipeline\\Pipeline.php(209): Illuminate\\Foundation\\Http\\Middleware\\PreventRequestsDuringMaintenance->handle(Object(Illuminate\\Http\\Request), Object(Closure))
#54 C:\\Code\\TrustCash\\vendor\\laravel\\framework\\src\\Illuminate\\Http\\Middleware\\HandleCors.php(49): Illuminate\\Pipeline\\Pipeline->{closure:{closure:Illuminate\\Pipeline\\Pipeline::carry():184}:185}(Object(Illuminate\\Http\\Request))
#55 C:\\Code\\TrustCash\\vendor\\laravel\\framework\\src\\Illuminate\\Pipeline\\Pipeline.php(209): Illuminate\\Http\\Middleware\\HandleCors->handle(Object(Illuminate\\Http\\Request), Object(Closure))
#56 C:\\Code\\TrustCash\\vendor\\laravel\\framework\\src\\Illuminate\\Http\\Middleware\\TrustProxies.php(58): Illuminate\\Pipeline\\Pipeline->{closure:{closure:Illuminate\\Pipeline\\Pipeline::carry():184}:185}(Object(Illuminate\\Http\\Request))
#57 C:\\Code\\TrustCash\\vendor\\laravel\\framework\\src\\Illuminate\\Pipeline\\Pipeline.php(209): Illuminate\\Http\\Middleware\\TrustProxies->handle(Object(Illuminate\\Http\\Request), Object(Closure))
#58 C:\\Code\\TrustCash\\vendor\\laravel\\framework\\src\\Illuminate\\Foundation\\Http\\Middleware\\InvokeDeferredCallbacks.php(22): Illuminate\\Pipeline\\Pipeline->{closure:{closure:Illuminate\\Pipeline\\Pipeline::carry():184}:185}(Object(Illuminate\\Http\\Request))
#59 C:\\Code\\TrustCash\\vendor\\laravel\\framework\\src\\Illuminate\\Pipeline\\Pipeline.php(209): Illuminate\\Foundation\\Http\\Middleware\\InvokeDeferredCallbacks->handle(Object(Illuminate\\Http\\Request), Object(Closure))
#60 C:\\Code\\TrustCash\\vendor\\laravel\\framework\\src\\Illuminate\\Pipeline\\Pipeline.php(127): Illuminate\\Pipeline\\Pipeline->{closure:{closure:Illuminate\\Pipeline\\Pipeline::carry():184}:185}(Object(Illuminate\\Http\\Request))
#61 C:\\Code\\TrustCash\\vendor\\laravel\\framework\\src\\Illuminate\\Foundation\\Http\\Kernel.php(176): Illuminate\\Pipeline\\Pipeline->then(Object(Closure))
#62 C:\\Code\\TrustCash\\vendor\\laravel\\framework\\src\\Illuminate\\Foundation\\Http\\Kernel.php(145): Illuminate\\Foundation\\Http\\Kernel->sendRequestThroughRouter(Object(Illuminate\\Http\\Request))
#63 C:\\Code\\TrustCash\\vendor\\laravel\\framework\\src\\Illuminate\\Foundation\\Application.php(1220): Illuminate\\Foundation\\Http\\Kernel->handle(Object(Illuminate\\Http\\Request))
#64 C:\\Code\\TrustCash\\public\\index.php(17): Illuminate\\Foundation\\Application->handleRequest(Object(Illuminate\\Http\\Request))
#65 C:\\Code\\TrustCash\\vendor\\laravel\\framework\\src\\Illuminate\\Foundation\\resources\\server.php(23): require_once('C:\\\\Code\\\\TrustCa...')
#66 {main}

[previous exception] [object] (PDOException(code: 42S22): SQLSTATE[42S22]: Column not found: 1054 Unknown column 'price' in 'field list' at C:\\Code\\TrustCash\\vendor\\laravel\\framework\\src\\Illuminate\\Database\\Connection.php:407)
[stacktrace]
#0 C:\\Code\\TrustCash\\vendor\\laravel\\framework\\src\\Illuminate\\Database\\Connection.php(407): PDO->prepare('select `id`, `n...')
#1 C:\\Code\\TrustCash\\vendor\\laravel\\framework\\src\\Illuminate\\Database\\Connection.php(812): Illuminate\\Database\\Connection->{closure:Illuminate\\Database\\Connection::select():398}('select `id`, `n...', Array)
#2 C:\\Code\\TrustCash\\vendor\\laravel\\framework\\src\\Illuminate\\Database\\Connection.php(779): Illuminate\\Database\\Connection->runQueryCallback('select `id`, `n...', Array, Object(Closure))
#3 C:\\Code\\TrustCash\\vendor\\laravel\\framework\\src\\Illuminate\\Database\\Connection.php(398): Illuminate\\Database\\Connection->run('select `id`, `n...', Array, Object(Closure))
#4 C:\\Code\\TrustCash\\vendor\\laravel\\framework\\src\\Illuminate\\Database\\Query\\Builder.php(3106): Illuminate\\Database\\Connection->select('select `id`, `n...', Array, true)
#5 C:\\Code\\TrustCash\\vendor\\laravel\\framework\\src\\Illuminate\\Database\\Query\\Builder.php(3091): Illuminate\\Database\\Query\\Builder->runSelect()
#6 C:\\Code\\TrustCash\\vendor\\laravel\\framework\\src\\Illuminate\\Database\\Query\\Builder.php(3676): Illuminate\\Database\\Query\\Builder->{closure:Illuminate\\Database\\Query\\Builder::get():3090}()
#7 C:\\Code\\TrustCash\\vendor\\laravel\\framework\\src\\Illuminate\\Database\\Query\\Builder.php(3090): Illuminate\\Database\\Query\\Builder->onceWithColumns(Array, Object(Closure))
#8 C:\\Code\\TrustCash\\vendor\\laravel\\framework\\src\\Illuminate\\Database\\Eloquent\\Builder.php(811): Illuminate\\Database\\Query\\Builder->get(Array)
#9 C:\\Code\\TrustCash\\vendor\\laravel\\framework\\src\\Illuminate\\Database\\Eloquent\\Builder.php(793): Illuminate\\Database\\Eloquent\\Builder->getModels(Array)
#10 C:\\Code\\TrustCash\\app\\Http\\Controllers\\Admin\\PurchaseController.php(74): Illuminate\\Database\\Eloquent\\Builder->get()
#11 C:\\Code\\TrustCash\\vendor\\laravel\\framework\\src\\Illuminate\\Routing\\ControllerDispatcher.php(47): App\\Http\\Controllers\\Admin\\PurchaseController->create()
#12 C:\\Code\\TrustCash\\vendor\\laravel\\framework\\src\\Illuminate\\Routing\\Route.php(266): Illuminate\\Routing\\ControllerDispatcher->dispatch(Object(Illuminate\\Routing\\Route), Object(App\\Http\\Controllers\\Admin\\PurchaseController), 'create')
#13 C:\\Code\\TrustCash\\vendor\\laravel\\framework\\src\\Illuminate\\Routing\\Route.php(212): Illuminate\\Routing\\Route->runController()
#14 C:\\Code\\TrustCash\\vendor\\laravel\\framework\\src\\Illuminate\\Routing\\Router.php(808): Illuminate\\Routing\\Route->run()
#15 C:\\Code\\TrustCash\\vendor\\laravel\\framework\\src\\Illuminate\\Pipeline\\Pipeline.php(170): Illuminate\\Routing\\Router->{closure:Illuminate\\Routing\\Router::runRouteWithinStack():807}(Object(Illuminate\\Http\\Request))
#16 C:\\Code\\TrustCash\\vendor\\laravel\\boost\\src\\Middleware\\InjectBoost.php(22): Illuminate\\Pipeline\\Pipeline->{closure:Illuminate\\Pipeline\\Pipeline::prepareDestination():168}(Object(Illuminate\\Http\\Request))
#17 C:\\Code\\TrustCash\\vendor\\laravel\\framework\\src\\Illuminate\\Pipeline\\Pipeline.php(209): Laravel\\Boost\\Middleware\\InjectBoost->handle(Object(Illuminate\\Http\\Request), Object(Closure))
#18 C:\\Code\\TrustCash\\vendor\\laravel\\framework\\src\\Illuminate\\Http\\Middleware\\AddLinkHeadersForPreloadedAssets.php(20): Illuminate\\Pipeline\\Pipeline->{closure:{closure:Illuminate\\Pipeline\\Pipeline::carry():184}:185}(Object(Illuminate\\Http\\Request))
#19 C:\\Code\\TrustCash\\vendor\\laravel\\framework\\src\\Illuminate\\Pipeline\\Pipeline.php(209): Illuminate\\Http\\Middleware\\AddLinkHeadersForPreloadedAssets->handle(Object(Illuminate\\Http\\Request), Object(Closure))
#20 C:\\Code\\TrustCash\\vendor\\inertiajs\\inertia-laravel\\src\\Middleware.php(86): Illuminate\\Pipeline\\Pipeline->{closure:{closure:Illuminate\\Pipeline\\Pipeline::carry():184}:185}(Object(Illuminate\\Http\\Request))
#21 C:\\Code\\TrustCash\\vendor\\laravel\\framework\\src\\Illuminate\\Pipeline\\Pipeline.php(209): Inertia\\Middleware->handle(Object(Illuminate\\Http\\Request), Object(Closure))
#22 C:\\Code\\TrustCash\\vendor\\laravel\\framework\\src\\Illuminate\\Routing\\Middleware\\SubstituteBindings.php(51): Illuminate\\Pipeline\\Pipeline->{closure:{closure:Illuminate\\Pipeline\\Pipeline::carry():184}:185}(Object(Illuminate\\Http\\Request))
#23 C:\\Code\\TrustCash\\vendor\\laravel\\framework\\src\\Illuminate\\Pipeline\\Pipeline.php(209): Illuminate\\Routing\\Middleware\\SubstituteBindings->handle(Object(Illuminate\\Http\\Request), Object(Closure))
#24 C:\\Code\\TrustCash\\vendor\\laravel\\framework\\src\\Illuminate\\Auth\\Middleware\\Authenticate.php(64): Illuminate\\Pipeline\\Pipeline->{closure:{closure:Illuminate\\Pipeline\\Pipeline::carry():184}:185}(Object(Illuminate\\Http\\Request))
#25 C:\\Code\\TrustCash\\vendor\\laravel\\framework\\src\\Illuminate\\Pipeline\\Pipeline.php(209): Illuminate\\Auth\\Middleware\\Authenticate->handle(Object(Illuminate\\Http\\Request), Object(Closure))
#26 C:\\Code\\TrustCash\\vendor\\laravel\\framework\\src\\Illuminate\\Foundation\\Http\\Middleware\\VerifyCsrfToken.php(88): Illuminate\\Pipeline\\Pipeline->{closure:{closure:Illuminate\\Pipeline\\Pipeline::carry():184}:185}(Object(Illuminate\\Http\\Request))
#27 C:\\Code\\TrustCash\\vendor\\laravel\\framework\\src\\Illuminate\\Pipeline\\Pipeline.php(209): Illuminate\\Foundation\\Http\\Middleware\\VerifyCsrfToken->handle(Object(Illuminate\\Http\\Request), Object(Closure))
#28 C:\\Code\\TrustCash\\vendor\\laravel\\framework\\src\\Illuminate\\View\\Middleware\\ShareErrorsFromSession.php(49): Illuminate\\Pipeline\\Pipeline->{closure:{closure:Illuminate\\Pipeline\\Pipeline::carry():184}:185}(Object(Illuminate\\Http\\Request))
#29 C:\\Code\\TrustCash\\vendor\\laravel\\framework\\src\\Illuminate\\Pipeline\\Pipeline.php(209): Illuminate\\View\\Middleware\\ShareErrorsFromSession->handle(Object(Illuminate\\Http\\Request), Object(Closure))
#30 C:\\Code\\TrustCash\\vendor\\laravel\\framework\\src\\Illuminate\\Session\\Middleware\\StartSession.php(121): Illuminate\\Pipeline\\Pipeline->{closure:{closure:Illuminate\\Pipeline\\Pipeline::carry():184}:185}(Object(Illuminate\\Http\\Request))
#31 C:\\Code\\TrustCash\\vendor\\laravel\\framework\\src\\Illuminate\\Session\\Middleware\\StartSession.php(64): Illuminate\\Session\\Middleware\\StartSession->handleStatefulRequest(Object(Illuminate\\Http\\Request), Object(Illuminate\\Session\\Store), Object(Closure))
#32 C:\\Code\\TrustCash\\vendor\\laravel\\framework\\src\\Illuminate\\Pipeline\\Pipeline.php(209): Illuminate\\Session\\Middleware\\StartSession->handle(Object(Illuminate\\Http\\Request), Object(Closure))
#33 C:\\Code\\TrustCash\\vendor\\laravel\\framework\\src\\Illuminate\\Cookie\\Middleware\\AddQueuedCookiesToResponse.php(37): Illuminate\\Pipeline\\Pipeline->{closure:{closure:Illuminate\\Pipeline\\Pipeline::carry():184}:185}(Object(Illuminate\\Http\\Request))
#34 C:\\Code\\TrustCash\\vendor\\laravel\\framework\\src\\Illuminate\\Pipeline\\Pipeline.php(209): Illuminate\\Cookie\\Middleware\\AddQueuedCookiesToResponse->handle(Object(Illuminate\\Http\\Request), Object(Closure))
#35 C:\\Code\\TrustCash\\vendor\\laravel\\framework\\src\\Illuminate\\Cookie\\Middleware\\EncryptCookies.php(75): Illuminate\\Pipeline\\Pipeline->{closure:{closure:Illuminate\\Pipeline\\Pipeline::carry():184}:185}(Object(Illuminate\\Http\\Request))
#36 C:\\Code\\TrustCash\\vendor\\laravel\\framework\\src\\Illuminate\\Pipeline\\Pipeline.php(209): Illuminate\\Cookie\\Middleware\\EncryptCookies->handle(Object(Illuminate\\Http\\Request), Object(Closure))
#37 C:\\Code\\TrustCash\\app\\Http\\Middleware\\InitializeTenancyIfTenantDomain.php(76): Illuminate\\Pipeline\\Pipeline->{closure:{closure:Illuminate\\Pipeline\\Pipeline::carry():184}:185}(Object(Illuminate\\Http\\Request))
#38 C:\\Code\\TrustCash\\vendor\\laravel\\framework\\src\\Illuminate\\Pipeline\\Pipeline.php(209): App\\Http\\Middleware\\InitializeTenancyIfTenantDomain->handle(Object(Illuminate\\Http\\Request), Object(Closure))
#39 C:\\Code\\TrustCash\\vendor\\laravel\\framework\\src\\Illuminate\\Pipeline\\Pipeline.php(127): Illuminate\\Pipeline\\Pipeline->{closure:{closure:Illuminate\\Pipeline\\Pipeline::carry():184}:185}(Object(Illuminate\\Http\\Request))
#40 C:\\Code\\TrustCash\\vendor\\laravel\\framework\\src\\Illuminate\\Routing\\Router.php(807): Illuminate\\Pipeline\\Pipeline->then(Object(Closure))
#41 C:\\Code\\TrustCash\\vendor\\laravel\\framework\\src\\Illuminate\\Routing\\Router.php(786): Illuminate\\Routing\\Router->runRouteWithinStack(Object(Illuminate\\Routing\\Route), Object(Illuminate\\Http\\Request))
#42 C:\\Code\\TrustCash\\vendor\\laravel\\framework\\src\\Illuminate\\Routing\\Router.php(750): Illuminate\\Routing\\Router->runRoute(Object(Illuminate\\Http\\Request), Object(Illuminate\\Routing\\Route))
#43 C:\\Code\\TrustCash\\vendor\\laravel\\framework\\src\\Illuminate\\Routing\\Router.php(739): Illuminate\\Routing\\Router->dispatchToRoute(Object(Illuminate\\Http\\Request))
#44 C:\\Code\\TrustCash\\vendor\\laravel\\framework\\src\\Illuminate\\Foundation\\Http\\Kernel.php(201): Illuminate\\Routing\\Router->dispatch(Object(Illuminate\\Http\\Request))
#45 C:\\Code\\TrustCash\\vendor\\laravel\\framework\\src\\Illuminate\\Pipeline\\Pipeline.php(170): Illuminate\\Foundation\\Http\\Kernel->{closure:Illuminate\\Foundation\\Http\\Kernel::dispatchToRouter():198}(Object(Illuminate\\Http\\Request))
#46 C:\\Code\\TrustCash\\vendor\\laravel\\framework\\src\\Illuminate\\Foundation\\Http\\Middleware\\TransformsRequest.php(21): Illuminate\\Pipeline\\Pipeline->{closure:Illuminate\\Pipeline\\Pipeline::prepareDestination():168}(Object(Illuminate\\Http\\Request))
#47 C:\\Code\\TrustCash\\vendor\\laravel\\framework\\src\\Illuminate\\Foundation\\Http\\Middleware\\ConvertEmptyStringsToNull.php(31): Illuminate\\Foundation\\Http\\Middleware\\TransformsRequest->handle(Object(Illuminate\\Http\\Request), Object(Closure))
#48 C:\\Code\\TrustCash\\vendor\\laravel\\framework\\src\\Illuminate\\Pipeline\\Pipeline.php(209): Illuminate\\Foundation\\Http\\Middleware\\ConvertEmptyStringsToNull->handle(Object(Illuminate\\Http\\Request), Object(Closure))
#49 C:\\Code\\TrustCash\\vendor\\laravel\\framework\\src\\Illuminate\\Foundation\\Http\\Middleware\\TransformsRequest.php(21): Illuminate\\Pipeline\\Pipeline->{closure:{closure:Illuminate\\Pipeline\\Pipeline::carry():184}:185}(Object(Illuminate\\Http\\Request))
#50 C:\\Code\\TrustCash\\vendor\\laravel\\framework\\src\\Illuminate\\Foundation\\Http\\Middleware\\TrimStrings.php(51): Illuminate\\Foundation\\Http\\Middleware\\TransformsRequest->handle(Object(Illuminate\\Http\\Request), Object(Closure))
#51 C:\\Code\\TrustCash\\vendor\\laravel\\framework\\src\\Illuminate\\Pipeline\\Pipeline.php(209): Illuminate\\Foundation\\Http\\Middleware\\TrimStrings->handle(Object(Illuminate\\Http\\Request), Object(Closure))
#52 C:\\Code\\TrustCash\\vendor\\laravel\\framework\\src\\Illuminate\\Http\\Middleware\\ValidatePostSize.php(27): Illuminate\\Pipeline\\Pipeline->{closure:{closure:Illuminate\\Pipeline\\Pipeline::carry():184}:185}(Object(Illuminate\\Http\\Request))
#53 C:\\Code\\TrustCash\\vendor\\laravel\\framework\\src\\Illuminate\\Pipeline\\Pipeline.php(209): Illuminate\\Http\\Middleware\\ValidatePostSize->handle(Object(Illuminate\\Http\\Request), Object(Closure))
#54 C:\\Code\\TrustCash\\vendor\\laravel\\framework\\src\\Illuminate\\Foundation\\Http\\Middleware\\PreventRequestsDuringMaintenance.php(110): Illuminate\\Pipeline\\Pipeline->{closure:{closure:Illuminate\\Pipeline\\Pipeline::carry():184}:185}(Object(Illuminate\\Http\\Request))
#55 C:\\Code\\TrustCash\\vendor\\laravel\\framework\\src\\Illuminate\\Pipeline\\Pipeline.php(209): Illuminate\\Foundation\\Http\\Middleware\\PreventRequestsDuringMaintenance->handle(Object(Illuminate\\Http\\Request), Object(Closure))
#56 C:\\Code\\TrustCash\\vendor\\laravel\\framework\\src\\Illuminate\\Http\\Middleware\\HandleCors.php(49): Illuminate\\Pipeline\\Pipeline->{closure:{closure:Illuminate\\Pipeline\\Pipeline::carry():184}:185}(Object(Illuminate\\Http\\Request))
#57 C:\\Code\\TrustCash\\vendor\\laravel\\framework\\src\\Illuminate\\Pipeline\\Pipeline.php(209): Illuminate\\Http\\Middleware\\HandleCors->handle(Object(Illuminate\\Http\\Request), Object(Closure))
#58 C:\\Code\\TrustCash\\vendor\\laravel\\framework\\src\\Illuminate\\Http\\Middleware\\TrustProxies.php(58): Illuminate\\Pipeline\\Pipeline->{closure:{closure:Illuminate\\Pipeline\\Pipeline::carry():184}:185}(Object(Illuminate\\Http\\Request))
#59 C:\\Code\\TrustCash\\vendor\\laravel\\framework\\src\\Illuminate\\Pipeline\\Pipeline.php(209): Illuminate\\Http\\Middleware\\TrustProxies->handle(Object(Illuminate\\Http\\Request), Object(Closure))
#60 C:\\Code\\TrustCash\\vendor\\laravel\\framework\\src\\Illuminate\\Foundation\\Http\\Middleware\\InvokeDeferredCallbacks.php(22): Illuminate\\Pipeline\\Pipeline->{closure:{closure:Illuminate\\Pipeline\\Pipeline::carry():184}:185}(Object(Illuminate\\Http\\Request))
#61 C:\\Code\\TrustCash\\vendor\\laravel\\framework\\src\\Illuminate\\Pipeline\\Pipeline.php(209): Illuminate\\Foundation\\Http\\Middleware\\InvokeDeferredCallbacks->handle(Object(Illuminate\\Http\\Request), Object(Closure))
#62 C:\\Code\\TrustCash\\vendor\\laravel\\framework\\src\\Illuminate\\Pipeline\\Pipeline.php(127): Illuminate\\Pipeline\\Pipeline->{closure:{closure:Illuminate\\Pipeline\\Pipeline::carry():184}:185}(Object(Illuminate\\Http\\Request))
#63 C:\\Code\\TrustCash\\vendor\\laravel\\framework\\src\\Illuminate\\Foundation\\Http\\Kernel.php(176): Illuminate\\Pipeline\\Pipeline->then(Object(Closure))
#64 C:\\Code\\TrustCash\\vendor\\laravel\\framework\\src\\Illuminate\\Foundation\\Http\\Kernel.php(145): Illuminate\\Foundation\\Http\\Kernel->sendRequestThroughRouter(Object(Illuminate\\Http\\Request))
#65 C:\\Code\\TrustCash\\vendor\\laravel\\framework\\src\\Illuminate\\Foundation\\Application.php(1220): Illuminate\\Foundation\\Http\\Kernel->handle(Object(Illuminate\\Http\\Request))
#66 C:\\Code\\TrustCash\\public\\index.php(17): Illuminate\\Foundation\\Application->handleRequest(Object(Illuminate\\Http\\Request))
#67 C:\\Code\\TrustCash\\vendor\\laravel\\framework\\src\\Illuminate\\Foundation\\resources\\server.php(23): require_once('C:\\\\Code\\\\TrustCa...')
#68 {main}
"} 
[2026-09-27 10:47:15] local.ERROR: Undefined array key "product" (View: C:\Code\TrustCash\resources\views\reports\stock-report-pdf.blade.php) {"userId":1,"exception":"[object] (Illuminate\\View\\ViewException(code: 0): Undefined array key \"product\" (View: C:\\Code\\TrustCash\\resources\\views\\reports\\stock-report-pdf.blade.php) at C:\\Code\\TrustCash\\vendor\\laravel\\framework\\src\\Illuminate\\Collections\\Collection.php:1894)
[stacktrace]
#0 C:\\Code\\TrustCash\\vendor\\laravel\\framework\\src\\Illuminate\\View\\Engines\\PhpEngine.php(60): Illuminate\\View\\Engines\\CompilerEngine->handleViewException(Object(ErrorException), 1)
#1 C:\\Code\\TrustCash\\vendor\\laravel\\framework\\src\\Illuminate\\View\\Engines\\CompilerEngine.php(75): Illuminate\\View\\Engines\\PhpEngine->evaluatePath('C:\\\\Code\\\\TrustCa...', Array)
#2 C:\\Code\\TrustCash\\vendor\\laravel\\framework\\src\\Illuminate\\View\\View.php(209): Illuminate\\View\\Engines\\CompilerEngine->get('C:\\\\Code\\\\TrustCa...', Array)
#3 C:\\Code\\TrustCash\\vendor\\laravel\\framework\\src\\Illuminate\\View\\View.php(192): Illuminate\\View\\View->getContents()
#4 C:\\Code\\TrustCash\\vendor\\laravel\\framework\\src\\Illuminate\\View\\View.php(161): Illuminate\\View\\View->renderContents()
#5 C:\\Code\\TrustCash\\vendor\\barryvdh\\laravel-dompdf\\src\\PDF.php(142): Illuminate\\View\\View->render()
#6 C:\\Code\\TrustCash\\vendor\\barryvdh\\laravel-dompdf\\src\\Facade\\Pdf.php(66): Barryvdh\\DomPDF\\PDF->loadView('reports.stock-r...', Array)
#7 C:\\Code\\TrustCash\\app\\Http\\Controllers\\Admin\\ProductStockReportController.php(333): Barryvdh\\DomPDF\\Facade\\Pdf::__callStatic('loadView', Array)
#8 C:\\Code\\TrustCash\\vendor\\laravel\\framework\\src\\Illuminate\\Routing\\ControllerDispatcher.php(47): App\\Http\\Controllers\\Admin\\ProductStockReportController->downloadPdf(Object(Illuminate\\Http\\Request))
#9 C:\\Code\\TrustCash\\vendor\\laravel\\framework\\src\\Illuminate\\Routing\\Route.php(266): Illuminate\\Routing\\ControllerDispatcher->dispatch(Object(Illuminate\\Routing\\Route), Object(App\\Http\\Controllers\\Admin\\ProductStockReportController), 'downloadPdf')
#10 C:\\Code\\TrustCash\\vendor\\laravel\\framework\\src\\Illuminate\\Routing\\Route.php(212): Illuminate\\Routing\\Route->runController()
#11 C:\\Code\\TrustCash\\vendor\\laravel\\framework\\src\\Illuminate\\Routing\\Router.php(808): Illuminate\\Routing\\Route->run()
#12 C:\\Code\\TrustCash\\vendor\\laravel\\framework\\src\\Illuminate\\Pipeline\\Pipeline.php(170): Illuminate\\Routing\\Router->{closure:Illuminate\\Routing\\Router::runRouteWithinStack():807}(Object(Illuminate\\Http\\Request))
#13 C:\\Code\\TrustCash\\vendor\\laravel\\boost\\src\\Middleware\\InjectBoost.php(22): Illuminate\\Pipeline\\Pipeline->{closure:Illuminate\\Pipeline\\Pipeline::prepareDestination():168}(Object(Illuminate\\Http\\Request))
#14 C:\\Code\\TrustCash\\vendor\\laravel\\framework\\src\\Illuminate\\Pipeline\\Pipeline.php(209): Laravel\\Boost\\Middleware\\InjectBoost->handle(Object(Illuminate\\Http\\Request), Object(Closure))
#15 C:\\Code\\TrustCash\\vendor\\laravel\\framework\\src\\Illuminate\\Http\\Middleware\\AddLinkHeadersForPreloadedAssets.php(20): Illuminate\\Pipeline\\Pipeline->{closure:{closure:Illuminate\\Pipeline\\Pipeline::carry():184}:185}(Object(Illuminate\\Http\\Request))
#16 C:\\Code\\TrustCash\\vendor\\laravel\\framework\\src\\Illuminate\\Pipeline\\Pipeline.php(209): Illuminate\\Http\\Middleware\\AddLinkHeadersForPreloadedAssets->handle(Object(Illuminate\\Http\\Request), Object(Closure))
#17 C:\\Code\\TrustCash\\vendor\\inertiajs\\inertia-laravel\\src\\Middleware.php(86): Illuminate\\Pipeline\\Pipeline->{closure:{closure:Illuminate\\Pipeline\\Pipeline::carry():184}:185}(Object(Illuminate\\Http\\Request))
#18 C:\\Code\\TrustCash\\vendor\\laravel\\framework\\src\\Illuminate\\Pipeline\\Pipeline.php(209): Inertia\\Middleware->handle(Object(Illuminate\\Http\\Request), Object(Closure))
#19 C:\\Code\\TrustCash\\vendor\\laravel\\framework\\src\\Illuminate\\Routing\\Middleware\\SubstituteBindings.php(51): Illuminate\\Pipeline\\Pipeline->{closure:{closure:Illuminate\\Pipeline\\Pipeline::carry():184}:185}(Object(Illuminate\\Http\\Request))
#20 C:\\Code\\TrustCash\\vendor\\laravel\\framework\\src\\Illuminate\\Pipeline\\Pipeline.php(209): Illuminate\\Routing\\Middleware\\SubstituteBindings->handle(Object(Illuminate\\Http\\Request), Object(Closure))
#21 C:\\Code\\TrustCash\\vendor\\laravel\\framework\\src\\Illuminate\\Auth\\Middleware\\Authenticate.php(64): Illuminate\\Pipeline\\Pipeline->{closure:{closure:Illuminate\\Pipeline\\Pipeline::carry():184}:185}(Object(Illuminate\\Http\\Request))
#22 C:\\Code\\TrustCash\\vendor\\laravel\\framework\\src\\Illuminate\\Pipeline\\Pipeline.php(209): Illuminate\\Auth\\Middleware\\Authenticate->handle(Object(Illuminate\\Http\\Request), Object(Closure))
#23 C:\\Code\\TrustCash\\vendor\\laravel\\framework\\src\\Illuminate\\Foundation\\Http\\Middleware\\VerifyCsrfToken.php(88): Illuminate\\Pipeline\\Pipeline->{closure:{closure:Illuminate\\Pipeline\\Pipeline::carry():184}:185}(Object(Illuminate\\Http\\Request))
#24 C:\\Code\\TrustCash\\vendor\\laravel\\framework\\src\\Illuminate\\Pipeline\\Pipeline.php(209): Illuminate\\Foundation\\Http\\Middleware\\VerifyCsrfToken->handle(Object(Illuminate\\Http\\Request), Object(Closure))
#25 C:\\Code\\TrustCash\\vendor\\laravel\\framework\\src\\Illuminate\\View\\Middleware\\ShareErrorsFromSession.php(49): Illuminate\\Pipeline\\Pipeline->{closure:{closure:Illuminate\\Pipeline\\Pipeline::carry():184}:185}(Object(Illuminate\\Http\\Request))
#26 C:\\Code\\TrustCash\\vendor\\laravel\\framework\\src\\Illuminate\\Pipeline\\Pipeline.php(209): Illuminate\\View\\Middleware\\ShareErrorsFromSession->handle(Object(Illuminate\\Http\\Request), Object(Closure))
#27 C:\\Code\\TrustCash\\vendor\\laravel\\framework\\src\\Illuminate\\Session\\Middleware\\StartSession.php(121): Illuminate\\Pipeline\\Pipeline->{closure:{closure:Illuminate\\Pipeline\\Pipeline::carry():184}:185}(Object(Illuminate\\Http\\Request))
#28 C:\\Code\\TrustCash\\vendor\\laravel\\framework\\src\\Illuminate\\Session\\Middleware\\StartSession.php(64): Illuminate\\Session\\Middleware\\StartSession->handleStatefulRequest(Object(Illuminate\\Http\\Request), Object(Illuminate\\Session\\Store), Object(Closure))
#29 C:\\Code\\TrustCash\\vendor\\laravel\\framework\\src\\Illuminate\\Pipeline\\Pipeline.php(209): Illuminate\\Session\\Middleware\\StartSession->handle(Object(Illuminate\\Http\\Request), Object(Closure))
#30 C:\\Code\\TrustCash\\vendor\\laravel\\framework\\src\\Illuminate\\Cookie\\Middleware\\AddQueuedCookiesToResponse.php(37): Illuminate\\Pipeline\\Pipeline->{closure:{closure:Illuminate\\Pipeline\\Pipeline::carry():184}:185}(Object(Illuminate\\Http\\Request))
#31 C:\\Code\\TrustCash\\vendor\\laravel\\framework\\src\\Illuminate\\Pipeline\\Pipeline.php(209): Illuminate\\Cookie\\Middleware\\AddQueuedCookiesToResponse->handle(Object(Illuminate\\Http\\Request), Object(Closure))
#32 C:\\Code\\TrustCash\\vendor\\laravel\\framework\\src\\Illuminate\\Cookie\\Middleware\\EncryptCookies.php(75): Illuminate\\Pipeline\\Pipeline->{closure:{closure:Illuminate\\Pipeline\\Pipeline::carry():184}:185}(Object(Illuminate\\Http\\Request))
#33 C:\\Code\\TrustCash\\vendor\\laravel\\framework\\src\\Illuminate\\Pipeline\\Pipeline.php(209): Illuminate\\Cookie\\Middleware\\EncryptCookies->handle(Object(Illuminate\\Http\\Request), Object(Closure))
#34 C:\\Code\\TrustCash\\app\\Http\\Middleware\\InitializeTenancyIfTenantDomain.php(76): Illuminate\\Pipeline\\Pipeline->{closure:{closure:Illuminate\\Pipeline\\Pipeline::carry():184}:185}(Object(Illuminate\\Http\\Request))
#35 C:\\Code\\TrustCash\\vendor\\laravel\\framework\\src\\Illuminate\\Pipeline\\Pipeline.php(209): App\\Http\\Middleware\\InitializeTenancyIfTenantDomain->handle(Object(Illuminate\\Http\\Request), Object(Closure))
#36 C:\\Code\\TrustCash\\vendor\\laravel\\framework\\src\\Illuminate\\Pipeline\\Pipeline.php(127): Illuminate\\Pipeline\\Pipeline->{closure:{closure:Illuminate\\Pipeline\\Pipeline::carry():184}:185}(Object(Illuminate\\Http\\Request))
#37 C:\\Code\\TrustCash\\vendor\\laravel\\framework\\src\\Illuminate\\Routing\\Router.php(807): Illuminate\\Pipeline\\Pipeline->then(Object(Closure))
#38 C:\\Code\\TrustCash\\vendor\\laravel\\framework\\src\\Illuminate\\Routing\\Router.php(786): Illuminate\\Routing\\Router->runRouteWithinStack(Object(Illuminate\\Routing\\Route), Object(Illuminate\\Http\\Request))
#39 C:\\Code\\TrustCash\\vendor\\laravel\\framework\\src\\Illuminate\\Routing\\Router.php(750): Illuminate\\Routing\\Router->runRoute(Object(Illuminate\\Http\\Request), Object(Illuminate\\Routing\\Route))
#40 C:\\Code\\TrustCash\\vendor\\laravel\\framework\\src\\Illuminate\\Routing\\Router.php(739): Illuminate\\Routing\\Router->dispatchToRoute(Object(Illuminate\\Http\\Request))
#41 C:\\Code\\TrustCash\\vendor\\laravel\\framework\\src\\Illuminate\\Foundation\\Http\\Kernel.php(201): Illuminate\\Routing\\Router->dispatch(Object(Illuminate\\Http\\Request))
#42 C:\\Code\\TrustCash\\vendor\\laravel\\framework\\src\\Illuminate\\Pipeline\\Pipeline.php(170): Illuminate\\Foundation\\Http\\Kernel->{closure:Illuminate\\Foundation\\Http\\Kernel::dispatchToRouter():198}(Object(Illuminate\\Http\\Request))
#43 C:\\Code\\TrustCash\\vendor\\laravel\\framework\\src\\Illuminate\\Foundation\\Http\\Middleware\\TransformsRequest.php(21): Illuminate\\Pipeline\\Pipeline->{closure:Illuminate\\Pipeline\\Pipeline::prepareDestination():168}(Object(Illuminate\\Http\\Request))
#44 C:\\Code\\TrustCash\\vendor\\laravel\\framework\\src\\Illuminate\\Foundation\\Http\\Middleware\\ConvertEmptyStringsToNull.php(31): Illuminate\\Foundation\\Http\\Middleware\\TransformsRequest->handle(Object(Illuminate\\Http\\Request), Object(Closure))
#45 C:\\Code\\TrustCash\\vendor\\laravel\\framework\\src\\Illuminate\\Pipeline\\Pipeline.php(209): Illuminate\\Foundation\\Http\\Middleware\\ConvertEmptyStringsToNull->handle(Object(Illuminate\\Http\\Request), Object(Closure))
#46 C:\\Code\\TrustCash\\vendor\\laravel\\framework\\src\\Illuminate\\Foundation\\Http\\Middleware\\TransformsRequest.php(21): Illuminate\\Pipeline\\Pipeline->{closure:{closure:Illuminate\\Pipeline\\Pipeline::carry():184}:185}(Object(Illuminate\\Http\\Request))
#47 C:\\Code\\TrustCash\\vendor\\laravel\\framework\\src\\Illuminate\\Foundation\\Http\\Middleware\\TrimStrings.php(51): Illuminate\\Foundation\\Http\\Middleware\\TransformsRequest->handle(Object(Illuminate\\Http\\Request), Object(Closure))
#48 C:\\Code\\TrustCash\\vendor\\laravel\\framework\\src\\Illuminate\\Pipeline\\Pipeline.php(209): Illuminate\\Foundation\\Http\\Middleware\\TrimStrings->handle(Object(Illuminate\\Http\\Request), Object(Closure))
#49 C:\\Code\\TrustCash\\vendor\\laravel\\framework\\src\\Illuminate\\Http\\Middleware\\ValidatePostSize.php(27): Illuminate\\Pipeline\\Pipeline->{closure:{closure:Illuminate\\Pipeline\\Pipeline::carry():184}:185}(Object(Illuminate\\Http\\Request))
#50 C:\\Code\\TrustCash\\vendor\\laravel\\framework\\src\\Illuminate\\Pipeline\\Pipeline.php(209): Illuminate\\Http\\Middleware\\ValidatePostSize->handle(Object(Illuminate\\Http\\Request), Object(Closure))
#51 C:\\Code\\TrustCash\\vendor\\laravel\\framework\\src\\Illuminate\\Foundation\\Http\\Middleware\\PreventRequestsDuringMaintenance.php(110): Illuminate\\Pipeline\\Pipeline->{closure:{closure:Illuminate\\Pipeline\\Pipeline::carry():184}:185}(Object(Illuminate\\Http\\Request))
#52 C:\\Code\\TrustCash\\vendor\\laravel\\framework\\src\\Illuminate\\Pipeline\\Pipeline.php(209): Illuminate\\Foundation\\Http\\Middleware\\PreventRequestsDuringMaintenance->handle(Object(Illuminate\\Http\\Request), Object(Closure))
#53 C:\\Code\\TrustCash\\vendor\\laravel\\framework\\src\\Illuminate\\Http\\Middleware\\HandleCors.php(49): Illuminate\\Pipeline\\Pipeline->{closure:{closure:Illuminate\\Pipeline\\Pipeline::carry():184}:185}(Object(Illuminate\\Http\\Request))
#54 C:\\Code\\TrustCash\\vendor\\laravel\\framework\\src\\Illuminate\\Pipeline\\Pipeline.php(209): Illuminate\\Http\\Middleware\\HandleCors->handle(Object(Illuminate\\Http\\Request), Object(Closure))
#55 C:\\Code\\TrustCash\\vendor\\laravel\\framework\\src\\Illuminate\\Http\\Middleware\\TrustProxies.php(58): Illuminate\\Pipeline\\Pipeline->{closure:{closure:Illuminate\\Pipeline\\Pipeline::carry():184}:185}(Object(Illuminate\\Http\\Request))
#56 C:\\Code\\TrustCash\\vendor\\laravel\\framework\\src\\Illuminate\\Pipeline\\Pipeline.php(209): Illuminate\\Http\\Middleware\\TrustProxies->handle(Object(Illuminate\\Http\\Request), Object(Closure))
#57 C:\\Code\\TrustCash\\vendor\\laravel\\framework\\src\\Illuminate\\Foundation\\Http\\Middleware\\InvokeDeferredCallbacks.php(22): Illuminate\\Pipeline\\Pipeline->{closure:{closure:Illuminate\\Pipeline\\Pipeline::carry():184}:185}(Object(Illuminate\\Http\\Request))
#58 C:\\Code\\TrustCash\\vendor\\laravel\\framework\\src\\Illuminate\\Pipeline\\Pipeline.php(209): Illuminate\\Foundation\\Http\\Middleware\\InvokeDeferredCallbacks->handle(Object(Illuminate\\Http\\Request), Object(Closure))
#59 C:\\Code\\TrustCash\\vendor\\laravel\\framework\\src\\Illuminate\\Pipeline\\Pipeline.php(127): Illuminate\\Pipeline\\Pipeline->{closure:{closure:Illuminate\\Pipeline\\Pipeline::carry():184}:185}(Object(Illuminate\\Http\\Request))
#60 C:\\Code\\TrustCash\\vendor\\laravel\\framework\\src\\Illuminate\\Foundation\\Http\\Kernel.php(176): Illuminate\\Pipeline\\Pipeline->then(Object(Closure))
#61 C:\\Code\\TrustCash\\vendor\\laravel\\framework\\src\\Illuminate\\Foundation\\Http\\Kernel.php(145): Illuminate\\Foundation\\Http\\Kernel->sendRequestThroughRouter(Object(Illuminate\\Http\\Request))
#62 C:\\Code\\TrustCash\\vendor\\laravel\\framework\\src\\Illuminate\\Foundation\\Application.php(1220): Illuminate\\Foundation\\Http\\Kernel->handle(Object(Illuminate\\Http\\Request))
#63 C:\\Code\\TrustCash\\public\\index.php(17): Illuminate\\Foundation\\Application->handleRequest(Object(Illuminate\\Http\\Request))
#64 C:\\Code\\TrustCash\\vendor\\laravel\\framework\\src\\Illuminate\\Foundation\\resources\\server.php(23): require_once('C:\\\\Code\\\\TrustCa...')
#65 {main}

[previous exception] [object] (ErrorException(code: 0): Undefined array key \"product\" at C:\\Code\\TrustCash\\vendor\\laravel\\framework\\src\\Illuminate\\Collections\\Collection.php:1894)
[stacktrace]
#0 C:\\Code\\TrustCash\\vendor\\laravel\\framework\\src\\Illuminate\\Foundation\\Bootstrap\\HandleExceptions.php(256): Illuminate\\Foundation\\Bootstrap\\HandleExceptions->handleError(2, 'Undefined array...', 'C:\\\\Code\\\\TrustCa...', 1894)
#1 C:\\Code\\TrustCash\\vendor\\laravel\\framework\\src\\Illuminate\\Collections\\Collection.php(1894): Illuminate\\Foundation\\Bootstrap\\HandleExceptions->{closure:Illuminate\\Foundation\\Bootstrap\\HandleExceptions::forwardsTo():255}(2, 'Undefined array...', 'C:\\\\Code\\\\TrustCa...', 1894)
#2 C:\\Code\\TrustCash\\storage\\framework\\views\\0180c7e4a4ba67cef13f866f5cfbaa35.php(233): Illuminate\\Support\\Collection->offsetGet('product')
#3 C:\\Code\\TrustCash\\vendor\\laravel\\framework\\src\\Illuminate\\Filesystem\\Filesystem.php(123): require('C:\\\\Code\\\\TrustCa...')
#4 C:\\Code\\TrustCash\\vendor\\laravel\\framework\\src\\Illuminate\\Filesystem\\Filesystem.php(124): Illuminate\\Filesystem\\Filesystem::{closure:Illuminate\\Filesystem\\Filesystem::getRequire():120}()
#5 C:\\Code\\TrustCash\\vendor\\laravel\\framework\\src\\Illuminate\\View\\Engines\\PhpEngine.php(58): Illuminate\\Filesystem\\Filesystem->getRequire('C:\\\\Code\\\\TrustCa...', Array)
#6 C:\\Code\\TrustCash\\vendor\\laravel\\framework\\src\\Illuminate\\View\\Engines\\CompilerEngine.php(75): Illuminate\\View\\Engines\\PhpEngine->evaluatePath('C:\\\\Code\\\\TrustCa...', Array)
#7 C:\\Code\\TrustCash\\vendor\\laravel\\framework\\src\\Illuminate\\View\\View.php(209): Illuminate\\View\\Engines\\CompilerEngine->get('C:\\\\Code\\\\TrustCa...', Array)
#8 C:\\Code\\TrustCash\\vendor\\laravel\\framework\\src\\Illuminate\\View\\View.php(192): Illuminate\\View\\View->getContents()
#9 C:\\Code\\TrustCash\\vendor\\laravel\\framework\\src\\Illuminate\\View\\View.php(161): Illuminate\\View\\View->renderContents()
#10 C:\\Code\\TrustCash\\vendor\\barryvdh\\laravel-dompdf\\src\\PDF.php(142): Illuminate\\View\\View->render()
#11 C:\\Code\\TrustCash\\vendor\\barryvdh\\laravel-dompdf\\src\\Facade\\Pdf.php(66): Barryvdh\\DomPDF\\PDF->loadView('reports.stock-r...', Array)
#12 C:\\Code\\TrustCash\\app\\Http\\Controllers\\Admin\\ProductStockReportController.php(333): Barryvdh\\DomPDF\\Facade\\Pdf::__callStatic('loadView', Array)
#13 C:\\Code\\TrustCash\\vendor\\laravel\\framework\\src\\Illuminate\\Routing\\ControllerDispatcher.php(47): App\\Http\\Controllers\\Admin\\ProductStockReportController->downloadPdf(Object(Illuminate\\Http\\Request))
#14 C:\\Code\\TrustCash\\vendor\\laravel\\framework\\src\\Illuminate\\Routing\\Route.php(266): Illuminate\\Routing\\ControllerDispatcher->dispatch(Object(Illuminate\\Routing\\Route), Object(App\\Http\\Controllers\\Admin\\ProductStockReportController), 'downloadPdf')
#15 C:\\Code\\TrustCash\\vendor\\laravel\\framework\\src\\Illuminate\\Routing\\Route.php(212): Illuminate\\Routing\\Route->runController()
#16 C:\\Code\\TrustCash\\vendor\\laravel\\framework\\src\\Illuminate\\Routing\\Router.php(808): Illuminate\\Routing\\Route->run()
#17 C:\\Code\\TrustCash\\vendor\\laravel\\framework\\src\\Illuminate\\Pipeline\\Pipeline.php(170): Illuminate\\Routing\\Router->{closure:Illuminate\\Routing\\Router::runRouteWithinStack():807}(Object(Illuminate\\Http\\Request))
#18 C:\\Code\\TrustCash\\vendor\\laravel\\boost\\src\\Middleware\\InjectBoost.php(22): Illuminate\\Pipeline\\Pipeline->{closure:Illuminate\\Pipeline\\Pipeline::prepareDestination():168}(Object(Illuminate\\Http\\Request))
#19 C:\\Code\\TrustCash\\vendor\\laravel\\framework\\src\\Illuminate\\Pipeline\\Pipeline.php(209): Laravel\\Boost\\Middleware\\InjectBoost->handle(Object(Illuminate\\Http\\Request), Object(Closure))
#20 C:\\Code\\TrustCash\\vendor\\laravel\\framework\\src\\Illuminate\\Http\\Middleware\\AddLinkHeadersForPreloadedAssets.php(20): Illuminate\\Pipeline\\Pipeline->{closure:{closure:Illuminate\\Pipeline\\Pipeline::carry():184}:185}(Object(Illuminate\\Http\\Request))
#21 C:\\Code\\TrustCash\\vendor\\laravel\\framework\\src\\Illuminate\\Pipeline\\Pipeline.php(209): Illuminate\\Http\\Middleware\\AddLinkHeadersForPreloadedAssets->handle(Object(Illuminate\\Http\\Request), Object(Closure))
#22 C:\\Code\\TrustCash\\vendor\\inertiajs\\inertia-laravel\\src\\Middleware.php(86): Illuminate\\Pipeline\\Pipeline->{closure:{closure:Illuminate\\Pipeline\\Pipeline::carry():184}:185}(Object(Illuminate\\Http\\Request))
#23 C:\\Code\\TrustCash\\vendor\\laravel\\framework\\src\\Illuminate\\Pipeline\\Pipeline.php(209): Inertia\\Middleware->handle(Object(Illuminate\\Http\\Request), Object(Closure))
#24 C:\\Code\\TrustCash\\vendor\\laravel\\framework\\src\\Illuminate\\Routing\\Middleware\\SubstituteBindings.php(51): Illuminate\\Pipeline\\Pipeline->{closure:{closure:Illuminate\\Pipeline\\Pipeline::carry():184}:185}(Object(Illuminate\\Http\\Request))
#25 C:\\Code\\TrustCash\\vendor\\laravel\\framework\\src\\Illuminate\\Pipeline\\Pipeline.php(209): Illuminate\\Routing\\Middleware\\SubstituteBindings->handle(Object(Illuminate\\Http\\Request), Object(Closure))
#26 C:\\Code\\TrustCash\\vendor\\laravel\\framework\\src\\Illuminate\\Auth\\Middleware\\Authenticate.php(64): Illuminate\\Pipeline\\Pipeline->{closure:{closure:Illuminate\\Pipeline\\Pipeline::carry():184}:185}(Object(Illuminate\\Http\\Request))
#27 C:\\Code\\TrustCash\\vendor\\laravel\\framework\\src\\Illuminate\\Pipeline\\Pipeline.php(209): Illuminate\\Auth\\Middleware\\Authenticate->handle(Object(Illuminate\\Http\\Request), Object(Closure))
#28 C:\\Code\\TrustCash\\vendor\\laravel\\framework\\src\\Illuminate\\Foundation\\Http\\Middleware\\VerifyCsrfToken.php(88): Illuminate\\Pipeline\\Pipeline->{closure:{closure:Illuminate\\Pipeline\\Pipeline::carry():184}:185}(Object(Illuminate\\Http\\Request))
#29 C:\\Code\\TrustCash\\vendor\\laravel\\framework\\src\\Illuminate\\Pipeline\\Pipeline.php(209): Illuminate\\Foundation\\Http\\Middleware\\VerifyCsrfToken->handle(Object(Illuminate\\Http\\Request), Object(Closure))
#30 C:\\Code\\TrustCash\\vendor\\laravel\\framework\\src\\Illuminate\\View\\Middleware\\ShareErrorsFromSession.php(49): Illuminate\\Pipeline\\Pipeline->{closure:{closure:Illuminate\\Pipeline\\Pipeline::carry():184}:185}(Object(Illuminate\\Http\\Request))
#31 C:\\Code\\TrustCash\\vendor\\laravel\\framework\\src\\Illuminate\\Pipeline\\Pipeline.php(209): Illuminate\\View\\Middleware\\ShareErrorsFromSession->handle(Object(Illuminate\\Http\\Request), Object(Closure))
#32 C:\\Code\\TrustCash\\vendor\\laravel\\framework\\src\\Illuminate\\Session\\Middleware\\StartSession.php(121): Illuminate\\Pipeline\\Pipeline->{closure:{closure:Illuminate\\Pipeline\\Pipeline::carry():184}:185}(Object(Illuminate\\Http\\Request))
#33 C:\\Code\\TrustCash\\vendor\\laravel\\framework\\src\\Illuminate\\Session\\Middleware\\StartSession.php(64): Illuminate\\Session\\Middleware\\StartSession->handleStatefulRequest(Object(Illuminate\\Http\\Request), Object(Illuminate\\Session\\Store), Object(Closure))
#34 C:\\Code\\TrustCash\\vendor\\laravel\\framework\\src\\Illuminate\\Pipeline\\Pipeline.php(209): Illuminate\\Session\\Middleware\\StartSession->handle(Object(Illuminate\\Http\\Request), Object(Closure))
#35 C:\\Code\\TrustCash\\vendor\\laravel\\framework\\src\\Illuminate\\Cookie\\Middleware\\AddQueuedCookiesToResponse.php(37): Illuminate\\Pipeline\\Pipeline->{closure:{closure:Illuminate\\Pipeline\\Pipeline::carry():184}:185}(Object(Illuminate\\Http\\Request))
#36 C:\\Code\\TrustCash\\vendor\\laravel\\framework\\src\\Illuminate\\Pipeline\\Pipeline.php(209): Illuminate\\Cookie\\Middleware\\AddQueuedCookiesToResponse->handle(Object(Illuminate\\Http\\Request), Object(Closure))
#37 C:\\Code\\TrustCash\\vendor\\laravel\\framework\\src\\Illuminate\\Cookie\\Middleware\\EncryptCookies.php(75): Illuminate\\Pipeline\\Pipeline->{closure:{closure:Illuminate\\Pipeline\\Pipeline::carry():184}:185}(Object(Illuminate\\Http\\Request))
#38 C:\\Code\\TrustCash\\vendor\\laravel\\framework\\src\\Illuminate\\Pipeline\\Pipeline.php(209): Illuminate\\Cookie\\Middleware\\EncryptCookies->handle(Object(Illuminate\\Http\\Request), Object(Closure))
#39 C:\\Code\\TrustCash\\app\\Http\\Middleware\\InitializeTenancyIfTenantDomain.php(76): Illuminate\\Pipeline\\Pipeline->{closure:{closure:Illuminate\\Pipeline\\Pipeline::carry():184}:185}(Object(Illuminate\\Http\\Request))
#40 C:\\Code\\TrustCash\\vendor\\laravel\\framework\\src\\Illuminate\\Pipeline\\Pipeline.php(209): App\\Http\\Middleware\\InitializeTenancyIfTenantDomain->handle(Object(Illuminate\\Http\\Request), Object(Closure))
#41 C:\\Code\\TrustCash\\vendor\\laravel\\framework\\src\\Illuminate\\Pipeline\\Pipeline.php(127): Illuminate\\Pipeline\\Pipeline->{closure:{closure:Illuminate\\Pipeline\\Pipeline::carry():184}:185}(Object(Illuminate\\Http\\Request))
#42 C:\\Code\\TrustCash\\vendor\\laravel\\framework\\src\\Illuminate\\Routing\\Router.php(807): Illuminate\\Pipeline\\Pipeline->then(Object(Closure))
#43 C:\\Code\\TrustCash\\vendor\\laravel\\framework\\src\\Illuminate\\Routing\\Router.php(786): Illuminate\\Routing\\Router->runRouteWithinStack(Object(Illuminate\\Routing\\Route), Object(Illuminate\\Http\\Request))
#44 C:\\Code\\TrustCash\\vendor\\laravel\\framework\\src\\Illuminate\\Routing\\Router.php(750): Illuminate\\Routing\\Router->runRoute(Object(Illuminate\\Http\\Request), Object(Illuminate\\Routing\\Route))
#45 C:\\Code\\TrustCash\\vendor\\laravel\\framework\\src\\Illuminate\\Routing\\Router.php(739): Illuminate\\Routing\\Router->dispatchToRoute(Object(Illuminate\\Http\\Request))
#46 C:\\Code\\TrustCash\\vendor\\laravel\\framework\\src\\Illuminate\\Foundation\\Http\\Kernel.php(201): Illuminate\\Routing\\Router->dispatch(Object(Illuminate\\Http\\Request))
#47 C:\\Code\\TrustCash\\vendor\\laravel\\framework\\src\\Illuminate\\Pipeline\\Pipeline.php(170): Illuminate\\Foundation\\Http\\Kernel->{closure:Illuminate\\Foundation\\Http\\Kernel::dispatchToRouter():198}(Object(Illuminate\\Http\\Request))
#48 C:\\Code\\TrustCash\\vendor\\laravel\\framework\\src\\Illuminate\\Foundation\\Http\\Middleware\\TransformsRequest.php(21): Illuminate\\Pipeline\\Pipeline->{closure:Illuminate\\Pipeline\\Pipeline::prepareDestination():168}(Object(Illuminate\\Http\\Request))
#49 C:\\Code\\TrustCash\\vendor\\laravel\\framework\\src\\Illuminate\\Foundation\\Http\\Middleware\\ConvertEmptyStringsToNull.php(31): Illuminate\\Foundation\\Http\\Middleware\\TransformsRequest->handle(Object(Illuminate\\Http\\Request), Object(Closure))
#50 C:\\Code\\TrustCash\\vendor\\laravel\\framework\\src\\Illuminate\\Pipeline\\Pipeline.php(209): Illuminate\\Foundation\\Http\\Middleware\\ConvertEmptyStringsToNull->handle(Object(Illuminate\\Http\\Request), Object(Closure))
#51 C:\\Code\\TrustCash\\vendor\\laravel\\framework\\src\\Illuminate\\Foundation\\Http\\Middleware\\TransformsRequest.php(21): Illuminate\\Pipeline\\Pipeline->{closure:{closure:Illuminate\\Pipeline\\Pipeline::carry():184}:185}(Object(Illuminate\\Http\\Request))
#52 C:\\Code\\TrustCash\\vendor\\laravel\\framework\\src\\Illuminate\\Foundation\\Http\\Middleware\\TrimStrings.php(51): Illuminate\\Foundation\\Http\\Middleware\\TransformsRequest->handle(Object(Illuminate\\Http\\Request), Object(Closure))
#53 C:\\Code\\TrustCash\\vendor\\laravel\\framework\\src\\Illuminate\\Pipeline\\Pipeline.php(209): Illuminate\\Foundation\\Http\\Middleware\\TrimStrings->handle(Object(Illuminate\\Http\\Request), Object(Closure))
#54 C:\\Code\\TrustCash\\vendor\\laravel\\framework\\src\\Illuminate\\Http\\Middleware\\ValidatePostSize.php(27): Illuminate\\Pipeline\\Pipeline->{closure:{closure:Illuminate\\Pipeline\\Pipeline::carry():184}:185}(Object(Illuminate\\Http\\Request))
#55 C:\\Code\\TrustCash\\vendor\\laravel\\framework\\src\\Illuminate\\Pipeline\\Pipeline.php(209): Illuminate\\Http\\Middleware\\ValidatePostSize->handle(Object(Illuminate\\Http\\Request), Object(Closure))
#56 C:\\Code\\TrustCash\\vendor\\laravel\\framework\\src\\Illuminate\\Foundation\\Http\\Middleware\\PreventRequestsDuringMaintenance.php(110): Illuminate\\Pipeline\\Pipeline->{closure:{closure:Illuminate\\Pipeline\\Pipeline::carry():184}:185}(Object(Illuminate\\Http\\Request))
#57 C:\\Code\\TrustCash\\vendor\\laravel\\framework\\src\\Illuminate\\Pipeline\\Pipeline.php(209): Illuminate\\Foundation\\Http\\Middleware\\PreventRequestsDuringMaintenance->handle(Object(Illuminate\\Http\\Request), Object(Closure))
#58 C:\\Code\\TrustCash\\vendor\\laravel\\framework\\src\\Illuminate\\Http\\Middleware\\HandleCors.php(49): Illuminate\\Pipeline\\Pipeline->{closure:{closure:Illuminate\\Pipeline\\Pipeline::carry():184}:185}(Object(Illuminate\\Http\\Request))
#59 C:\\Code\\TrustCash\\vendor\\laravel\\framework\\src\\Illuminate\\Pipeline\\Pipeline.php(209): Illuminate\\Http\\Middleware\\HandleCors->handle(Object(Illuminate\\Http\\Request), Object(Closure))
#60 C:\\Code\\TrustCash\\vendor\\laravel\\framework\\src\\Illuminate\\Http\\Middleware\\TrustProxies.php(58): Illuminate\\Pipeline\\Pipeline->{closure:{closure:Illuminate\\Pipeline\\Pipeline::carry():184}:185}(Object(Illuminate\\Http\\Request))
#61 C:\\Code\\TrustCash\\vendor\\laravel\\framework\\src\\Illuminate\\Pipeline\\Pipeline.php(209): Illuminate\\Http\\Middleware\\TrustProxies->handle(Object(Illuminate\\Http\\Request), Object(Closure))
#62 C:\\Code\\TrustCash\\vendor\\laravel\\framework\\src\\Illuminate\\Foundation\\Http\\Middleware\\InvokeDeferredCallbacks.php(22): Illuminate\\Pipeline\\Pipeline->{closure:{closure:Illuminate\\Pipeline\\Pipeline::carry():184}:185}(Object(Illuminate\\Http\\Request))
#63 C:\\Code\\TrustCash\\vendor\\laravel\\framework\\src\\Illuminate\\Pipeline\\Pipeline.php(209): Illuminate\\Foundation\\Http\\Middleware\\InvokeDeferredCallbacks->handle(Object(Illuminate\\Http\\Request), Object(Closure))
#64 C:\\Code\\TrustCash\\vendor\\laravel\\framework\\src\\Illuminate\\Pipeline\\Pipeline.php(127): Illuminate\\Pipeline\\Pipeline->{closure:{closure:Illuminate\\Pipeline\\Pipeline::carry():184}:185}(Object(Illuminate\\Http\\Request))
#65 C:\\Code\\TrustCash\\vendor\\laravel\\framework\\src\\Illuminate\\Foundation\\Http\\Kernel.php(176): Illuminate\\Pipeline\\Pipeline->then(Object(Closure))
#66 C:\\Code\\TrustCash\\vendor\\laravel\\framework\\src\\Illuminate\\Foundation\\Http\\Kernel.php(145): Illuminate\\Foundation\\Http\\Kernel->sendRequestThroughRouter(Object(Illuminate\\Http\\Request))
#67 C:\\Code\\TrustCash\\vendor\\laravel\\framework\\src\\Illuminate\\Foundation\\Application.php(1220): Illuminate\\Foundation\\Http\\Kernel->handle(Object(Illuminate\\Http\\Request))
#68 C:\\Code\\TrustCash\\public\\index.php(17): Illuminate\\Foundation\\Application->handleRequest(Object(Illuminate\\Http\\Request))
#69 C:\\Code\\TrustCash\\vendor\\laravel\\framework\\src\\Illuminate\\Foundation\\resources\\server.php(23): require_once('C:\\\\Code\\\\TrustCa...')
#70 {main}
"} 
[2026-09-27 10:47:21] local.INFO: Date Range {"start_date":"2026-09-01","end_date":"2026-09-30"} 
[2026-09-27 11:14:14] local.INFO: Date Range {"start_date":"2026-09-01","end_date":"2026-09-30"} 
[2026-09-27 11:14:15] local.INFO: Daily Transactions:  
[2026-09-27 11:14:15] local.INFO: Extra Incomes:  
[2026-09-27 11:46:44] local.ERROR: Can't write image to path. Directory does not exist. {"userId":1,"exception":"[object] (Intervention\\Image\\Exceptions\\NotWritableException(code: 0): Can't write image to path. Directory does not exist. at C:\\Code\\TrustCash\\vendor\\intervention\\image\\src\\File.php:53)
[stacktrace]
#0 C:\\Code\\TrustCash\\app\\Services\\ProductImageProcessor.php(74): Intervention\\Image\\File->save('C:\\\\Code\\\\TrustCa...')
#1 C:\\Code\\TrustCash\\app\\Services\\ProductImageProcessor.php(26): App\\Services\\ProductImageProcessor->encodeToWebpAndSave('C:\\\\Users\\\\MIS Mo...', 'products/f158be...', 1600, 80)
#2 C:\\Code\\TrustCash\\app\\Http\\Controllers\\Admin\\ProductController.php(184): App\\Services\\ProductImageProcessor->storeUploaded(Object(Illuminate\\Http\\UploadedFile))
#3 C:\\Code\\TrustCash\\vendor\\laravel\\framework\\src\\Illuminate\\Routing\\ControllerDispatcher.php(47): App\\Http\\Controllers\\Admin\\ProductController->store(Object(Illuminate\\Http\\Request))
#4 C:\\Code\\TrustCash\\vendor\\laravel\\framework\\src\\Illuminate\\Routing\\Route.php(266): Illuminate\\Routing\\ControllerDispatcher->dispatch(Object(Illuminate\\Routing\\Route), Object(App\\Http\\Controllers\\Admin\\ProductController), 'store')
#5 C:\\Code\\TrustCash\\vendor\\laravel\\framework\\src\\Illuminate\\Routing\\Route.php(212): Illuminate\\Routing\\Route->runController()
#6 C:\\Code\\TrustCash\\vendor\\laravel\\framework\\src\\Illuminate\\Routing\\Router.php(808): Illuminate\\Routing\\Route->run()
#7 C:\\Code\\TrustCash\\vendor\\laravel\\framework\\src\\Illuminate\\Pipeline\\Pipeline.php(170): Illuminate\\Routing\\Router->{closure:Illuminate\\Routing\\Router::runRouteWithinStack():807}(Object(Illuminate\\Http\\Request))
#8 C:\\Code\\TrustCash\\vendor\\laravel\\boost\\src\\Middleware\\InjectBoost.php(22): Illuminate\\Pipeline\\Pipeline->{closure:Illuminate\\Pipeline\\Pipeline::prepareDestination():168}(Object(Illuminate\\Http\\Request))
#9 C:\\Code\\TrustCash\\vendor\\laravel\\framework\\src\\Illuminate\\Pipeline\\Pipeline.php(209): Laravel\\Boost\\Middleware\\InjectBoost->handle(Object(Illuminate\\Http\\Request), Object(Closure))
#10 C:\\Code\\TrustCash\\vendor\\laravel\\framework\\src\\Illuminate\\Http\\Middleware\\AddLinkHeadersForPreloadedAssets.php(20): Illuminate\\Pipeline\\Pipeline->{closure:{closure:Illuminate\\Pipeline\\Pipeline::carry():184}:185}(Object(Illuminate\\Http\\Request))
#11 C:\\Code\\TrustCash\\vendor\\laravel\\framework\\src\\Illuminate\\Pipeline\\Pipeline.php(209): Illuminate\\Http\\Middleware\\AddLinkHeadersForPreloadedAssets->handle(Object(Illuminate\\Http\\Request), Object(Closure))
#12 C:\\Code\\TrustCash\\vendor\\inertiajs\\inertia-laravel\\src\\Middleware.php(86): Illuminate\\Pipeline\\Pipeline->{closure:{closure:Illuminate\\Pipeline\\Pipeline::carry():184}:185}(Object(Illuminate\\Http\\Request))
#13 C:\\Code\\TrustCash\\vendor\\laravel\\framework\\src\\Illuminate\\Pipeline\\Pipeline.php(209): Inertia\\Middleware->handle(Object(Illuminate\\Http\\Request), Object(Closure))
#14 C:\\Code\\TrustCash\\vendor\\laravel\\framework\\src\\Illuminate\\Routing\\Middleware\\SubstituteBindings.php(51): Illuminate\\Pipeline\\Pipeline->{closure:{closure:Illuminate\\Pipeline\\Pipeline::carry():184}:185}(Object(Illuminate\\Http\\Request))
#15 C:\\Code\\TrustCash\\vendor\\laravel\\framework\\src\\Illuminate\\Pipeline\\Pipeline.php(209): Illuminate\\Routing\\Middleware\\SubstituteBindings->handle(Object(Illuminate\\Http\\Request), Object(Closure))
#16 C:\\Code\\TrustCash\\vendor\\laravel\\framework\\src\\Illuminate\\Auth\\Middleware\\Authenticate.php(64): Illuminate\\Pipeline\\Pipeline->{closure:{closure:Illuminate\\Pipeline\\Pipeline::carry():184}:185}(Object(Illuminate\\Http\\Request))
#17 C:\\Code\\TrustCash\\vendor\\laravel\\framework\\src\\Illuminate\\Pipeline\\Pipeline.php(209): Illuminate\\Auth\\Middleware\\Authenticate->handle(Object(Illuminate\\Http\\Request), Object(Closure))
#18 C:\\Code\\TrustCash\\vendor\\laravel\\framework\\src\\Illuminate\\Foundation\\Http\\Middleware\\VerifyCsrfToken.php(88): Illuminate\\Pipeline\\Pipeline->{closure:{closure:Illuminate\\Pipeline\\Pipeline::carry():184}:185}(Object(Illuminate\\Http\\Request))
#19 C:\\Code\\TrustCash\\vendor\\laravel\\framework\\src\\Illuminate\\Pipeline\\Pipeline.php(209): Illuminate\\Foundation\\Http\\Middleware\\VerifyCsrfToken->handle(Object(Illuminate\\Http\\Request), Object(Closure))
#20 C:\\Code\\TrustCash\\vendor\\laravel\\framework\\src\\Illuminate\\View\\Middleware\\ShareErrorsFromSession.php(49): Illuminate\\Pipeline\\Pipeline->{closure:{closure:Illuminate\\Pipeline\\Pipeline::carry():184}:185}(Object(Illuminate\\Http\\Request))
#21 C:\\Code\\TrustCash\\vendor\\laravel\\framework\\src\\Illuminate\\Pipeline\\Pipeline.php(209): Illuminate\\View\\Middleware\\ShareErrorsFromSession->handle(Object(Illuminate\\Http\\Request), Object(Closure))
#22 C:\\Code\\TrustCash\\vendor\\laravel\\framework\\src\\Illuminate\\Session\\Middleware\\StartSession.php(121): Illuminate\\Pipeline\\Pipeline->{closure:{closure:Illuminate\\Pipeline\\Pipeline::carry():184}:185}(Object(Illuminate\\Http\\Request))
#23 C:\\Code\\TrustCash\\vendor\\laravel\\framework\\src\\Illuminate\\Session\\Middleware\\StartSession.php(64): Illuminate\\Session\\Middleware\\StartSession->handleStatefulRequest(Object(Illuminate\\Http\\Request), Object(Illuminate\\Session\\Store), Object(Closure))
#24 C:\\Code\\TrustCash\\vendor\\laravel\\framework\\src\\Illuminate\\Pipeline\\Pipeline.php(209): Illuminate\\Session\\Middleware\\StartSession->handle(Object(Illuminate\\Http\\Request), Object(Closure))
#25 C:\\Code\\TrustCash\\vendor\\laravel\\framework\\src\\Illuminate\\Cookie\\Middleware\\AddQueuedCookiesToResponse.php(37): Illuminate\\Pipeline\\Pipeline->{closure:{closure:Illuminate\\Pipeline\\Pipeline::carry():184}:185}(Object(Illuminate\\Http\\Request))
#26 C:\\Code\\TrustCash\\vendor\\laravel\\framework\\src\\Illuminate\\Pipeline\\Pipeline.php(209): Illuminate\\Cookie\\Middleware\\AddQueuedCookiesToResponse->handle(Object(Illuminate\\Http\\Request), Object(Closure))
#27 C:\\Code\\TrustCash\\vendor\\laravel\\framework\\src\\Illuminate\\Cookie\\Middleware\\EncryptCookies.php(75): Illuminate\\Pipeline\\Pipeline->{closure:{closure:Illuminate\\Pipeline\\Pipeline::carry():184}:185}(Object(Illuminate\\Http\\Request))
#28 C:\\Code\\TrustCash\\vendor\\laravel\\framework\\src\\Illuminate\\Pipeline\\Pipeline.php(209): Illuminate\\Cookie\\Middleware\\EncryptCookies->handle(Object(Illuminate\\Http\\Request), Object(Closure))
#29 C:\\Code\\TrustCash\\app\\Http\\Middleware\\InitializeTenancyIfTenantDomain.php(76): Illuminate\\Pipeline\\Pipeline->{closure:{closure:Illuminate\\Pipeline\\Pipeline::carry():184}:185}(Object(Illuminate\\Http\\Request))
#30 C:\\Code\\TrustCash\\vendor\\laravel\\framework\\src\\Illuminate\\Pipeline\\Pipeline.php(209): App\\Http\\Middleware\\InitializeTenancyIfTenantDomain->handle(Object(Illuminate\\Http\\Request), Object(Closure))
#31 C:\\Code\\TrustCash\\vendor\\laravel\\framework\\src\\Illuminate\\Pipeline\\Pipeline.php(127): Illuminate\\Pipeline\\Pipeline->{closure:{closure:Illuminate\\Pipeline\\Pipeline::carry():184}:185}(Object(Illuminate\\Http\\Request))
#32 C:\\Code\\TrustCash\\vendor\\laravel\\framework\\src\\Illuminate\\Routing\\Router.php(807): Illuminate\\Pipeline\\Pipeline->then(Object(Closure))
#33 C:\\Code\\TrustCash\\vendor\\laravel\\framework\\src\\Illuminate\\Routing\\Router.php(786): Illuminate\\Routing\\Router->runRouteWithinStack(Object(Illuminate\\Routing\\Route), Object(Illuminate\\Http\\Request))
#34 C:\\Code\\TrustCash\\vendor\\laravel\\framework\\src\\Illuminate\\Routing\\Router.php(750): Illuminate\\Routing\\Router->runRoute(Object(Illuminate\\Http\\Request), Object(Illuminate\\Routing\\Route))
#35 C:\\Code\\TrustCash\\vendor\\laravel\\framework\\src\\Illuminate\\Routing\\Router.php(739): Illuminate\\Routing\\Router->dispatchToRoute(Object(Illuminate\\Http\\Request))
#36 C:\\Code\\TrustCash\\vendor\\laravel\\framework\\src\\Illuminate\\Foundation\\Http\\Kernel.php(201): Illuminate\\Routing\\Router->dispatch(Object(Illuminate\\Http\\Request))
#37 C:\\Code\\TrustCash\\vendor\\laravel\\framework\\src\\Illuminate\\Pipeline\\Pipeline.php(170): Illuminate\\Foundation\\Http\\Kernel->{closure:Illuminate\\Foundation\\Http\\Kernel::dispatchToRouter():198}(Object(Illuminate\\Http\\Request))
#38 C:\\Code\\TrustCash\\vendor\\laravel\\framework\\src\\Illuminate\\Foundation\\Http\\Middleware\\TransformsRequest.php(21): Illuminate\\Pipeline\\Pipeline->{closure:Illuminate\\Pipeline\\Pipeline::prepareDestination():168}(Object(Illuminate\\Http\\Request))
#39 C:\\Code\\TrustCash\\vendor\\laravel\\framework\\src\\Illuminate\\Foundation\\Http\\Middleware\\ConvertEmptyStringsToNull.php(31): Illuminate\\Foundation\\Http\\Middleware\\TransformsRequest->handle(Object(Illuminate\\Http\\Request), Object(Closure))
#40 C:\\Code\\TrustCash\\vendor\\laravel\\framework\\src\\Illuminate\\Pipeline\\Pipeline.php(209): Illuminate\\Foundation\\Http\\Middleware\\ConvertEmptyStringsToNull->handle(Object(Illuminate\\Http\\Request), Object(Closure))
#41 C:\\Code\\TrustCash\\vendor\\laravel\\framework\\src\\Illuminate\\Foundation\\Http\\Middleware\\TransformsRequest.php(21): Illuminate\\Pipeline\\Pipeline->{closure:{closure:Illuminate\\Pipeline\\Pipeline::carry():184}:185}(Object(Illuminate\\Http\\Request))
#42 C:\\Code\\TrustCash\\vendor\\laravel\\framework\\src\\Illuminate\\Foundation\\Http\\Middleware\\TrimStrings.php(51): Illuminate\\Foundation\\Http\\Middleware\\TransformsRequest->handle(Object(Illuminate\\Http\\Request), Object(Closure))
#43 C:\\Code\\TrustCash\\vendor\\laravel\\framework\\src\\Illuminate\\Pipeline\\Pipeline.php(209): Illuminate\\Foundation\\Http\\Middleware\\TrimStrings->handle(Object(Illuminate\\Http\\Request), Object(Closure))
#44 C:\\Code\\TrustCash\\vendor\\laravel\\framework\\src\\Illuminate\\Http\\Middleware\\ValidatePostSize.php(27): Illuminate\\Pipeline\\Pipeline->{closure:{closure:Illuminate\\Pipeline\\Pipeline::carry():184}:185}(Object(Illuminate\\Http\\Request))
#45 C:\\Code\\TrustCash\\vendor\\laravel\\framework\\src\\Illuminate\\Pipeline\\Pipeline.php(209): Illuminate\\Http\\Middleware\\ValidatePostSize->handle(Object(Illuminate\\Http\\Request), Object(Closure))
#46 C:\\Code\\TrustCash\\vendor\\laravel\\framework\\src\\Illuminate\\Foundation\\Http\\Middleware\\PreventRequestsDuringMaintenance.php(110): Illuminate\\Pipeline\\Pipeline->{closure:{closure:Illuminate\\Pipeline\\Pipeline::carry():184}:185}(Object(Illuminate\\Http\\Request))
#47 C:\\Code\\TrustCash\\vendor\\laravel\\framework\\src\\Illuminate\\Pipeline\\Pipeline.php(209): Illuminate\\Foundation\\Http\\Middleware\\PreventRequestsDuringMaintenance->handle(Object(Illuminate\\Http\\Request), Object(Closure))
#48 C:\\Code\\TrustCash\\vendor\\laravel\\framework\\src\\Illuminate\\Http\\Middleware\\HandleCors.php(49): Illuminate\\Pipeline\\Pipeline->{closure:{closure:Illuminate\\Pipeline\\Pipeline::carry():184}:185}(Object(Illuminate\\Http\\Request))
#49 C:\\Code\\TrustCash\\vendor\\laravel\\framework\\src\\Illuminate\\Pipeline\\Pipeline.php(209): Illuminate\\Http\\Middleware\\HandleCors->handle(Object(Illuminate\\Http\\Request), Object(Closure))
#50 C:\\Code\\TrustCash\\vendor\\laravel\\framework\\src\\Illuminate\\Http\\Middleware\\TrustProxies.php(58): Illuminate\\Pipeline\\Pipeline->{closure:{closure:Illuminate\\Pipeline\\Pipeline::carry():184}:185}(Object(Illuminate\\Http\\Request))
#51 C:\\Code\\TrustCash\\vendor\\laravel\\framework\\src\\Illuminate\\Pipeline\\Pipeline.php(209): Illuminate\\Http\\Middleware\\TrustProxies->handle(Object(Illuminate\\Http\\Request), Object(Closure))
#52 C:\\Code\\TrustCash\\vendor\\laravel\\framework\\src\\Illuminate\\Foundation\\Http\\Middleware\\InvokeDeferredCallbacks.php(22): Illuminate\\Pipeline\\Pipeline->{closure:{closure:Illuminate\\Pipeline\\Pipeline::carry():184}:185}(Object(Illuminate\\Http\\Request))
#53 C:\\Code\\TrustCash\\vendor\\laravel\\framework\\src\\Illuminate\\Pipeline\\Pipeline.php(209): Illuminate\\Foundation\\Http\\Middleware\\InvokeDeferredCallbacks->handle(Object(Illuminate\\Http\\Request), Object(Closure))
#54 C:\\Code\\TrustCash\\vendor\\laravel\\framework\\src\\Illuminate\\Pipeline\\Pipeline.php(127): Illuminate\\Pipeline\\Pipeline->{closure:{closure:Illuminate\\Pipeline\\Pipeline::carry():184}:185}(Object(Illuminate\\Http\\Request))
#55 C:\\Code\\TrustCash\\vendor\\laravel\\framework\\src\\Illuminate\\Foundation\\Http\\Kernel.php(176): Illuminate\\Pipeline\\Pipeline->then(Object(Closure))
#56 C:\\Code\\TrustCash\\vendor\\laravel\\framework\\src\\Illuminate\\Foundation\\Http\\Kernel.php(145): Illuminate\\Foundation\\Http\\Kernel->sendRequestThroughRouter(Object(Illuminate\\Http\\Request))
#57 C:\\Code\\TrustCash\\vendor\\laravel\\framework\\src\\Illuminate\\Foundation\\Application.php(1220): Illuminate\\Foundation\\Http\\Kernel->handle(Object(Illuminate\\Http\\Request))
#58 C:\\Code\\TrustCash\\public\\index.php(17): Illuminate\\Foundation\\Application->handleRequest(Object(Illuminate\\Http\\Request))
#59 C:\\Code\\TrustCash\\vendor\\laravel\\framework\\src\\Illuminate\\Foundation\\resources\\server.php(23): require_once('C:\\\\Code\\\\TrustCa...')
#60 {main}
"} 
[2026-09-27 11:47:23] local.ERROR: SQLSTATE[42S22]: Column not found: 1054 Unknown column 'price' in 'field list' (Connection: tenant, SQL: select `id`, `name`, `sku`, `barcode`, `cost_price`, `price`, `unit_id` from `products` where `status` = 1 and `products`.`deleted_at` is null) {"userId":1,"exception":"[object] (Illuminate\\Database\\QueryException(code: 42S22): SQLSTATE[42S22]: Column not found: 1054 Unknown column 'price' in 'field list' (Connection: tenant, SQL: select `id`, `name`, `sku`, `barcode`, `cost_price`, `price`, `unit_id` from `products` where `status` = 1 and `products`.`deleted_at` is null) at C:\\Code\\TrustCash\\vendor\\laravel\\framework\\src\\Illuminate\\Database\\Connection.php:825)
[stacktrace]
#0 C:\\Code\\TrustCash\\vendor\\laravel\\framework\\src\\Illuminate\\Database\\Connection.php(779): Illuminate\\Database\\Connection->runQueryCallback('select `id`, `n...', Array, Object(Closure))
#1 C:\\Code\\TrustCash\\vendor\\laravel\\framework\\src\\Illuminate\\Database\\Connection.php(398): Illuminate\\Database\\Connection->run('select `id`, `n...', Array, Object(Closure))
#2 C:\\Code\\TrustCash\\vendor\\laravel\\framework\\src\\Illuminate\\Database\\Query\\Builder.php(3106): Illuminate\\Database\\Connection->select('select `id`, `n...', Array, true)
#3 C:\\Code\\TrustCash\\vendor\\laravel\\framework\\src\\Illuminate\\Database\\Query\\Builder.php(3091): Illuminate\\Database\\Query\\Builder->runSelect()
#4 C:\\Code\\TrustCash\\vendor\\laravel\\framework\\src\\Illuminate\\Database\\Query\\Builder.php(3676): Illuminate\\Database\\Query\\Builder->{closure:Illuminate\\Database\\Query\\Builder::get():3090}()
#5 C:\\Code\\TrustCash\\vendor\\laravel\\framework\\src\\Illuminate\\Database\\Query\\Builder.php(3090): Illuminate\\Database\\Query\\Builder->onceWithColumns(Array, Object(Closure))
#6 C:\\Code\\TrustCash\\vendor\\laravel\\framework\\src\\Illuminate\\Database\\Eloquent\\Builder.php(811): Illuminate\\Database\\Query\\Builder->get(Array)
#7 C:\\Code\\TrustCash\\vendor\\laravel\\framework\\src\\Illuminate\\Database\\Eloquent\\Builder.php(793): Illuminate\\Database\\Eloquent\\Builder->getModels(Array)
#8 C:\\Code\\TrustCash\\app\\Http\\Controllers\\Admin\\PurchaseController.php(74): Illuminate\\Database\\Eloquent\\Builder->get()
#9 C:\\Code\\TrustCash\\vendor\\laravel\\framework\\src\\Illuminate\\Routing\\ControllerDispatcher.php(47): App\\Http\\Controllers\\Admin\\PurchaseController->create()
#10 C:\\Code\\TrustCash\\vendor\\laravel\\framework\\src\\Illuminate\\Routing\\Route.php(266): Illuminate\\Routing\\ControllerDispatcher->dispatch(Object(Illuminate\\Routing\\Route), Object(App\\Http\\Controllers\\Admin\\PurchaseController), 'create')
#11 C:\\Code\\TrustCash\\vendor\\laravel\\framework\\src\\Illuminate\\Routing\\Route.php(212): Illuminate\\Routing\\Route->runController()
#12 C:\\Code\\TrustCash\\vendor\\laravel\\framework\\src\\Illuminate\\Routing\\Router.php(808): Illuminate\\Routing\\Route->run()
#13 C:\\Code\\TrustCash\\vendor\\laravel\\framework\\src\\Illuminate\\Pipeline\\Pipeline.php(170): Illuminate\\Routing\\Router->{closure:Illuminate\\Routing\\Router::runRouteWithinStack():807}(Object(Illuminate\\Http\\Request))
#14 C:\\Code\\TrustCash\\vendor\\laravel\\boost\\src\\Middleware\\InjectBoost.php(22): Illuminate\\Pipeline\\Pipeline->{closure:Illuminate\\Pipeline\\Pipeline::prepareDestination():168}(Object(Illuminate\\Http\\Request))
#15 C:\\Code\\TrustCash\\vendor\\laravel\\framework\\src\\Illuminate\\Pipeline\\Pipeline.php(209): Laravel\\Boost\\Middleware\\InjectBoost->handle(Object(Illuminate\\Http\\Request), Object(Closure))
#16 C:\\Code\\TrustCash\\vendor\\laravel\\framework\\src\\Illuminate\\Http\\Middleware\\AddLinkHeadersForPreloadedAssets.php(20): Illuminate\\Pipeline\\Pipeline->{closure:{closure:Illuminate\\Pipeline\\Pipeline::carry():184}:185}(Object(Illuminate\\Http\\Request))
#17 C:\\Code\\TrustCash\\vendor\\laravel\\framework\\src\\Illuminate\\Pipeline\\Pipeline.php(209): Illuminate\\Http\\Middleware\\AddLinkHeadersForPreloadedAssets->handle(Object(Illuminate\\Http\\Request), Object(Closure))
#18 C:\\Code\\TrustCash\\vendor\\inertiajs\\inertia-laravel\\src\\Middleware.php(86): Illuminate\\Pipeline\\Pipeline->{closure:{closure:Illuminate\\Pipeline\\Pipeline::carry():184}:185}(Object(Illuminate\\Http\\Request))
#19 C:\\Code\\TrustCash\\vendor\\laravel\\framework\\src\\Illuminate\\Pipeline\\Pipeline.php(209): Inertia\\Middleware->handle(Object(Illuminate\\Http\\Request), Object(Closure))
#20 C:\\Code\\TrustCash\\vendor\\laravel\\framework\\src\\Illuminate\\Routing\\Middleware\\SubstituteBindings.php(51): Illuminate\\Pipeline\\Pipeline->{closure:{closure:Illuminate\\Pipeline\\Pipeline::carry():184}:185}(Object(Illuminate\\Http\\Request))
#21 C:\\Code\\TrustCash\\vendor\\laravel\\framework\\src\\Illuminate\\Pipeline\\Pipeline.php(209): Illuminate\\Routing\\Middleware\\SubstituteBindings->handle(Object(Illuminate\\Http\\Request), Object(Closure))
#22 C:\\Code\\TrustCash\\vendor\\laravel\\framework\\src\\Illuminate\\Auth\\Middleware\\Authenticate.php(64): Illuminate\\Pipeline\\Pipeline->{closure:{closure:Illuminate\\Pipeline\\Pipeline::carry():184}:185}(Object(Illuminate\\Http\\Request))
#23 C:\\Code\\TrustCash\\vendor\\laravel\\framework\\src\\Illuminate\\Pipeline\\Pipeline.php(209): Illuminate\\Auth\\Middleware\\Authenticate->handle(Object(Illuminate\\Http\\Request), Object(Closure))
#24 C:\\Code\\TrustCash\\vendor\\laravel\\framework\\src\\Illuminate\\Foundation\\Http\\Middleware\\VerifyCsrfToken.php(88): Illuminate\\Pipeline\\Pipeline->{closure:{closure:Illuminate\\Pipeline\\Pipeline::carry():184}:185}(Object(Illuminate\\Http\\Request))
#25 C:\\Code\\TrustCash\\vendor\\laravel\\framework\\src\\Illuminate\\Pipeline\\Pipeline.php(209): Illuminate\\Foundation\\Http\\Middleware\\VerifyCsrfToken->handle(Object(Illuminate\\Http\\Request), Object(Closure))
#26 C:\\Code\\TrustCash\\vendor\\laravel\\framework\\src\\Illuminate\\View\\Middleware\\ShareErrorsFromSession.php(49): Illuminate\\Pipeline\\Pipeline->{closure:{closure:Illuminate\\Pipeline\\Pipeline::carry():184}:185}(Object(Illuminate\\Http\\Request))
#27 C:\\Code\\TrustCash\\vendor\\laravel\\framework\\src\\Illuminate\\Pipeline\\Pipeline.php(209): Illuminate\\View\\Middleware\\ShareErrorsFromSession->handle(Object(Illuminate\\Http\\Request), Object(Closure))
#28 C:\\Code\\TrustCash\\vendor\\laravel\\framework\\src\\Illuminate\\Session\\Middleware\\StartSession.php(121): Illuminate\\Pipeline\\Pipeline->{closure:{closure:Illuminate\\Pipeline\\Pipeline::carry():184}:185}(Object(Illuminate\\Http\\Request))
#29 C:\\Code\\TrustCash\\vendor\\laravel\\framework\\src\\Illuminate\\Session\\Middleware\\StartSession.php(64): Illuminate\\Session\\Middleware\\StartSession->handleStatefulRequest(Object(Illuminate\\Http\\Request), Object(Illuminate\\Session\\Store), Object(Closure))
#30 C:\\Code\\TrustCash\\vendor\\laravel\\framework\\src\\Illuminate\\Pipeline\\Pipeline.php(209): Illuminate\\Session\\Middleware\\StartSession->handle(Object(Illuminate\\Http\\Request), Object(Closure))
#31 C:\\Code\\TrustCash\\vendor\\laravel\\framework\\src\\Illuminate\\Cookie\\Middleware\\AddQueuedCookiesToResponse.php(37): Illuminate\\Pipeline\\Pipeline->{closure:{closure:Illuminate\\Pipeline\\Pipeline::carry():184}:185}(Object(Illuminate\\Http\\Request))
#32 C:\\Code\\TrustCash\\vendor\\laravel\\framework\\src\\Illuminate\\Pipeline\\Pipeline.php(209): Illuminate\\Cookie\\Middleware\\AddQueuedCookiesToResponse->handle(Object(Illuminate\\Http\\Request), Object(Closure))
#33 C:\\Code\\TrustCash\\vendor\\laravel\\framework\\src\\Illuminate\\Cookie\\Middleware\\EncryptCookies.php(75): Illuminate\\Pipeline\\Pipeline->{closure:{closure:Illuminate\\Pipeline\\Pipeline::carry():184}:185}(Object(Illuminate\\Http\\Request))
#34 C:\\Code\\TrustCash\\vendor\\laravel\\framework\\src\\Illuminate\\Pipeline\\Pipeline.php(209): Illuminate\\Cookie\\Middleware\\EncryptCookies->handle(Object(Illuminate\\Http\\Request), Object(Closure))
#35 C:\\Code\\TrustCash\\app\\Http\\Middleware\\InitializeTenancyIfTenantDomain.php(76): Illuminate\\Pipeline\\Pipeline->{closure:{closure:Illuminate\\Pipeline\\Pipeline::carry():184}:185}(Object(Illuminate\\Http\\Request))
#36 C:\\Code\\TrustCash\\vendor\\laravel\\framework\\src\\Illuminate\\Pipeline\\Pipeline.php(209): App\\Http\\Middleware\\InitializeTenancyIfTenantDomain->handle(Object(Illuminate\\Http\\Request), Object(Closure))
#37 C:\\Code\\TrustCash\\vendor\\laravel\\framework\\src\\Illuminate\\Pipeline\\Pipeline.php(127): Illuminate\\Pipeline\\Pipeline->{closure:{closure:Illuminate\\Pipeline\\Pipeline::carry():184}:185}(Object(Illuminate\\Http\\Request))
#38 C:\\Code\\TrustCash\\vendor\\laravel\\framework\\src\\Illuminate\\Routing\\Router.php(807): Illuminate\\Pipeline\\Pipeline->then(Object(Closure))
#39 C:\\Code\\TrustCash\\vendor\\laravel\\framework\\src\\Illuminate\\Routing\\Router.php(786): Illuminate\\Routing\\Router->runRouteWithinStack(Object(Illuminate\\Routing\\Route), Object(Illuminate\\Http\\Request))
#40 C:\\Code\\TrustCash\\vendor\\laravel\\framework\\src\\Illuminate\\Routing\\Router.php(750): Illuminate\\Routing\\Router->runRoute(Object(Illuminate\\Http\\Request), Object(Illuminate\\Routing\\Route))
#41 C:\\Code\\TrustCash\\vendor\\laravel\\framework\\src\\Illuminate\\Routing\\Router.php(739): Illuminate\\Routing\\Router->dispatchToRoute(Object(Illuminate\\Http\\Request))
#42 C:\\Code\\TrustCash\\vendor\\laravel\\framework\\src\\Illuminate\\Foundation\\Http\\Kernel.php(201): Illuminate\\Routing\\Router->dispatch(Object(Illuminate\\Http\\Request))
#43 C:\\Code\\TrustCash\\vendor\\laravel\\framework\\src\\Illuminate\\Pipeline\\Pipeline.php(170): Illuminate\\Foundation\\Http\\Kernel->{closure:Illuminate\\Foundation\\Http\\Kernel::dispatchToRouter():198}(Object(Illuminate\\Http\\Request))
#44 C:\\Code\\TrustCash\\vendor\\laravel\\framework\\src\\Illuminate\\Foundation\\Http\\Middleware\\TransformsRequest.php(21): Illuminate\\Pipeline\\Pipeline->{closure:Illuminate\\Pipeline\\Pipeline::prepareDestination():168}(Object(Illuminate\\Http\\Request))
#45 C:\\Code\\TrustCash\\vendor\\laravel\\framework\\src\\Illuminate\\Foundation\\Http\\Middleware\\ConvertEmptyStringsToNull.php(31): Illuminate\\Foundation\\Http\\Middleware\\TransformsRequest->handle(Object(Illuminate\\Http\\Request), Object(Closure))
#46 C:\\Code\\TrustCash\\vendor\\laravel\\framework\\src\\Illuminate\\Pipeline\\Pipeline.php(209): Illuminate\\Foundation\\Http\\Middleware\\ConvertEmptyStringsToNull->handle(Object(Illuminate\\Http\\Request), Object(Closure))
#47 C:\\Code\\TrustCash\\vendor\\laravel\\framework\\src\\Illuminate\\Foundation\\Http\\Middleware\\TransformsRequest.php(21): Illuminate\\Pipeline\\Pipeline->{closure:{closure:Illuminate\\Pipeline\\Pipeline::carry():184}:185}(Object(Illuminate\\Http\\Request))
#48 C:\\Code\\TrustCash\\vendor\\laravel\\framework\\src\\Illuminate\\Foundation\\Http\\Middleware\\TrimStrings.php(51): Illuminate\\Foundation\\Http\\Middleware\\TransformsRequest->handle(Object(Illuminate\\Http\\Request), Object(Closure))
#49 C:\\Code\\TrustCash\\vendor\\laravel\\framework\\src\\Illuminate\\Pipeline\\Pipeline.php(209): Illuminate\\Foundation\\Http\\Middleware\\TrimStrings->handle(Object(Illuminate\\Http\\Request), Object(Closure))
#50 C:\\Code\\TrustCash\\vendor\\laravel\\framework\\src\\Illuminate\\Http\\Middleware\\ValidatePostSize.php(27): Illuminate\\Pipeline\\Pipeline->{closure:{closure:Illuminate\\Pipeline\\Pipeline::carry():184}:185}(Object(Illuminate\\Http\\Request))
#51 C:\\Code\\TrustCash\\vendor\\laravel\\framework\\src\\Illuminate\\Pipeline\\Pipeline.php(209): Illuminate\\Http\\Middleware\\ValidatePostSize->handle(Object(Illuminate\\Http\\Request), Object(Closure))
#52 C:\\Code\\TrustCash\\vendor\\laravel\\framework\\src\\Illuminate\\Foundation\\Http\\Middleware\\PreventRequestsDuringMaintenance.php(110): Illuminate\\Pipeline\\Pipeline->{closure:{closure:Illuminate\\Pipeline\\Pipeline::carry():184}:185}(Object(Illuminate\\Http\\Request))
#53 C:\\Code\\TrustCash\\vendor\\laravel\\framework\\src\\Illuminate\\Pipeline\\Pipeline.php(209): Illuminate\\Foundation\\Http\\Middleware\\PreventRequestsDuringMaintenance->handle(Object(Illuminate\\Http\\Request), Object(Closure))
#54 C:\\Code\\TrustCash\\vendor\\laravel\\framework\\src\\Illuminate\\Http\\Middleware\\HandleCors.php(49): Illuminate\\Pipeline\\Pipeline->{closure:{closure:Illuminate\\Pipeline\\Pipeline::carry():184}:185}(Object(Illuminate\\Http\\Request))
#55 C:\\Code\\TrustCash\\vendor\\laravel\\framework\\src\\Illuminate\\Pipeline\\Pipeline.php(209): Illuminate\\Http\\Middleware\\HandleCors->handle(Object(Illuminate\\Http\\Request), Object(Closure))
#56 C:\\Code\\TrustCash\\vendor\\laravel\\framework\\src\\Illuminate\\Http\\Middleware\\TrustProxies.php(58): Illuminate\\Pipeline\\Pipeline->{closure:{closure:Illuminate\\Pipeline\\Pipeline::carry():184}:185}(Object(Illuminate\\Http\\Request))
#57 C:\\Code\\TrustCash\\vendor\\laravel\\framework\\src\\Illuminate\\Pipeline\\Pipeline.php(209): Illuminate\\Http\\Middleware\\TrustProxies->handle(Object(Illuminate\\Http\\Request), Object(Closure))
#58 C:\\Code\\TrustCash\\vendor\\laravel\\framework\\src\\Illuminate\\Foundation\\Http\\Middleware\\InvokeDeferredCallbacks.php(22): Illuminate\\Pipeline\\Pipeline->{closure:{closure:Illuminate\\Pipeline\\Pipeline::carry():184}:185}(Object(Illuminate\\Http\\Request))
#59 C:\\Code\\TrustCash\\vendor\\laravel\\framework\\src\\Illuminate\\Pipeline\\Pipeline.php(209): Illuminate\\Foundation\\Http\\Middleware\\InvokeDeferredCallbacks->handle(Object(Illuminate\\Http\\Request), Object(Closure))
#60 C:\\Code\\TrustCash\\vendor\\laravel\\framework\\src\\Illuminate\\Pipeline\\Pipeline.php(127): Illuminate\\Pipeline\\Pipeline->{closure:{closure:Illuminate\\Pipeline\\Pipeline::carry():184}:185}(Object(Illuminate\\Http\\Request))
#61 C:\\Code\\TrustCash\\vendor\\laravel\\framework\\src\\Illuminate\\Foundation\\Http\\Kernel.php(176): Illuminate\\Pipeline\\Pipeline->then(Object(Closure))
#62 C:\\Code\\TrustCash\\vendor\\laravel\\framework\\src\\Illuminate\\Foundation\\Http\\Kernel.php(145): Illuminate\\Foundation\\Http\\Kernel->sendRequestThroughRouter(Object(Illuminate\\Http\\Request))
#63 C:\\Code\\TrustCash\\vendor\\laravel\\framework\\src\\Illuminate\\Foundation\\Application.php(1220): Illuminate\\Foundation\\Http\\Kernel->handle(Object(Illuminate\\Http\\Request))
#64 C:\\Code\\TrustCash\\public\\index.php(17): Illuminate\\Foundation\\Application->handleRequest(Object(Illuminate\\Http\\Request))
#65 C:\\Code\\TrustCash\\vendor\\laravel\\framework\\src\\Illuminate\\Foundation\\resources\\server.php(23): require_once('C:\\\\Code\\\\TrustCa...')
#66 {main}

[previous exception] [object] (PDOException(code: 42S22): SQLSTATE[42S22]: Column not found: 1054 Unknown column 'price' in 'field list' at C:\\Code\\TrustCash\\vendor\\laravel\\framework\\src\\Illuminate\\Database\\Connection.php:407)
[stacktrace]
#0 C:\\Code\\TrustCash\\vendor\\laravel\\framework\\src\\Illuminate\\Database\\Connection.php(407): PDO->prepare('select `id`, `n...')
#1 C:\\Code\\TrustCash\\vendor\\laravel\\framework\\src\\Illuminate\\Database\\Connection.php(812): Illuminate\\Database\\Connection->{closure:Illuminate\\Database\\Connection::select():398}('select `id`, `n...', Array)
#2 C:\\Code\\TrustCash\\vendor\\laravel\\framework\\src\\Illuminate\\Database\\Connection.php(779): Illuminate\\Database\\Connection->runQueryCallback('select `id`, `n...', Array, Object(Closure))
#3 C:\\Code\\TrustCash\\vendor\\laravel\\framework\\src\\Illuminate\\Database\\Connection.php(398): Illuminate\\Database\\Connection->run('select `id`, `n...', Array, Object(Closure))
#4 C:\\Code\\TrustCash\\vendor\\laravel\\framework\\src\\Illuminate\\Database\\Query\\Builder.php(3106): Illuminate\\Database\\Connection->select('select `id`, `n...', Array, true)
#5 C:\\Code\\TrustCash\\vendor\\laravel\\framework\\src\\Illuminate\\Database\\Query\\Builder.php(3091): Illuminate\\Database\\Query\\Builder->runSelect()
#6 C:\\Code\\TrustCash\\vendor\\laravel\\framework\\src\\Illuminate\\Database\\Query\\Builder.php(3676): Illuminate\\Database\\Query\\Builder->{closure:Illuminate\\Database\\Query\\Builder::get():3090}()
#7 C:\\Code\\TrustCash\\vendor\\laravel\\framework\\src\\Illuminate\\Database\\Query\\Builder.php(3090): Illuminate\\Database\\Query\\Builder->onceWithColumns(Array, Object(Closure))
#8 C:\\Code\\TrustCash\\vendor\\laravel\\framework\\src\\Illuminate\\Database\\Eloquent\\Builder.php(811): Illuminate\\Database\\Query\\Builder->get(Array)
#9 C:\\Code\\TrustCash\\vendor\\laravel\\framework\\src\\Illuminate\\Database\\Eloquent\\Builder.php(793): Illuminate\\Database\\Eloquent\\Builder->getModels(Array)
#10 C:\\Code\\TrustCash\\app\\Http\\Controllers\\Admin\\PurchaseController.php(74): Illuminate\\Database\\Eloquent\\Builder->get()
#11 C:\\Code\\TrustCash\\vendor\\laravel\\framework\\src\\Illuminate\\Routing\\ControllerDispatcher.php(47): App\\Http\\Controllers\\Admin\\PurchaseController->create()
#12 C:\\Code\\TrustCash\\vendor\\laravel\\framework\\src\\Illuminate\\Routing\\Route.php(266): Illuminate\\Routing\\ControllerDispatcher->dispatch(Object(Illuminate\\Routing\\Route), Object(App\\Http\\Controllers\\Admin\\PurchaseController), 'create')
#13 C:\\Code\\TrustCash\\vendor\\laravel\\framework\\src\\Illuminate\\Routing\\Route.php(212): Illuminate\\Routing\\Route->runController()
#14 C:\\Code\\TrustCash\\vendor\\laravel\\framework\\src\\Illuminate\\Routing\\Router.php(808): Illuminate\\Routing\\Route->run()
#15 C:\\Code\\TrustCash\\vendor\\laravel\\framework\\src\\Illuminate\\Pipeline\\Pipeline.php(170): Illuminate\\Routing\\Router->{closure:Illuminate\\Routing\\Router::runRouteWithinStack():807}(Object(Illuminate\\Http\\Request))
#16 C:\\Code\\TrustCash\\vendor\\laravel\\boost\\src\\Middleware\\InjectBoost.php(22): Illuminate\\Pipeline\\Pipeline->{closure:Illuminate\\Pipeline\\Pipeline::prepareDestination():168}(Object(Illuminate\\Http\\Request))
#17 C:\\Code\\TrustCash\\vendor\\laravel\\framework\\src\\Illuminate\\Pipeline\\Pipeline.php(209): Laravel\\Boost\\Middleware\\InjectBoost->handle(Object(Illuminate\\Http\\Request), Object(Closure))
#18 C:\\Code\\TrustCash\\vendor\\laravel\\framework\\src\\Illuminate\\Http\\Middleware\\AddLinkHeadersForPreloadedAssets.php(20): Illuminate\\Pipeline\\Pipeline->{closure:{closure:Illuminate\\Pipeline\\Pipeline::carry():184}:185}(Object(Illuminate\\Http\\Request))
#19 C:\\Code\\TrustCash\\vendor\\laravel\\framework\\src\\Illuminate\\Pipeline\\Pipeline.php(209): Illuminate\\Http\\Middleware\\AddLinkHeadersForPreloadedAssets->handle(Object(Illuminate\\Http\\Request), Object(Closure))
#20 C:\\Code\\TrustCash\\vendor\\inertiajs\\inertia-laravel\\src\\Middleware.php(86): Illuminate\\Pipeline\\Pipeline->{closure:{closure:Illuminate\\Pipeline\\Pipeline::carry():184}:185}(Object(Illuminate\\Http\\Request))
#21 C:\\Code\\TrustCash\\vendor\\laravel\\framework\\src\\Illuminate\\Pipeline\\Pipeline.php(209): Inertia\\Middleware->handle(Object(Illuminate\\Http\\Request), Object(Closure))
#22 C:\\Code\\TrustCash\\vendor\\laravel\\framework\\src\\Illuminate\\Routing\\Middleware\\SubstituteBindings.php(51): Illuminate\\Pipeline\\Pipeline->{closure:{closure:Illuminate\\Pipeline\\Pipeline::carry():184}:185}(Object(Illuminate\\Http\\Request))
#23 C:\\Code\\TrustCash\\vendor\\laravel\\framework\\src\\Illuminate\\Pipeline\\Pipeline.php(209): Illuminate\\Routing\\Middleware\\SubstituteBindings->handle(Object(Illuminate\\Http\\Request), Object(Closure))
#24 C:\\Code\\TrustCash\\vendor\\laravel\\framework\\src\\Illuminate\\Auth\\Middleware\\Authenticate.php(64): Illuminate\\Pipeline\\Pipeline->{closure:{closure:Illuminate\\Pipeline\\Pipeline::carry():184}:185}(Object(Illuminate\\Http\\Request))
#25 C:\\Code\\TrustCash\\vendor\\laravel\\framework\\src\\Illuminate\\Pipeline\\Pipeline.php(209): Illuminate\\Auth\\Middleware\\Authenticate->handle(Object(Illuminate\\Http\\Request), Object(Closure))
#26 C:\\Code\\TrustCash\\vendor\\laravel\\framework\\src\\Illuminate\\Foundation\\Http\\Middleware\\VerifyCsrfToken.php(88): Illuminate\\Pipeline\\Pipeline->{closure:{closure:Illuminate\\Pipeline\\Pipeline::carry():184}:185}(Object(Illuminate\\Http\\Request))
#27 C:\\Code\\TrustCash\\vendor\\laravel\\framework\\src\\Illuminate\\Pipeline\\Pipeline.php(209): Illuminate\\Foundation\\Http\\Middleware\\VerifyCsrfToken->handle(Object(Illuminate\\Http\\Request), Object(Closure))
#28 C:\\Code\\TrustCash\\vendor\\laravel\\framework\\src\\Illuminate\\View\\Middleware\\ShareErrorsFromSession.php(49): Illuminate\\Pipeline\\Pipeline->{closure:{closure:Illuminate\\Pipeline\\Pipeline::carry():184}:185}(Object(Illuminate\\Http\\Request))
#29 C:\\Code\\TrustCash\\vendor\\laravel\\framework\\src\\Illuminate\\Pipeline\\Pipeline.php(209): Illuminate\\View\\Middleware\\ShareErrorsFromSession->handle(Object(Illuminate\\Http\\Request), Object(Closure))
#30 C:\\Code\\TrustCash\\vendor\\laravel\\framework\\src\\Illuminate\\Session\\Middleware\\StartSession.php(121): Illuminate\\Pipeline\\Pipeline->{closure:{closure:Illuminate\\Pipeline\\Pipeline::carry():184}:185}(Object(Illuminate\\Http\\Request))
#31 C:\\Code\\TrustCash\\vendor\\laravel\\framework\\src\\Illuminate\\Session\\Middleware\\StartSession.php(64): Illuminate\\Session\\Middleware\\StartSession->handleStatefulRequest(Object(Illuminate\\Http\\Request), Object(Illuminate\\Session\\Store), Object(Closure))
#32 C:\\Code\\TrustCash\\vendor\\laravel\\framework\\src\\Illuminate\\Pipeline\\Pipeline.php(209): Illuminate\\Session\\Middleware\\StartSession->handle(Object(Illuminate\\Http\\Request), Object(Closure))
#33 C:\\Code\\TrustCash\\vendor\\laravel\\framework\\src\\Illuminate\\Cookie\\Middleware\\AddQueuedCookiesToResponse.php(37): Illuminate\\Pipeline\\Pipeline->{closure:{closure:Illuminate\\Pipeline\\Pipeline::carry():184}:185}(Object(Illuminate\\Http\\Request))
#34 C:\\Code\\TrustCash\\vendor\\laravel\\framework\\src\\Illuminate\\Pipeline\\Pipeline.php(209): Illuminate\\Cookie\\Middleware\\AddQueuedCookiesToResponse->handle(Object(Illuminate\\Http\\Request), Object(Closure))
#35 C:\\Code\\TrustCash\\vendor\\laravel\\framework\\src\\Illuminate\\Cookie\\Middleware\\EncryptCookies.php(75): Illuminate\\Pipeline\\Pipeline->{closure:{closure:Illuminate\\Pipeline\\Pipeline::carry():184}:185}(Object(Illuminate\\Http\\Request))
#36 C:\\Code\\TrustCash\\vendor\\laravel\\framework\\src\\Illuminate\\Pipeline\\Pipeline.php(209): Illuminate\\Cookie\\Middleware\\EncryptCookies->handle(Object(Illuminate\\Http\\Request), Object(Closure))
#37 C:\\Code\\TrustCash\\app\\Http\\Middleware\\InitializeTenancyIfTenantDomain.php(76): Illuminate\\Pipeline\\Pipeline->{closure:{closure:Illuminate\\Pipeline\\Pipeline::carry():184}:185}(Object(Illuminate\\Http\\Request))
#38 C:\\Code\\TrustCash\\vendor\\laravel\\framework\\src\\Illuminate\\Pipeline\\Pipeline.php(209): App\\Http\\Middleware\\InitializeTenancyIfTenantDomain->handle(Object(Illuminate\\Http\\Request), Object(Closure))
#39 C:\\Code\\TrustCash\\vendor\\laravel\\framework\\src\\Illuminate\\Pipeline\\Pipeline.php(127): Illuminate\\Pipeline\\Pipeline->{closure:{closure:Illuminate\\Pipeline\\Pipeline::carry():184}:185}(Object(Illuminate\\Http\\Request))
#40 C:\\Code\\TrustCash\\vendor\\laravel\\framework\\src\\Illuminate\\Routing\\Router.php(807): Illuminate\\Pipeline\\Pipeline->then(Object(Closure))
#41 C:\\Code\\TrustCash\\vendor\\laravel\\framework\\src\\Illuminate\\Routing\\Router.php(786): Illuminate\\Routing\\Router->runRouteWithinStack(Object(Illuminate\\Routing\\Route), Object(Illuminate\\Http\\Request))
#42 C:\\Code\\TrustCash\\vendor\\laravel\\framework\\src\\Illuminate\\Routing\\Router.php(750): Illuminate\\Routing\\Router->runRoute(Object(Illuminate\\Http\\Request), Object(Illuminate\\Routing\\Route))
#43 C:\\Code\\TrustCash\\vendor\\laravel\\framework\\src\\Illuminate\\Routing\\Router.php(739): Illuminate\\Routing\\Router->dispatchToRoute(Object(Illuminate\\Http\\Request))
#44 C:\\Code\\TrustCash\\vendor\\laravel\\framework\\src\\Illuminate\\Foundation\\Http\\Kernel.php(201): Illuminate\\Routing\\Router->dispatch(Object(Illuminate\\Http\\Request))
#45 C:\\Code\\TrustCash\\vendor\\laravel\\framework\\src\\Illuminate\\Pipeline\\Pipeline.php(170): Illuminate\\Foundation\\Http\\Kernel->{closure:Illuminate\\Foundation\\Http\\Kernel::dispatchToRouter():198}(Object(Illuminate\\Http\\Request))
#46 C:\\Code\\TrustCash\\vendor\\laravel\\framework\\src\\Illuminate\\Foundation\\Http\\Middleware\\TransformsRequest.php(21): Illuminate\\Pipeline\\Pipeline->{closure:Illuminate\\Pipeline\\Pipeline::prepareDestination():168}(Object(Illuminate\\Http\\Request))
#47 C:\\Code\\TrustCash\\vendor\\laravel\\framework\\src\\Illuminate\\Foundation\\Http\\Middleware\\ConvertEmptyStringsToNull.php(31): Illuminate\\Foundation\\Http\\Middleware\\TransformsRequest->handle(Object(Illuminate\\Http\\Request), Object(Closure))
#48 C:\\Code\\TrustCash\\vendor\\laravel\\framework\\src\\Illuminate\\Pipeline\\Pipeline.php(209): Illuminate\\Foundation\\Http\\Middleware\\ConvertEmptyStringsToNull->handle(Object(Illuminate\\Http\\Request), Object(Closure))
#49 C:\\Code\\TrustCash\\vendor\\laravel\\framework\\src\\Illuminate\\Foundation\\Http\\Middleware\\TransformsRequest.php(21): Illuminate\\Pipeline\\Pipeline->{closure:{closure:Illuminate\\Pipeline\\Pipeline::carry():184}:185}(Object(Illuminate\\Http\\Request))
#50 C:\\Code\\TrustCash\\vendor\\laravel\\framework\\src\\Illuminate\\Foundation\\Http\\Middleware\\TrimStrings.php(51): Illuminate\\Foundation\\Http\\Middleware\\TransformsRequest->handle(Object(Illuminate\\Http\\Request), Object(Closure))
#51 C:\\Code\\TrustCash\\vendor\\laravel\\framework\\src\\Illuminate\\Pipeline\\Pipeline.php(209): Illuminate\\Foundation\\Http\\Middleware\\TrimStrings->handle(Object(Illuminate\\Http\\Request), Object(Closure))
#52 C:\\Code\\TrustCash\\vendor\\laravel\\framework\\src\\Illuminate\\Http\\Middleware\\ValidatePostSize.php(27): Illuminate\\Pipeline\\Pipeline->{closure:{closure:Illuminate\\Pipeline\\Pipeline::carry():184}:185}(Object(Illuminate\\Http\\Request))
#53 C:\\Code\\TrustCash\\vendor\\laravel\\framework\\src\\Illuminate\\Pipeline\\Pipeline.php(209): Illuminate\\Http\\Middleware\\ValidatePostSize->handle(Object(Illuminate\\Http\\Request), Object(Closure))
#54 C:\\Code\\TrustCash\\vendor\\laravel\\framework\\src\\Illuminate\\Foundation\\Http\\Middleware\\PreventRequestsDuringMaintenance.php(110): Illuminate\\Pipeline\\Pipeline->{closure:{closure:Illuminate\\Pipeline\\Pipeline::carry():184}:185}(Object(Illuminate\\Http\\Request))
#55 C:\\Code\\TrustCash\\vendor\\laravel\\framework\\src\\Illuminate\\Pipeline\\Pipeline.php(209): Illuminate\\Foundation\\Http\\Middleware\\PreventRequestsDuringMaintenance->handle(Object(Illuminate\\Http\\Request), Object(Closure))
#56 C:\\Code\\TrustCash\\vendor\\laravel\\framework\\src\\Illuminate\\Http\\Middleware\\HandleCors.php(49): Illuminate\\Pipeline\\Pipeline->{closure:{closure:Illuminate\\Pipeline\\Pipeline::carry():184}:185}(Object(Illuminate\\Http\\Request))
#57 C:\\Code\\TrustCash\\vendor\\laravel\\framework\\src\\Illuminate\\Pipeline\\Pipeline.php(209): Illuminate\\Http\\Middleware\\HandleCors->handle(Object(Illuminate\\Http\\Request), Object(Closure))
#58 C:\\Code\\TrustCash\\vendor\\laravel\\framework\\src\\Illuminate\\Http\\Middleware\\TrustProxies.php(58): Illuminate\\Pipeline\\Pipeline->{closure:{closure:Illuminate\\Pipeline\\Pipeline::carry():184}:185}(Object(Illuminate\\Http\\Request))
#59 C:\\Code\\TrustCash\\vendor\\laravel\\framework\\src\\Illuminate\\Pipeline\\Pipeline.php(209): Illuminate\\Http\\Middleware\\TrustProxies->handle(Object(Illuminate\\Http\\Request), Object(Closure))
#60 C:\\Code\\TrustCash\\vendor\\laravel\\framework\\src\\Illuminate\\Foundation\\Http\\Middleware\\InvokeDeferredCallbacks.php(22): Illuminate\\Pipeline\\Pipeline->{closure:{closure:Illuminate\\Pipeline\\Pipeline::carry():184}:185}(Object(Illuminate\\Http\\Request))
#61 C:\\Code\\TrustCash\\vendor\\laravel\\framework\\src\\Illuminate\\Pipeline\\Pipeline.php(209): Illuminate\\Foundation\\Http\\Middleware\\InvokeDeferredCallbacks->handle(Object(Illuminate\\Http\\Request), Object(Closure))
#62 C:\\Code\\TrustCash\\vendor\\laravel\\framework\\src\\Illuminate\\Pipeline\\Pipeline.php(127): Illuminate\\Pipeline\\Pipeline->{closure:{closure:Illuminate\\Pipeline\\Pipeline::carry():184}:185}(Object(Illuminate\\Http\\Request))
#63 C:\\Code\\TrustCash\\vendor\\laravel\\framework\\src\\Illuminate\\Foundation\\Http\\Kernel.php(176): Illuminate\\Pipeline\\Pipeline->then(Object(Closure))
#64 C:\\Code\\TrustCash\\vendor\\laravel\\framework\\src\\Illuminate\\Foundation\\Http\\Kernel.php(145): Illuminate\\Foundation\\Http\\Kernel->sendRequestThroughRouter(Object(Illuminate\\Http\\Request))
#65 C:\\Code\\TrustCash\\vendor\\laravel\\framework\\src\\Illuminate\\Foundation\\Application.php(1220): Illuminate\\Foundation\\Http\\Kernel->handle(Object(Illuminate\\Http\\Request))
#66 C:\\Code\\TrustCash\\public\\index.php(17): Illuminate\\Foundation\\Application->handleRequest(Object(Illuminate\\Http\\Request))
#67 C:\\Code\\TrustCash\\vendor\\laravel\\framework\\src\\Illuminate\\Foundation\\resources\\server.php(23): require_once('C:\\\\Code\\\\TrustCa...')
#68 {main}
"} 
[2026-09-27 11:56:26] local.INFO: Date Range {"start_date":"2026-09-01","end_date":"2026-09-30"} 
[2026-09-27 11:56:30] local.INFO: Date Range {"start_date":"2026-09-01","end_date":"2026-09-30"} 
[2026-09-27 11:56:39] local.INFO: Daily Transactions:  
[2026-09-27 11:56:39] local.INFO: Extra Incomes:  
[2026-09-27 11:56:53] local.INFO: Daily Transactions:  
[2026-09-27 11:56:53] local.INFO: Extra Incomes:  
[2026-09-27 12:01:52] local.INFO: Date Range {"start_date":"2026-09-01","end_date":"2026-09-30"} 
[2026-09-27 12:01:55] local.INFO: Daily Transactions:  
[2026-09-27 12:01:55] local.INFO: Extra Incomes:  
[2026-09-27 12:03:03] local.INFO: Daily Transactions:  
[2026-09-27 12:03:03] local.INFO: Extra Incomes:  
[2026-09-27 12:03:05] local.INFO: Daily Transactions:  
[2026-09-27 12:03:05] local.INFO: Extra Incomes:  
[2026-09-27 12:03:08] local.INFO: Date Range {"start_date":"2026-09-01","end_date":"2026-09-30"} 
[2026-09-27 12:05:08] local.INFO: Date Range {"start_date":"2026-09-01","end_date":"2026-09-30"} 
[2026-09-27 12:06:44] local.INFO: Date Range {"start_date":"2026-09-01","end_date":"2026-09-30"} 
[2026-09-27 12:06:46] local.INFO: Date Range {"start_date":"2026-09-01","end_date":"2026-09-30"} 
[2026-09-27 12:06:47] local.INFO: Date Range {"start_date":"2026-09-01","end_date":"2026-09-30"} 
[2026-09-27 12:06:50] local.INFO: Date Range {"start_date":"2026-09-01","end_date":"2026-09-30"} 
[2026-09-27 12:07:18] local.INFO: Date Range {"start_date":"2026-09-01","end_date":"2026-09-30"} 
[2026-09-27 12:10:36] local.INFO: Date Range {"start_date":"2026-09-01","end_date":"2026-09-30"} 
[2026-09-27 12:11:11] local.INFO: Daily Transactions:  
[2026-09-27 12:11:11] local.INFO: Extra Incomes:  
[2026-09-27 12:11:23] local.INFO: Date Range {"start_date":"2026-09-01","end_date":"2026-09-30"} 
[2026-09-27 12:11:41] local.INFO: Date Range {"start_date":"2026-09-01","end_date":"2026-09-30"} 
[2026-09-27 12:11:43] local.INFO: Daily Transactions:  
[2026-09-27 12:11:43] local.INFO: Extra Incomes:  
[2026-09-27 12:13:28] local.INFO: Daily Transactions:  
[2026-09-27 12:13:28] local.INFO: Extra Incomes:  
[2026-09-27 12:13:34] local.INFO: Daily Transactions:  
[2026-09-27 12:13:34] local.INFO: Extra Incomes:  
[2026-09-27 12:14:22] local.INFO: Daily Transactions:  
[2026-09-27 12:14:22] local.INFO: Extra Incomes:  
[2026-09-27 12:14:30] local.INFO: Daily Transactions:  
[2026-09-27 12:14:30] local.INFO: Extra Incomes:  
[2026-09-27 12:15:01] local.INFO: Daily Transactions:  
[2026-09-27 12:15:01] local.INFO: Extra Incomes:  
[2026-09-27 12:15:07] local.INFO: Date Range {"start_date":"2026-09-01","end_date":"2026-09-30"} 
[2026-09-27 12:15:10] local.INFO: Daily Transactions:  
[2026-09-27 12:15:10] local.INFO: Extra Incomes:  
[2026-09-27 12:16:18] local.INFO: Date Range {"start_date":"2026-09-01","end_date":"2026-09-30"} 
[2026-09-27 12:16:31] local.INFO: Date Range {"start_date":"2026-09-01","end_date":"2026-09-30"} 
[2026-09-27 12:16:46] local.INFO: Daily Transactions:  
[2026-09-27 12:16:46] local.INFO: Extra Incomes:  
[2026-09-27 12:17:09] local.INFO: Daily Transactions:  
[2026-09-27 12:17:09] local.INFO: Extra Incomes:  
[2026-09-27 12:17:26] local.INFO: Daily Transactions:  
[2026-09-27 12:17:26] local.INFO: Extra Incomes:  
[2026-09-27 12:17:40] local.INFO: Date Range {"start_date":"2026-09-01","end_date":"2026-09-30"} 
[2026-09-27 12:17:42] local.INFO: Daily Transactions:  
[2026-09-27 12:17:42] local.INFO: Extra Incomes:  
[2026-09-27 12:18:30] local.INFO: Date Range {"start_date":"2026-09-01","end_date":"2026-09-30"} 
[2026-09-27 12:19:53] local.INFO: Daily Transactions:  
[2026-09-27 12:19:53] local.INFO: Extra Incomes:  
[2026-09-27 12:20:16] local.ERROR: Undefined array key "product" (View: C:\Code\TrustCash\resources\views\reports\stock-report-pdf.blade.php) {"userId":1,"exception":"[object] (Illuminate\\View\\ViewException(code: 0): Undefined array key \"product\" (View: C:\\Code\\TrustCash\\resources\\views\\reports\\stock-report-pdf.blade.php) at C:\\Code\\TrustCash\\vendor\\laravel\\framework\\src\\Illuminate\\Collections\\Collection.php:1894)
[stacktrace]
#0 C:\\Code\\TrustCash\\vendor\\laravel\\framework\\src\\Illuminate\\View\\Engines\\PhpEngine.php(60): Illuminate\\View\\Engines\\CompilerEngine->handleViewException(Object(ErrorException), 1)
#1 C:\\Code\\TrustCash\\vendor\\laravel\\framework\\src\\Illuminate\\View\\Engines\\CompilerEngine.php(75): Illuminate\\View\\Engines\\PhpEngine->evaluatePath('C:\\\\Code\\\\TrustCa...', Array)
#2 C:\\Code\\TrustCash\\vendor\\laravel\\framework\\src\\Illuminate\\View\\View.php(209): Illuminate\\View\\Engines\\CompilerEngine->get('C:\\\\Code\\\\TrustCa...', Array)
#3 C:\\Code\\TrustCash\\vendor\\laravel\\framework\\src\\Illuminate\\View\\View.php(192): Illuminate\\View\\View->getContents()
#4 C:\\Code\\TrustCash\\vendor\\laravel\\framework\\src\\Illuminate\\View\\View.php(161): Illuminate\\View\\View->renderContents()
#5 C:\\Code\\TrustCash\\vendor\\barryvdh\\laravel-dompdf\\src\\PDF.php(142): Illuminate\\View\\View->render()
#6 C:\\Code\\TrustCash\\vendor\\barryvdh\\laravel-dompdf\\src\\Facade\\Pdf.php(66): Barryvdh\\DomPDF\\PDF->loadView('reports.stock-r...', Array)
#7 C:\\Code\\TrustCash\\app\\Http\\Controllers\\Admin\\ProductStockReportController.php(333): Barryvdh\\DomPDF\\Facade\\Pdf::__callStatic('loadView', Array)
#8 C:\\Code\\TrustCash\\vendor\\laravel\\framework\\src\\Illuminate\\Routing\\ControllerDispatcher.php(47): App\\Http\\Controllers\\Admin\\ProductStockReportController->downloadPdf(Object(Illuminate\\Http\\Request))
#9 C:\\Code\\TrustCash\\vendor\\laravel\\framework\\src\\Illuminate\\Routing\\Route.php(266): Illuminate\\Routing\\ControllerDispatcher->dispatch(Object(Illuminate\\Routing\\Route), Object(App\\Http\\Controllers\\Admin\\ProductStockReportController), 'downloadPdf')
#10 C:\\Code\\TrustCash\\vendor\\laravel\\framework\\src\\Illuminate\\Routing\\Route.php(212): Illuminate\\Routing\\Route->runController()
#11 C:\\Code\\TrustCash\\vendor\\laravel\\framework\\src\\Illuminate\\Routing\\Router.php(808): Illuminate\\Routing\\Route->run()
#12 C:\\Code\\TrustCash\\vendor\\laravel\\framework\\src\\Illuminate\\Pipeline\\Pipeline.php(170): Illuminate\\Routing\\Router->{closure:Illuminate\\Routing\\Router::runRouteWithinStack():807}(Object(Illuminate\\Http\\Request))
#13 C:\\Code\\TrustCash\\vendor\\laravel\\boost\\src\\Middleware\\InjectBoost.php(22): Illuminate\\Pipeline\\Pipeline->{closure:Illuminate\\Pipeline\\Pipeline::prepareDestination():168}(Object(Illuminate\\Http\\Request))
#14 C:\\Code\\TrustCash\\vendor\\laravel\\framework\\src\\Illuminate\\Pipeline\\Pipeline.php(209): Laravel\\Boost\\Middleware\\InjectBoost->handle(Object(Illuminate\\Http\\Request), Object(Closure))
#15 C:\\Code\\TrustCash\\vendor\\laravel\\framework\\src\\Illuminate\\Http\\Middleware\\AddLinkHeadersForPreloadedAssets.php(20): Illuminate\\Pipeline\\Pipeline->{closure:{closure:Illuminate\\Pipeline\\Pipeline::carry():184}:185}(Object(Illuminate\\Http\\Request))
#16 C:\\Code\\TrustCash\\vendor\\laravel\\framework\\src\\Illuminate\\Pipeline\\Pipeline.php(209): Illuminate\\Http\\Middleware\\AddLinkHeadersForPreloadedAssets->handle(Object(Illuminate\\Http\\Request), Object(Closure))
#17 C:\\Code\\TrustCash\\vendor\\inertiajs\\inertia-laravel\\src\\Middleware.php(86): Illuminate\\Pipeline\\Pipeline->{closure:{closure:Illuminate\\Pipeline\\Pipeline::carry():184}:185}(Object(Illuminate\\Http\\Request))
#18 C:\\Code\\TrustCash\\vendor\\laravel\\framework\\src\\Illuminate\\Pipeline\\Pipeline.php(209): Inertia\\Middleware->handle(Object(Illuminate\\Http\\Request), Object(Closure))
#19 C:\\Code\\TrustCash\\vendor\\laravel\\framework\\src\\Illuminate\\Routing\\Middleware\\SubstituteBindings.php(51): Illuminate\\Pipeline\\Pipeline->{closure:{closure:Illuminate\\Pipeline\\Pipeline::carry():184}:185}(Object(Illuminate\\Http\\Request))
#20 C:\\Code\\TrustCash\\vendor\\laravel\\framework\\src\\Illuminate\\Pipeline\\Pipeline.php(209): Illuminate\\Routing\\Middleware\\SubstituteBindings->handle(Object(Illuminate\\Http\\Request), Object(Closure))
#21 C:\\Code\\TrustCash\\vendor\\laravel\\framework\\src\\Illuminate\\Auth\\Middleware\\Authenticate.php(64): Illuminate\\Pipeline\\Pipeline->{closure:{closure:Illuminate\\Pipeline\\Pipeline::carry():184}:185}(Object(Illuminate\\Http\\Request))
#22 C:\\Code\\TrustCash\\vendor\\laravel\\framework\\src\\Illuminate\\Pipeline\\Pipeline.php(209): Illuminate\\Auth\\Middleware\\Authenticate->handle(Object(Illuminate\\Http\\Request), Object(Closure))
#23 C:\\Code\\TrustCash\\vendor\\laravel\\framework\\src\\Illuminate\\Foundation\\Http\\Middleware\\VerifyCsrfToken.php(88): Illuminate\\Pipeline\\Pipeline->{closure:{closure:Illuminate\\Pipeline\\Pipeline::carry():184}:185}(Object(Illuminate\\Http\\Request))
#24 C:\\Code\\TrustCash\\vendor\\laravel\\framework\\src\\Illuminate\\Pipeline\\Pipeline.php(209): Illuminate\\Foundation\\Http\\Middleware\\VerifyCsrfToken->handle(Object(Illuminate\\Http\\Request), Object(Closure))
#25 C:\\Code\\TrustCash\\vendor\\laravel\\framework\\src\\Illuminate\\View\\Middleware\\ShareErrorsFromSession.php(49): Illuminate\\Pipeline\\Pipeline->{closure:{closure:Illuminate\\Pipeline\\Pipeline::carry():184}:185}(Object(Illuminate\\Http\\Request))
#26 C:\\Code\\TrustCash\\vendor\\laravel\\framework\\src\\Illuminate\\Pipeline\\Pipeline.php(209): Illuminate\\View\\Middleware\\ShareErrorsFromSession->handle(Object(Illuminate\\Http\\Request), Object(Closure))
#27 C:\\Code\\TrustCash\\vendor\\laravel\\framework\\src\\Illuminate\\Session\\Middleware\\StartSession.php(121): Illuminate\\Pipeline\\Pipeline->{closure:{closure:Illuminate\\Pipeline\\Pipeline::carry():184}:185}(Object(Illuminate\\Http\\Request))
#28 C:\\Code\\TrustCash\\vendor\\laravel\\framework\\src\\Illuminate\\Session\\Middleware\\StartSession.php(64): Illuminate\\Session\\Middleware\\StartSession->handleStatefulRequest(Object(Illuminate\\Http\\Request), Object(Illuminate\\Session\\Store), Object(Closure))
#29 C:\\Code\\TrustCash\\vendor\\laravel\\framework\\src\\Illuminate\\Pipeline\\Pipeline.php(209): Illuminate\\Session\\Middleware\\StartSession->handle(Object(Illuminate\\Http\\Request), Object(Closure))
#30 C:\\Code\\TrustCash\\vendor\\laravel\\framework\\src\\Illuminate\\Cookie\\Middleware\\AddQueuedCookiesToResponse.php(37): Illuminate\\Pipeline\\Pipeline->{closure:{closure:Illuminate\\Pipeline\\Pipeline::carry():184}:185}(Object(Illuminate\\Http\\Request))
#31 C:\\Code\\TrustCash\\vendor\\laravel\\framework\\src\\Illuminate\\Pipeline\\Pipeline.php(209): Illuminate\\Cookie\\Middleware\\AddQueuedCookiesToResponse->handle(Object(Illuminate\\Http\\Request), Object(Closure))
#32 C:\\Code\\TrustCash\\vendor\\laravel\\framework\\src\\Illuminate\\Cookie\\Middleware\\EncryptCookies.php(75): Illuminate\\Pipeline\\Pipeline->{closure:{closure:Illuminate\\Pipeline\\Pipeline::carry():184}:185}(Object(Illuminate\\Http\\Request))
#33 C:\\Code\\TrustCash\\vendor\\laravel\\framework\\src\\Illuminate\\Pipeline\\Pipeline.php(209): Illuminate\\Cookie\\Middleware\\EncryptCookies->handle(Object(Illuminate\\Http\\Request), Object(Closure))
#34 C:\\Code\\TrustCash\\app\\Http\\Middleware\\InitializeTenancyIfTenantDomain.php(76): Illuminate\\Pipeline\\Pipeline->{closure:{closure:Illuminate\\Pipeline\\Pipeline::carry():184}:185}(Object(Illuminate\\Http\\Request))
#35 C:\\Code\\TrustCash\\vendor\\laravel\\framework\\src\\Illuminate\\Pipeline\\Pipeline.php(209): App\\Http\\Middleware\\InitializeTenancyIfTenantDomain->handle(Object(Illuminate\\Http\\Request), Object(Closure))
#36 C:\\Code\\TrustCash\\vendor\\laravel\\framework\\src\\Illuminate\\Pipeline\\Pipeline.php(127): Illuminate\\Pipeline\\Pipeline->{closure:{closure:Illuminate\\Pipeline\\Pipeline::carry():184}:185}(Object(Illuminate\\Http\\Request))
#37 C:\\Code\\TrustCash\\vendor\\laravel\\framework\\src\\Illuminate\\Routing\\Router.php(807): Illuminate\\Pipeline\\Pipeline->then(Object(Closure))
#38 C:\\Code\\TrustCash\\vendor\\laravel\\framework\\src\\Illuminate\\Routing\\Router.php(786): Illuminate\\Routing\\Router->runRouteWithinStack(Object(Illuminate\\Routing\\Route), Object(Illuminate\\Http\\Request))
#39 C:\\Code\\TrustCash\\vendor\\laravel\\framework\\src\\Illuminate\\Routing\\Router.php(750): Illuminate\\Routing\\Router->runRoute(Object(Illuminate\\Http\\Request), Object(Illuminate\\Routing\\Route))
#40 C:\\Code\\TrustCash\\vendor\\laravel\\framework\\src\\Illuminate\\Routing\\Router.php(739): Illuminate\\Routing\\Router->dispatchToRoute(Object(Illuminate\\Http\\Request))
#41 C:\\Code\\TrustCash\\vendor\\laravel\\framework\\src\\Illuminate\\Foundation\\Http\\Kernel.php(201): Illuminate\\Routing\\Router->dispatch(Object(Illuminate\\Http\\Request))
#42 C:\\Code\\TrustCash\\vendor\\laravel\\framework\\src\\Illuminate\\Pipeline\\Pipeline.php(170): Illuminate\\Foundation\\Http\\Kernel->{closure:Illuminate\\Foundation\\Http\\Kernel::dispatchToRouter():198}(Object(Illuminate\\Http\\Request))
#43 C:\\Code\\TrustCash\\vendor\\laravel\\framework\\src\\Illuminate\\Foundation\\Http\\Middleware\\TransformsRequest.php(21): Illuminate\\Pipeline\\Pipeline->{closure:Illuminate\\Pipeline\\Pipeline::prepareDestination():168}(Object(Illuminate\\Http\\Request))
#44 C:\\Code\\TrustCash\\vendor\\laravel\\framework\\src\\Illuminate\\Foundation\\Http\\Middleware\\ConvertEmptyStringsToNull.php(31): Illuminate\\Foundation\\Http\\Middleware\\TransformsRequest->handle(Object(Illuminate\\Http\\Request), Object(Closure))
#45 C:\\Code\\TrustCash\\vendor\\laravel\\framework\\src\\Illuminate\\Pipeline\\Pipeline.php(209): Illuminate\\Foundation\\Http\\Middleware\\ConvertEmptyStringsToNull->handle(Object(Illuminate\\Http\\Request), Object(Closure))
#46 C:\\Code\\TrustCash\\vendor\\laravel\\framework\\src\\Illuminate\\Foundation\\Http\\Middleware\\TransformsRequest.php(21): Illuminate\\Pipeline\\Pipeline->{closure:{closure:Illuminate\\Pipeline\\Pipeline::carry():184}:185}(Object(Illuminate\\Http\\Request))
#47 C:\\Code\\TrustCash\\vendor\\laravel\\framework\\src\\Illuminate\\Foundation\\Http\\Middleware\\TrimStrings.php(51): Illuminate\\Foundation\\Http\\Middleware\\TransformsRequest->handle(Object(Illuminate\\Http\\Request), Object(Closure))
#48 C:\\Code\\TrustCash\\vendor\\laravel\\framework\\src\\Illuminate\\Pipeline\\Pipeline.php(209): Illuminate\\Foundation\\Http\\Middleware\\TrimStrings->handle(Object(Illuminate\\Http\\Request), Object(Closure))
#49 C:\\Code\\TrustCash\\vendor\\laravel\\framework\\src\\Illuminate\\Http\\Middleware\\ValidatePostSize.php(27): Illuminate\\Pipeline\\Pipeline->{closure:{closure:Illuminate\\Pipeline\\Pipeline::carry():184}:185}(Object(Illuminate\\Http\\Request))
#50 C:\\Code\\TrustCash\\vendor\\laravel\\framework\\src\\Illuminate\\Pipeline\\Pipeline.php(209): Illuminate\\Http\\Middleware\\ValidatePostSize->handle(Object(Illuminate\\Http\\Request), Object(Closure))
#51 C:\\Code\\TrustCash\\vendor\\laravel\\framework\\src\\Illuminate\\Foundation\\Http\\Middleware\\PreventRequestsDuringMaintenance.php(110): Illuminate\\Pipeline\\Pipeline->{closure:{closure:Illuminate\\Pipeline\\Pipeline::carry():184}:185}(Object(Illuminate\\Http\\Request))
#52 C:\\Code\\TrustCash\\vendor\\laravel\\framework\\src\\Illuminate\\Pipeline\\Pipeline.php(209): Illuminate\\Foundation\\Http\\Middleware\\PreventRequestsDuringMaintenance->handle(Object(Illuminate\\Http\\Request), Object(Closure))
#53 C:\\Code\\TrustCash\\vendor\\laravel\\framework\\src\\Illuminate\\Http\\Middleware\\HandleCors.php(49): Illuminate\\Pipeline\\Pipeline->{closure:{closure:Illuminate\\Pipeline\\Pipeline::carry():184}:185}(Object(Illuminate\\Http\\Request))
#54 C:\\Code\\TrustCash\\vendor\\laravel\\framework\\src\\Illuminate\\Pipeline\\Pipeline.php(209): Illuminate\\Http\\Middleware\\HandleCors->handle(Object(Illuminate\\Http\\Request), Object(Closure))
#55 C:\\Code\\TrustCash\\vendor\\laravel\\framework\\src\\Illuminate\\Http\\Middleware\\TrustProxies.php(58): Illuminate\\Pipeline\\Pipeline->{closure:{closure:Illuminate\\Pipeline\\Pipeline::carry():184}:185}(Object(Illuminate\\Http\\Request))
#56 C:\\Code\\TrustCash\\vendor\\laravel\\framework\\src\\Illuminate\\Pipeline\\Pipeline.php(209): Illuminate\\Http\\Middleware\\TrustProxies->handle(Object(Illuminate\\Http\\Request), Object(Closure))
#57 C:\\Code\\TrustCash\\vendor\\laravel\\framework\\src\\Illuminate\\Foundation\\Http\\Middleware\\InvokeDeferredCallbacks.php(22): Illuminate\\Pipeline\\Pipeline->{closure:{closure:Illuminate\\Pipeline\\Pipeline::carry():184}:185}(Object(Illuminate\\Http\\Request))
#58 C:\\Code\\TrustCash\\vendor\\laravel\\framework\\src\\Illuminate\\Pipeline\\Pipeline.php(209): Illuminate\\Foundation\\Http\\Middleware\\InvokeDeferredCallbacks->handle(Object(Illuminate\\Http\\Request), Object(Closure))
#59 C:\\Code\\TrustCash\\vendor\\laravel\\framework\\src\\Illuminate\\Pipeline\\Pipeline.php(127): Illuminate\\Pipeline\\Pipeline->{closure:{closure:Illuminate\\Pipeline\\Pipeline::carry():184}:185}(Object(Illuminate\\Http\\Request))
#60 C:\\Code\\TrustCash\\vendor\\laravel\\framework\\src\\Illuminate\\Foundation\\Http\\Kernel.php(176): Illuminate\\Pipeline\\Pipeline->then(Object(Closure))
#61 C:\\Code\\TrustCash\\vendor\\laravel\\framework\\src\\Illuminate\\Foundation\\Http\\Kernel.php(145): Illuminate\\Foundation\\Http\\Kernel->sendRequestThroughRouter(Object(Illuminate\\Http\\Request))
#62 C:\\Code\\TrustCash\\vendor\\laravel\\framework\\src\\Illuminate\\Foundation\\Application.php(1220): Illuminate\\Foundation\\Http\\Kernel->handle(Object(Illuminate\\Http\\Request))
#63 C:\\Code\\TrustCash\\public\\index.php(17): Illuminate\\Foundation\\Application->handleRequest(Object(Illuminate\\Http\\Request))
#64 C:\\Code\\TrustCash\\vendor\\laravel\\framework\\src\\Illuminate\\Foundation\\resources\\server.php(23): require_once('C:\\\\Code\\\\TrustCa...')
#65 {main}

[previous exception] [object] (ErrorException(code: 0): Undefined array key \"product\" at C:\\Code\\TrustCash\\vendor\\laravel\\framework\\src\\Illuminate\\Collections\\Collection.php:1894)
[stacktrace]
#0 C:\\Code\\TrustCash\\vendor\\laravel\\framework\\src\\Illuminate\\Foundation\\Bootstrap\\HandleExceptions.php(256): Illuminate\\Foundation\\Bootstrap\\HandleExceptions->handleError(2, 'Undefined array...', 'C:\\\\Code\\\\TrustCa...', 1894)
#1 C:\\Code\\TrustCash\\vendor\\laravel\\framework\\src\\Illuminate\\Collections\\Collection.php(1894): Illuminate\\Foundation\\Bootstrap\\HandleExceptions->{closure:Illuminate\\Foundation\\Bootstrap\\HandleExceptions::forwardsTo():255}(2, 'Undefined array...', 'C:\\\\Code\\\\TrustCa...', 1894)
#2 C:\\Code\\TrustCash\\storage\\framework\\views\\0180c7e4a4ba67cef13f866f5cfbaa35.php(233): Illuminate\\Support\\Collection->offsetGet('product')
#3 C:\\Code\\TrustCash\\vendor\\laravel\\framework\\src\\Illuminate\\Filesystem\\Filesystem.php(123): require('C:\\\\Code\\\\TrustCa...')
#4 C:\\Code\\TrustCash\\vendor\\laravel\\framework\\src\\Illuminate\\Filesystem\\Filesystem.php(124): Illuminate\\Filesystem\\Filesystem::{closure:Illuminate\\Filesystem\\Filesystem::getRequire():120}()
#5 C:\\Code\\TrustCash\\vendor\\laravel\\framework\\src\\Illuminate\\View\\Engines\\PhpEngine.php(58): Illuminate\\Filesystem\\Filesystem->getRequire('C:\\\\Code\\\\TrustCa...', Array)
#6 C:\\Code\\TrustCash\\vendor\\laravel\\framework\\src\\Illuminate\\View\\Engines\\CompilerEngine.php(75): Illuminate\\View\\Engines\\PhpEngine->evaluatePath('C:\\\\Code\\\\TrustCa...', Array)
#7 C:\\Code\\TrustCash\\vendor\\laravel\\framework\\src\\Illuminate\\View\\View.php(209): Illuminate\\View\\Engines\\CompilerEngine->get('C:\\\\Code\\\\TrustCa...', Array)
#8 C:\\Code\\TrustCash\\vendor\\laravel\\framework\\src\\Illuminate\\View\\View.php(192): Illuminate\\View\\View->getContents()
#9 C:\\Code\\TrustCash\\vendor\\laravel\\framework\\src\\Illuminate\\View\\View.php(161): Illuminate\\View\\View->renderContents()
#10 C:\\Code\\TrustCash\\vendor\\barryvdh\\laravel-dompdf\\src\\PDF.php(142): Illuminate\\View\\View->render()
#11 C:\\Code\\TrustCash\\vendor\\barryvdh\\laravel-dompdf\\src\\Facade\\Pdf.php(66): Barryvdh\\DomPDF\\PDF->loadView('reports.stock-r...', Array)
#12 C:\\Code\\TrustCash\\app\\Http\\Controllers\\Admin\\ProductStockReportController.php(333): Barryvdh\\DomPDF\\Facade\\Pdf::__callStatic('loadView', Array)
#13 C:\\Code\\TrustCash\\vendor\\laravel\\framework\\src\\Illuminate\\Routing\\ControllerDispatcher.php(47): App\\Http\\Controllers\\Admin\\ProductStockReportController->downloadPdf(Object(Illuminate\\Http\\Request))
#14 C:\\Code\\TrustCash\\vendor\\laravel\\framework\\src\\Illuminate\\Routing\\Route.php(266): Illuminate\\Routing\\ControllerDispatcher->dispatch(Object(Illuminate\\Routing\\Route), Object(App\\Http\\Controllers\\Admin\\ProductStockReportController), 'downloadPdf')
#15 C:\\Code\\TrustCash\\vendor\\laravel\\framework\\src\\Illuminate\\Routing\\Route.php(212): Illuminate\\Routing\\Route->runController()
#16 C:\\Code\\TrustCash\\vendor\\laravel\\framework\\src\\Illuminate\\Routing\\Router.php(808): Illuminate\\Routing\\Route->run()
#17 C:\\Code\\TrustCash\\vendor\\laravel\\framework\\src\\Illuminate\\Pipeline\\Pipeline.php(170): Illuminate\\Routing\\Router->{closure:Illuminate\\Routing\\Router::runRouteWithinStack():807}(Object(Illuminate\\Http\\Request))
#18 C:\\Code\\TrustCash\\vendor\\laravel\\boost\\src\\Middleware\\InjectBoost.php(22): Illuminate\\Pipeline\\Pipeline->{closure:Illuminate\\Pipeline\\Pipeline::prepareDestination():168}(Object(Illuminate\\Http\\Request))
#19 C:\\Code\\TrustCash\\vendor\\laravel\\framework\\src\\Illuminate\\Pipeline\\Pipeline.php(209): Laravel\\Boost\\Middleware\\InjectBoost->handle(Object(Illuminate\\Http\\Request), Object(Closure))
#20 C:\\Code\\TrustCash\\vendor\\laravel\\framework\\src\\Illuminate\\Http\\Middleware\\AddLinkHeadersForPreloadedAssets.php(20): Illuminate\\Pipeline\\Pipeline->{closure:{closure:Illuminate\\Pipeline\\Pipeline::carry():184}:185}(Object(Illuminate\\Http\\Request))
#21 C:\\Code\\TrustCash\\vendor\\laravel\\framework\\src\\Illuminate\\Pipeline\\Pipeline.php(209): Illuminate\\Http\\Middleware\\AddLinkHeadersForPreloadedAssets->handle(Object(Illuminate\\Http\\Request), Object(Closure))
#22 C:\\Code\\TrustCash\\vendor\\inertiajs\\inertia-laravel\\src\\Middleware.php(86): Illuminate\\Pipeline\\Pipeline->{closure:{closure:Illuminate\\Pipeline\\Pipeline::carry():184}:185}(Object(Illuminate\\Http\\Request))
#23 C:\\Code\\TrustCash\\vendor\\laravel\\framework\\src\\Illuminate\\Pipeline\\Pipeline.php(209): Inertia\\Middleware->handle(Object(Illuminate\\Http\\Request), Object(Closure))
#24 C:\\Code\\TrustCash\\vendor\\laravel\\framework\\src\\Illuminate\\Routing\\Middleware\\SubstituteBindings.php(51): Illuminate\\Pipeline\\Pipeline->{closure:{closure:Illuminate\\Pipeline\\Pipeline::carry():184}:185}(Object(Illuminate\\Http\\Request))
#25 C:\\Code\\TrustCash\\vendor\\laravel\\framework\\src\\Illuminate\\Pipeline\\Pipeline.php(209): Illuminate\\Routing\\Middleware\\SubstituteBindings->handle(Object(Illuminate\\Http\\Request), Object(Closure))
#26 C:\\Code\\TrustCash\\vendor\\laravel\\framework\\src\\Illuminate\\Auth\\Middleware\\Authenticate.php(64): Illuminate\\Pipeline\\Pipeline->{closure:{closure:Illuminate\\Pipeline\\Pipeline::carry():184}:185}(Object(Illuminate\\Http\\Request))
#27 C:\\Code\\TrustCash\\vendor\\laravel\\framework\\src\\Illuminate\\Pipeline\\Pipeline.php(209): Illuminate\\Auth\\Middleware\\Authenticate->handle(Object(Illuminate\\Http\\Request), Object(Closure))
#28 C:\\Code\\TrustCash\\vendor\\laravel\\framework\\src\\Illuminate\\Foundation\\Http\\Middleware\\VerifyCsrfToken.php(88): Illuminate\\Pipeline\\Pipeline->{closure:{closure:Illuminate\\Pipeline\\Pipeline::carry():184}:185}(Object(Illuminate\\Http\\Request))
#29 C:\\Code\\TrustCash\\vendor\\laravel\\framework\\src\\Illuminate\\Pipeline\\Pipeline.php(209): Illuminate\\Foundation\\Http\\Middleware\\VerifyCsrfToken->handle(Object(Illuminate\\Http\\Request), Object(Closure))
#30 C:\\Code\\TrustCash\\vendor\\laravel\\framework\\src\\Illuminate\\View\\Middleware\\ShareErrorsFromSession.php(49): Illuminate\\Pipeline\\Pipeline->{closure:{closure:Illuminate\\Pipeline\\Pipeline::carry():184}:185}(Object(Illuminate\\Http\\Request))
#31 C:\\Code\\TrustCash\\vendor\\laravel\\framework\\src\\Illuminate\\Pipeline\\Pipeline.php(209): Illuminate\\View\\Middleware\\ShareErrorsFromSession->handle(Object(Illuminate\\Http\\Request), Object(Closure))
#32 C:\\Code\\TrustCash\\vendor\\laravel\\framework\\src\\Illuminate\\Session\\Middleware\\StartSession.php(121): Illuminate\\Pipeline\\Pipeline->{closure:{closure:Illuminate\\Pipeline\\Pipeline::carry():184}:185}(Object(Illuminate\\Http\\Request))
#33 C:\\Code\\TrustCash\\vendor\\laravel\\framework\\src\\Illuminate\\Session\\Middleware\\StartSession.php(64): Illuminate\\Session\\Middleware\\StartSession->handleStatefulRequest(Object(Illuminate\\Http\\Request), Object(Illuminate\\Session\\Store), Object(Closure))
#34 C:\\Code\\TrustCash\\vendor\\laravel\\framework\\src\\Illuminate\\Pipeline\\Pipeline.php(209): Illuminate\\Session\\Middleware\\StartSession->handle(Object(Illuminate\\Http\\Request), Object(Closure))
#35 C:\\Code\\TrustCash\\vendor\\laravel\\framework\\src\\Illuminate\\Cookie\\Middleware\\AddQueuedCookiesToResponse.php(37): Illuminate\\Pipeline\\Pipeline->{closure:{closure:Illuminate\\Pipeline\\Pipeline::carry():184}:185}(Object(Illuminate\\Http\\Request))
#36 C:\\Code\\TrustCash\\vendor\\laravel\\framework\\src\\Illuminate\\Pipeline\\Pipeline.php(209): Illuminate\\Cookie\\Middleware\\AddQueuedCookiesToResponse->handle(Object(Illuminate\\Http\\Request), Object(Closure))
#37 C:\\Code\\TrustCash\\vendor\\laravel\\framework\\src\\Illuminate\\Cookie\\Middleware\\EncryptCookies.php(75): Illuminate\\Pipeline\\Pipeline->{closure:{closure:Illuminate\\Pipeline\\Pipeline::carry():184}:185}(Object(Illuminate\\Http\\Request))
#38 C:\\Code\\TrustCash\\vendor\\laravel\\framework\\src\\Illuminate\\Pipeline\\Pipeline.php(209): Illuminate\\Cookie\\Middleware\\EncryptCookies->handle(Object(Illuminate\\Http\\Request), Object(Closure))
#39 C:\\Code\\TrustCash\\app\\Http\\Middleware\\InitializeTenancyIfTenantDomain.php(76): Illuminate\\Pipeline\\Pipeline->{closure:{closure:Illuminate\\Pipeline\\Pipeline::carry():184}:185}(Object(Illuminate\\Http\\Request))
#40 C:\\Code\\TrustCash\\vendor\\laravel\\framework\\src\\Illuminate\\Pipeline\\Pipeline.php(209): App\\Http\\Middleware\\InitializeTenancyIfTenantDomain->handle(Object(Illuminate\\Http\\Request), Object(Closure))
#41 C:\\Code\\TrustCash\\vendor\\laravel\\framework\\src\\Illuminate\\Pipeline\\Pipeline.php(127): Illuminate\\Pipeline\\Pipeline->{closure:{closure:Illuminate\\Pipeline\\Pipeline::carry():184}:185}(Object(Illuminate\\Http\\Request))
#42 C:\\Code\\TrustCash\\vendor\\laravel\\framework\\src\\Illuminate\\Routing\\Router.php(807): Illuminate\\Pipeline\\Pipeline->then(Object(Closure))
#43 C:\\Code\\TrustCash\\vendor\\laravel\\framework\\src\\Illuminate\\Routing\\Router.php(786): Illuminate\\Routing\\Router->runRouteWithinStack(Object(Illuminate\\Routing\\Route), Object(Illuminate\\Http\\Request))
#44 C:\\Code\\TrustCash\\vendor\\laravel\\framework\\src\\Illuminate\\Routing\\Router.php(750): Illuminate\\Routing\\Router->runRoute(Object(Illuminate\\Http\\Request), Object(Illuminate\\Routing\\Route))
#45 C:\\Code\\TrustCash\\vendor\\laravel\\framework\\src\\Illuminate\\Routing\\Router.php(739): Illuminate\\Routing\\Router->dispatchToRoute(Object(Illuminate\\Http\\Request))
#46 C:\\Code\\TrustCash\\vendor\\laravel\\framework\\src\\Illuminate\\Foundation\\Http\\Kernel.php(201): Illuminate\\Routing\\Router->dispatch(Object(Illuminate\\Http\\Request))
#47 C:\\Code\\TrustCash\\vendor\\laravel\\framework\\src\\Illuminate\\Pipeline\\Pipeline.php(170): Illuminate\\Foundation\\Http\\Kernel->{closure:Illuminate\\Foundation\\Http\\Kernel::dispatchToRouter():198}(Object(Illuminate\\Http\\Request))
#48 C:\\Code\\TrustCash\\vendor\\laravel\\framework\\src\\Illuminate\\Foundation\\Http\\Middleware\\TransformsRequest.php(21): Illuminate\\Pipeline\\Pipeline->{closure:Illuminate\\Pipeline\\Pipeline::prepareDestination():168}(Object(Illuminate\\Http\\Request))
#49 C:\\Code\\TrustCash\\vendor\\laravel\\framework\\src\\Illuminate\\Foundation\\Http\\Middleware\\ConvertEmptyStringsToNull.php(31): Illuminate\\Foundation\\Http\\Middleware\\TransformsRequest->handle(Object(Illuminate\\Http\\Request), Object(Closure))
#50 C:\\Code\\TrustCash\\vendor\\laravel\\framework\\src\\Illuminate\\Pipeline\\Pipeline.php(209): Illuminate\\Foundation\\Http\\Middleware\\ConvertEmptyStringsToNull->handle(Object(Illuminate\\Http\\Request), Object(Closure))
#51 C:\\Code\\TrustCash\\vendor\\laravel\\framework\\src\\Illuminate\\Foundation\\Http\\Middleware\\TransformsRequest.php(21): Illuminate\\Pipeline\\Pipeline->{closure:{closure:Illuminate\\Pipeline\\Pipeline::carry():184}:185}(Object(Illuminate\\Http\\Request))
#52 C:\\Code\\TrustCash\\vendor\\laravel\\framework\\src\\Illuminate\\Foundation\\Http\\Middleware\\TrimStrings.php(51): Illuminate\\Foundation\\Http\\Middleware\\TransformsRequest->handle(Object(Illuminate\\Http\\Request), Object(Closure))
#53 C:\\Code\\TrustCash\\vendor\\laravel\\framework\\src\\Illuminate\\Pipeline\\Pipeline.php(209): Illuminate\\Foundation\\Http\\Middleware\\TrimStrings->handle(Object(Illuminate\\Http\\Request), Object(Closure))
#54 C:\\Code\\TrustCash\\vendor\\laravel\\framework\\src\\Illuminate\\Http\\Middleware\\ValidatePostSize.php(27): Illuminate\\Pipeline\\Pipeline->{closure:{closure:Illuminate\\Pipeline\\Pipeline::carry():184}:185}(Object(Illuminate\\Http\\Request))
#55 C:\\Code\\TrustCash\\vendor\\laravel\\framework\\src\\Illuminate\\Pipeline\\Pipeline.php(209): Illuminate\\Http\\Middleware\\ValidatePostSize->handle(Object(Illuminate\\Http\\Request), Object(Closure))
#56 C:\\Code\\TrustCash\\vendor\\laravel\\framework\\src\\Illuminate\\Foundation\\Http\\Middleware\\PreventRequestsDuringMaintenance.php(110): Illuminate\\Pipeline\\Pipeline->{closure:{closure:Illuminate\\Pipeline\\Pipeline::carry():184}:185}(Object(Illuminate\\Http\\Request))
#57 C:\\Code\\TrustCash\\vendor\\laravel\\framework\\src\\Illuminate\\Pipeline\\Pipeline.php(209): Illuminate\\Foundation\\Http\\Middleware\\PreventRequestsDuringMaintenance->handle(Object(Illuminate\\Http\\Request), Object(Closure))
#58 C:\\Code\\TrustCash\\vendor\\laravel\\framework\\src\\Illuminate\\Http\\Middleware\\HandleCors.php(49): Illuminate\\Pipeline\\Pipeline->{closure:{closure:Illuminate\\Pipeline\\Pipeline::carry():184}:185}(Object(Illuminate\\Http\\Request))
#59 C:\\Code\\TrustCash\\vendor\\laravel\\framework\\src\\Illuminate\\Pipeline\\Pipeline.php(209): Illuminate\\Http\\Middleware\\HandleCors->handle(Object(Illuminate\\Http\\Request), Object(Closure))
#60 C:\\Code\\TrustCash\\vendor\\laravel\\framework\\src\\Illuminate\\Http\\Middleware\\TrustProxies.php(58): Illuminate\\Pipeline\\Pipeline->{closure:{closure:Illuminate\\Pipeline\\Pipeline::carry():184}:185}(Object(Illuminate\\Http\\Request))
#61 C:\\Code\\TrustCash\\vendor\\laravel\\framework\\src\\Illuminate\\Pipeline\\Pipeline.php(209): Illuminate\\Http\\Middleware\\TrustProxies->handle(Object(Illuminate\\Http\\Request), Object(Closure))
#62 C:\\Code\\TrustCash\\vendor\\laravel\\framework\\src\\Illuminate\\Foundation\\Http\\Middleware\\InvokeDeferredCallbacks.php(22): Illuminate\\Pipeline\\Pipeline->{closure:{closure:Illuminate\\Pipeline\\Pipeline::carry():184}:185}(Object(Illuminate\\Http\\Request))
#63 C:\\Code\\TrustCash\\vendor\\laravel\\framework\\src\\Illuminate\\Pipeline\\Pipeline.php(209): Illuminate\\Foundation\\Http\\Middleware\\InvokeDeferredCallbacks->handle(Object(Illuminate\\Http\\Request), Object(Closure))
#64 C:\\Code\\TrustCash\\vendor\\laravel\\framework\\src\\Illuminate\\Pipeline\\Pipeline.php(127): Illuminate\\Pipeline\\Pipeline->{closure:{closure:Illuminate\\Pipeline\\Pipeline::carry():184}:185}(Object(Illuminate\\Http\\Request))
#65 C:\\Code\\TrustCash\\vendor\\laravel\\framework\\src\\Illuminate\\Foundation\\Http\\Kernel.php(176): Illuminate\\Pipeline\\Pipeline->then(Object(Closure))
#66 C:\\Code\\TrustCash\\vendor\\laravel\\framework\\src\\Illuminate\\Foundation\\Http\\Kernel.php(145): Illuminate\\Foundation\\Http\\Kernel->sendRequestThroughRouter(Object(Illuminate\\Http\\Request))
#67 C:\\Code\\TrustCash\\vendor\\laravel\\framework\\src\\Illuminate\\Foundation\\Application.php(1220): Illuminate\\Foundation\\Http\\Kernel->handle(Object(Illuminate\\Http\\Request))
#68 C:\\Code\\TrustCash\\public\\index.php(17): Illuminate\\Foundation\\Application->handleRequest(Object(Illuminate\\Http\\Request))
#69 C:\\Code\\TrustCash\\vendor\\laravel\\framework\\src\\Illuminate\\Foundation\\resources\\server.php(23): require_once('C:\\\\Code\\\\TrustCa...')
#70 {main}
"} 
[2026-09-27 12:20:24] local.INFO: Daily Transactions:  
[2026-09-27 12:20:24] local.INFO: Extra Incomes:  
[2026-09-27 12:20:29] local.INFO: Date Range {"start_date":"2026-09-01","end_date":"2026-09-30"} 
[2026-09-27 12:20:47] local.INFO: Daily Transactions:  
[2026-09-27 12:20:47] local.INFO: Extra Incomes:  
[2026-09-27 12:22:52] local.INFO: Daily Transactions:  
[2026-09-27 12:22:52] local.INFO: Extra Incomes:  
[2026-09-27 12:22:54] local.INFO: Daily Transactions:  
[2026-09-27 12:22:54] local.INFO: Extra Incomes:  
[2026-09-27 12:22:55] local.INFO: Daily Transactions:  
[2026-09-27 12:22:55] local.INFO: Extra Incomes:  
[2026-09-27 12:23:55] local.INFO: Daily Transactions:  
[2026-09-27 12:23:55] local.INFO: Extra Incomes:  
[2026-09-27 12:25:11] local.INFO: Daily Transactions:  
[2026-09-27 12:25:11] local.INFO: Extra Incomes:  
[2026-09-27 12:29:06] local.ERROR: SQLSTATE[42S02]: Base table or view not found: 1146 Table 'tenantmousumi.sale_payments' doesn't exist (Connection: tenant, SQL: select * from `sales` where exists (select * from `sale_payments` where `sales`.`id` = `sale_payments`.`sale_id` and `bank_account_id` = 1 and `sale_payments`.`deleted_at` is null) and `created_at` between 2026-09-01 00:00:00 and 2026-09-30 23:59:59 and `sales`.`deleted_at` is null) {"userId":1,"exception":"[object] (Illuminate\\Database\\QueryException(code: 42S02): SQLSTATE[42S02]: Base table or view not found: 1146 Table 'tenantmousumi.sale_payments' doesn't exist (Connection: tenant, SQL: select * from `sales` where exists (select * from `sale_payments` where `sales`.`id` = `sale_payments`.`sale_id` and `bank_account_id` = 1 and `sale_payments`.`deleted_at` is null) and `created_at` between 2026-09-01 00:00:00 and 2026-09-30 23:59:59 and `sales`.`deleted_at` is null) at C:\\Code\\TrustCash\\vendor\\laravel\\framework\\src\\Illuminate\\Database\\Connection.php:825)
[stacktrace]
#0 C:\\Code\\TrustCash\\vendor\\laravel\\framework\\src\\Illuminate\\Database\\Connection.php(779): Illuminate\\Database\\Connection->runQueryCallback('select * from `...', Array, Object(Closure))
#1 C:\\Code\\TrustCash\\vendor\\laravel\\framework\\src\\Illuminate\\Database\\Connection.php(398): Illuminate\\Database\\Connection->run('select * from `...', Array, Object(Closure))
#2 C:\\Code\\TrustCash\\vendor\\laravel\\framework\\src\\Illuminate\\Database\\Query\\Builder.php(3106): Illuminate\\Database\\Connection->select('select * from `...', Array, true)
#3 C:\\Code\\TrustCash\\vendor\\laravel\\framework\\src\\Illuminate\\Database\\Query\\Builder.php(3091): Illuminate\\Database\\Query\\Builder->runSelect()
#4 C:\\Code\\TrustCash\\vendor\\laravel\\framework\\src\\Illuminate\\Database\\Query\\Builder.php(3676): Illuminate\\Database\\Query\\Builder->{closure:Illuminate\\Database\\Query\\Builder::get():3090}()
#5 C:\\Code\\TrustCash\\vendor\\laravel\\framework\\src\\Illuminate\\Database\\Query\\Builder.php(3090): Illuminate\\Database\\Query\\Builder->onceWithColumns(Array, Object(Closure))
#6 C:\\Code\\TrustCash\\vendor\\laravel\\framework\\src\\Illuminate\\Database\\Eloquent\\Builder.php(811): Illuminate\\Database\\Query\\Builder->get(Array)
#7 C:\\Code\\TrustCash\\vendor\\laravel\\framework\\src\\Illuminate\\Database\\Eloquent\\Builder.php(793): Illuminate\\Database\\Eloquent\\Builder->getModels(Array)
#8 C:\\Code\\TrustCash\\app\\Http\\Controllers\\Admin\\SaleReportController.php(45): Illuminate\\Database\\Eloquent\\Builder->get()
#9 C:\\Code\\TrustCash\\vendor\\laravel\\framework\\src\\Illuminate\\Routing\\ControllerDispatcher.php(47): App\\Http\\Controllers\\Admin\\SaleReportController->index(Object(Illuminate\\Http\\Request))
#10 C:\\Code\\TrustCash\\vendor\\laravel\\framework\\src\\Illuminate\\Routing\\Route.php(266): Illuminate\\Routing\\ControllerDispatcher->dispatch(Object(Illuminate\\Routing\\Route), Object(App\\Http\\Controllers\\Admin\\SaleReportController), 'index')
#11 C:\\Code\\TrustCash\\vendor\\laravel\\framework\\src\\Illuminate\\Routing\\Route.php(212): Illuminate\\Routing\\Route->runController()
#12 C:\\Code\\TrustCash\\vendor\\laravel\\framework\\src\\Illuminate\\Routing\\Router.php(808): Illuminate\\Routing\\Route->run()
#13 C:\\Code\\TrustCash\\vendor\\laravel\\framework\\src\\Illuminate\\Pipeline\\Pipeline.php(170): Illuminate\\Routing\\Router->{closure:Illuminate\\Routing\\Router::runRouteWithinStack():807}(Object(Illuminate\\Http\\Request))
#14 C:\\Code\\TrustCash\\vendor\\laravel\\boost\\src\\Middleware\\InjectBoost.php(22): Illuminate\\Pipeline\\Pipeline->{closure:Illuminate\\Pipeline\\Pipeline::prepareDestination():168}(Object(Illuminate\\Http\\Request))
#15 C:\\Code\\TrustCash\\vendor\\laravel\\framework\\src\\Illuminate\\Pipeline\\Pipeline.php(209): Laravel\\Boost\\Middleware\\InjectBoost->handle(Object(Illuminate\\Http\\Request), Object(Closure))
#16 C:\\Code\\TrustCash\\vendor\\laravel\\framework\\src\\Illuminate\\Http\\Middleware\\AddLinkHeadersForPreloadedAssets.php(20): Illuminate\\Pipeline\\Pipeline->{closure:{closure:Illuminate\\Pipeline\\Pipeline::carry():184}:185}(Object(Illuminate\\Http\\Request))
#17 C:\\Code\\TrustCash\\vendor\\laravel\\framework\\src\\Illuminate\\Pipeline\\Pipeline.php(209): Illuminate\\Http\\Middleware\\AddLinkHeadersForPreloadedAssets->handle(Object(Illuminate\\Http\\Request), Object(Closure))
#18 C:\\Code\\TrustCash\\vendor\\inertiajs\\inertia-laravel\\src\\Middleware.php(86): Illuminate\\Pipeline\\Pipeline->{closure:{closure:Illuminate\\Pipeline\\Pipeline::carry():184}:185}(Object(Illuminate\\Http\\Request))
#19 C:\\Code\\TrustCash\\vendor\\laravel\\framework\\src\\Illuminate\\Pipeline\\Pipeline.php(209): Inertia\\Middleware->handle(Object(Illuminate\\Http\\Request), Object(Closure))
#20 C:\\Code\\TrustCash\\vendor\\laravel\\framework\\src\\Illuminate\\Routing\\Middleware\\SubstituteBindings.php(51): Illuminate\\Pipeline\\Pipeline->{closure:{closure:Illuminate\\Pipeline\\Pipeline::carry():184}:185}(Object(Illuminate\\Http\\Request))
#21 C:\\Code\\TrustCash\\vendor\\laravel\\framework\\src\\Illuminate\\Pipeline\\Pipeline.php(209): Illuminate\\Routing\\Middleware\\SubstituteBindings->handle(Object(Illuminate\\Http\\Request), Object(Closure))
#22 C:\\Code\\TrustCash\\vendor\\laravel\\framework\\src\\Illuminate\\Auth\\Middleware\\Authenticate.php(64): Illuminate\\Pipeline\\Pipeline->{closure:{closure:Illuminate\\Pipeline\\Pipeline::carry():184}:185}(Object(Illuminate\\Http\\Request))
#23 C:\\Code\\TrustCash\\vendor\\laravel\\framework\\src\\Illuminate\\Pipeline\\Pipeline.php(209): Illuminate\\Auth\\Middleware\\Authenticate->handle(Object(Illuminate\\Http\\Request), Object(Closure))
#24 C:\\Code\\TrustCash\\vendor\\laravel\\framework\\src\\Illuminate\\Foundation\\Http\\Middleware\\VerifyCsrfToken.php(88): Illuminate\\Pipeline\\Pipeline->{closure:{closure:Illuminate\\Pipeline\\Pipeline::carry():184}:185}(Object(Illuminate\\Http\\Request))
#25 C:\\Code\\TrustCash\\vendor\\laravel\\framework\\src\\Illuminate\\Pipeline\\Pipeline.php(209): Illuminate\\Foundation\\Http\\Middleware\\VerifyCsrfToken->handle(Object(Illuminate\\Http\\Request), Object(Closure))
#26 C:\\Code\\TrustCash\\vendor\\laravel\\framework\\src\\Illuminate\\View\\Middleware\\ShareErrorsFromSession.php(49): Illuminate\\Pipeline\\Pipeline->{closure:{closure:Illuminate\\Pipeline\\Pipeline::carry():184}:185}(Object(Illuminate\\Http\\Request))
#27 C:\\Code\\TrustCash\\vendor\\laravel\\framework\\src\\Illuminate\\Pipeline\\Pipeline.php(209): Illuminate\\View\\Middleware\\ShareErrorsFromSession->handle(Object(Illuminate\\Http\\Request), Object(Closure))
#28 C:\\Code\\TrustCash\\vendor\\laravel\\framework\\src\\Illuminate\\Session\\Middleware\\StartSession.php(121): Illuminate\\Pipeline\\Pipeline->{closure:{closure:Illuminate\\Pipeline\\Pipeline::carry():184}:185}(Object(Illuminate\\Http\\Request))
#29 C:\\Code\\TrustCash\\vendor\\laravel\\framework\\src\\Illuminate\\Session\\Middleware\\StartSession.php(64): Illuminate\\Session\\Middleware\\StartSession->handleStatefulRequest(Object(Illuminate\\Http\\Request), Object(Illuminate\\Session\\Store), Object(Closure))
#30 C:\\Code\\TrustCash\\vendor\\laravel\\framework\\src\\Illuminate\\Pipeline\\Pipeline.php(209): Illuminate\\Session\\Middleware\\StartSession->handle(Object(Illuminate\\Http\\Request), Object(Closure))
#31 C:\\Code\\TrustCash\\vendor\\laravel\\framework\\src\\Illuminate\\Cookie\\Middleware\\AddQueuedCookiesToResponse.php(37): Illuminate\\Pipeline\\Pipeline->{closure:{closure:Illuminate\\Pipeline\\Pipeline::carry():184}:185}(Object(Illuminate\\Http\\Request))
#32 C:\\Code\\TrustCash\\vendor\\laravel\\framework\\src\\Illuminate\\Pipeline\\Pipeline.php(209): Illuminate\\Cookie\\Middleware\\AddQueuedCookiesToResponse->handle(Object(Illuminate\\Http\\Request), Object(Closure))
#33 C:\\Code\\TrustCash\\vendor\\laravel\\framework\\src\\Illuminate\\Cookie\\Middleware\\EncryptCookies.php(75): Illuminate\\Pipeline\\Pipeline->{closure:{closure:Illuminate\\Pipeline\\Pipeline::carry():184}:185}(Object(Illuminate\\Http\\Request))
#34 C:\\Code\\TrustCash\\vendor\\laravel\\framework\\src\\Illuminate\\Pipeline\\Pipeline.php(209): Illuminate\\Cookie\\Middleware\\EncryptCookies->handle(Object(Illuminate\\Http\\Request), Object(Closure))
#35 C:\\Code\\TrustCash\\app\\Http\\Middleware\\InitializeTenancyIfTenantDomain.php(76): Illuminate\\Pipeline\\Pipeline->{closure:{closure:Illuminate\\Pipeline\\Pipeline::carry():184}:185}(Object(Illuminate\\Http\\Request))
#36 C:\\Code\\TrustCash\\vendor\\laravel\\framework\\src\\Illuminate\\Pipeline\\Pipeline.php(209): App\\Http\\Middleware\\InitializeTenancyIfTenantDomain->handle(Object(Illuminate\\Http\\Request), Object(Closure))
#37 C:\\Code\\TrustCash\\vendor\\laravel\\framework\\src\\Illuminate\\Pipeline\\Pipeline.php(127): Illuminate\\Pipeline\\Pipeline->{closure:{closure:Illuminate\\Pipeline\\Pipeline::carry():184}:185}(Object(Illuminate\\Http\\Request))
#38 C:\\Code\\TrustCash\\vendor\\laravel\\framework\\src\\Illuminate\\Routing\\Router.php(807): Illuminate\\Pipeline\\Pipeline->then(Object(Closure))
#39 C:\\Code\\TrustCash\\vendor\\laravel\\framework\\src\\Illuminate\\Routing\\Router.php(786): Illuminate\\Routing\\Router->runRouteWithinStack(Object(Illuminate\\Routing\\Route), Object(Illuminate\\Http\\Request))
#40 C:\\Code\\TrustCash\\vendor\\laravel\\framework\\src\\Illuminate\\Routing\\Router.php(750): Illuminate\\Routing\\Router->runRoute(Object(Illuminate\\Http\\Request), Object(Illuminate\\Routing\\Route))
#41 C:\\Code\\TrustCash\\vendor\\laravel\\framework\\src\\Illuminate\\Routing\\Router.php(739): Illuminate\\Routing\\Router->dispatchToRoute(Object(Illuminate\\Http\\Request))
#42 C:\\Code\\TrustCash\\vendor\\laravel\\framework\\src\\Illuminate\\Foundation\\Http\\Kernel.php(201): Illuminate\\Routing\\Router->dispatch(Object(Illuminate\\Http\\Request))
#43 C:\\Code\\TrustCash\\vendor\\laravel\\framework\\src\\Illuminate\\Pipeline\\Pipeline.php(170): Illuminate\\Foundation\\Http\\Kernel->{closure:Illuminate\\Foundation\\Http\\Kernel::dispatchToRouter():198}(Object(Illuminate\\Http\\Request))
#44 C:\\Code\\TrustCash\\vendor\\laravel\\framework\\src\\Illuminate\\Foundation\\Http\\Middleware\\TransformsRequest.php(21): Illuminate\\Pipeline\\Pipeline->{closure:Illuminate\\Pipeline\\Pipeline::prepareDestination():168}(Object(Illuminate\\Http\\Request))
#45 C:\\Code\\TrustCash\\vendor\\laravel\\framework\\src\\Illuminate\\Foundation\\Http\\Middleware\\ConvertEmptyStringsToNull.php(31): Illuminate\\Foundation\\Http\\Middleware\\TransformsRequest->handle(Object(Illuminate\\Http\\Request), Object(Closure))
#46 C:\\Code\\TrustCash\\vendor\\laravel\\framework\\src\\Illuminate\\Pipeline\\Pipeline.php(209): Illuminate\\Foundation\\Http\\Middleware\\ConvertEmptyStringsToNull->handle(Object(Illuminate\\Http\\Request), Object(Closure))
#47 C:\\Code\\TrustCash\\vendor\\laravel\\framework\\src\\Illuminate\\Foundation\\Http\\Middleware\\TransformsRequest.php(21): Illuminate\\Pipeline\\Pipeline->{closure:{closure:Illuminate\\Pipeline\\Pipeline::carry():184}:185}(Object(Illuminate\\Http\\Request))
#48 C:\\Code\\TrustCash\\vendor\\laravel\\framework\\src\\Illuminate\\Foundation\\Http\\Middleware\\TrimStrings.php(51): Illuminate\\Foundation\\Http\\Middleware\\TransformsRequest->handle(Object(Illuminate\\Http\\Request), Object(Closure))
#49 C:\\Code\\TrustCash\\vendor\\laravel\\framework\\src\\Illuminate\\Pipeline\\Pipeline.php(209): Illuminate\\Foundation\\Http\\Middleware\\TrimStrings->handle(Object(Illuminate\\Http\\Request), Object(Closure))
#50 C:\\Code\\TrustCash\\vendor\\laravel\\framework\\src\\Illuminate\\Http\\Middleware\\ValidatePostSize.php(27): Illuminate\\Pipeline\\Pipeline->{closure:{closure:Illuminate\\Pipeline\\Pipeline::carry():184}:185}(Object(Illuminate\\Http\\Request))
#51 C:\\Code\\TrustCash\\vendor\\laravel\\framework\\src\\Illuminate\\Pipeline\\Pipeline.php(209): Illuminate\\Http\\Middleware\\ValidatePostSize->handle(Object(Illuminate\\Http\\Request), Object(Closure))
#52 C:\\Code\\TrustCash\\vendor\\laravel\\framework\\src\\Illuminate\\Foundation\\Http\\Middleware\\PreventRequestsDuringMaintenance.php(110): Illuminate\\Pipeline\\Pipeline->{closure:{closure:Illuminate\\Pipeline\\Pipeline::carry():184}:185}(Object(Illuminate\\Http\\Request))
#53 C:\\Code\\TrustCash\\vendor\\laravel\\framework\\src\\Illuminate\\Pipeline\\Pipeline.php(209): Illuminate\\Foundation\\Http\\Middleware\\PreventRequestsDuringMaintenance->handle(Object(Illuminate\\Http\\Request), Object(Closure))
#54 C:\\Code\\TrustCash\\vendor\\laravel\\framework\\src\\Illuminate\\Http\\Middleware\\HandleCors.php(49): Illuminate\\Pipeline\\Pipeline->{closure:{closure:Illuminate\\Pipeline\\Pipeline::carry():184}:185}(Object(Illuminate\\Http\\Request))
#55 C:\\Code\\TrustCash\\vendor\\laravel\\framework\\src\\Illuminate\\Pipeline\\Pipeline.php(209): Illuminate\\Http\\Middleware\\HandleCors->handle(Object(Illuminate\\Http\\Request), Object(Closure))
#56 C:\\Code\\TrustCash\\vendor\\laravel\\framework\\src\\Illuminate\\Http\\Middleware\\TrustProxies.php(58): Illuminate\\Pipeline\\Pipeline->{closure:{closure:Illuminate\\Pipeline\\Pipeline::carry():184}:185}(Object(Illuminate\\Http\\Request))
#57 C:\\Code\\TrustCash\\vendor\\laravel\\framework\\src\\Illuminate\\Pipeline\\Pipeline.php(209): Illuminate\\Http\\Middleware\\TrustProxies->handle(Object(Illuminate\\Http\\Request), Object(Closure))
#58 C:\\Code\\TrustCash\\vendor\\laravel\\framework\\src\\Illuminate\\Foundation\\Http\\Middleware\\InvokeDeferredCallbacks.php(22): Illuminate\\Pipeline\\Pipeline->{closure:{closure:Illuminate\\Pipeline\\Pipeline::carry():184}:185}(Object(Illuminate\\Http\\Request))
#59 C:\\Code\\TrustCash\\vendor\\laravel\\framework\\src\\Illuminate\\Pipeline\\Pipeline.php(209): Illuminate\\Foundation\\Http\\Middleware\\InvokeDeferredCallbacks->handle(Object(Illuminate\\Http\\Request), Object(Closure))
#60 C:\\Code\\TrustCash\\vendor\\laravel\\framework\\src\\Illuminate\\Pipeline\\Pipeline.php(127): Illuminate\\Pipeline\\Pipeline->{closure:{closure:Illuminate\\Pipeline\\Pipeline::carry():184}:185}(Object(Illuminate\\Http\\Request))
#61 C:\\Code\\TrustCash\\vendor\\laravel\\framework\\src\\Illuminate\\Foundation\\Http\\Kernel.php(176): Illuminate\\Pipeline\\Pipeline->then(Object(Closure))
#62 C:\\Code\\TrustCash\\vendor\\laravel\\framework\\src\\Illuminate\\Foundation\\Http\\Kernel.php(145): Illuminate\\Foundation\\Http\\Kernel->sendRequestThroughRouter(Object(Illuminate\\Http\\Request))
#63 C:\\Code\\TrustCash\\vendor\\laravel\\framework\\src\\Illuminate\\Foundation\\Application.php(1220): Illuminate\\Foundation\\Http\\Kernel->handle(Object(Illuminate\\Http\\Request))
#64 C:\\Code\\TrustCash\\public\\index.php(17): Illuminate\\Foundation\\Application->handleRequest(Object(Illuminate\\Http\\Request))
#65 C:\\Code\\TrustCash\\vendor\\laravel\\framework\\src\\Illuminate\\Foundation\\resources\\server.php(23): require_once('C:\\\\Code\\\\TrustCa...')
#66 {main}

[previous exception] [object] (PDOException(code: 42S02): SQLSTATE[42S02]: Base table or view not found: 1146 Table 'tenantmousumi.sale_payments' doesn't exist at C:\\Code\\TrustCash\\vendor\\laravel\\framework\\src\\Illuminate\\Database\\Connection.php:407)
[stacktrace]
#0 C:\\Code\\TrustCash\\vendor\\laravel\\framework\\src\\Illuminate\\Database\\Connection.php(407): PDO->prepare('select * from `...')
#1 C:\\Code\\TrustCash\\vendor\\laravel\\framework\\src\\Illuminate\\Database\\Connection.php(812): Illuminate\\Database\\Connection->{closure:Illuminate\\Database\\Connection::select():398}('select * from `...', Array)
#2 C:\\Code\\TrustCash\\vendor\\laravel\\framework\\src\\Illuminate\\Database\\Connection.php(779): Illuminate\\Database\\Connection->runQueryCallback('select * from `...', Array, Object(Closure))
#3 C:\\Code\\TrustCash\\vendor\\laravel\\framework\\src\\Illuminate\\Database\\Connection.php(398): Illuminate\\Database\\Connection->run('select * from `...', Array, Object(Closure))
#4 C:\\Code\\TrustCash\\vendor\\laravel\\framework\\src\\Illuminate\\Database\\Query\\Builder.php(3106): Illuminate\\Database\\Connection->select('select * from `...', Array, true)
#5 C:\\Code\\TrustCash\\vendor\\laravel\\framework\\src\\Illuminate\\Database\\Query\\Builder.php(3091): Illuminate\\Database\\Query\\Builder->runSelect()
#6 C:\\Code\\TrustCash\\vendor\\laravel\\framework\\src\\Illuminate\\Database\\Query\\Builder.php(3676): Illuminate\\Database\\Query\\Builder->{closure:Illuminate\\Database\\Query\\Builder::get():3090}()
#7 C:\\Code\\TrustCash\\vendor\\laravel\\framework\\src\\Illuminate\\Database\\Query\\Builder.php(3090): Illuminate\\Database\\Query\\Builder->onceWithColumns(Array, Object(Closure))
#8 C:\\Code\\TrustCash\\vendor\\laravel\\framework\\src\\Illuminate\\Database\\Eloquent\\Builder.php(811): Illuminate\\Database\\Query\\Builder->get(Array)
#9 C:\\Code\\TrustCash\\vendor\\laravel\\framework\\src\\Illuminate\\Database\\Eloquent\\Builder.php(793): Illuminate\\Database\\Eloquent\\Builder->getModels(Array)
#10 C:\\Code\\TrustCash\\app\\Http\\Controllers\\Admin\\SaleReportController.php(45): Illuminate\\Database\\Eloquent\\Builder->get()
#11 C:\\Code\\TrustCash\\vendor\\laravel\\framework\\src\\Illuminate\\Routing\\ControllerDispatcher.php(47): App\\Http\\Controllers\\Admin\\SaleReportController->index(Object(Illuminate\\Http\\Request))
#12 C:\\Code\\TrustCash\\vendor\\laravel\\framework\\src\\Illuminate\\Routing\\Route.php(266): Illuminate\\Routing\\ControllerDispatcher->dispatch(Object(Illuminate\\Routing\\Route), Object(App\\Http\\Controllers\\Admin\\SaleReportController), 'index')
#13 C:\\Code\\TrustCash\\vendor\\laravel\\framework\\src\\Illuminate\\Routing\\Route.php(212): Illuminate\\Routing\\Route->runController()
#14 C:\\Code\\TrustCash\\vendor\\laravel\\framework\\src\\Illuminate\\Routing\\Router.php(808): Illuminate\\Routing\\Route->run()
#15 C:\\Code\\TrustCash\\vendor\\laravel\\framework\\src\\Illuminate\\Pipeline\\Pipeline.php(170): Illuminate\\Routing\\Router->{closure:Illuminate\\Routing\\Router::runRouteWithinStack():807}(Object(Illuminate\\Http\\Request))
#16 C:\\Code\\TrustCash\\vendor\\laravel\\boost\\src\\Middleware\\InjectBoost.php(22): Illuminate\\Pipeline\\Pipeline->{closure:Illuminate\\Pipeline\\Pipeline::prepareDestination():168}(Object(Illuminate\\Http\\Request))
#17 C:\\Code\\TrustCash\\vendor\\laravel\\framework\\src\\Illuminate\\Pipeline\\Pipeline.php(209): Laravel\\Boost\\Middleware\\InjectBoost->handle(Object(Illuminate\\Http\\Request), Object(Closure))
#18 C:\\Code\\TrustCash\\vendor\\laravel\\framework\\src\\Illuminate\\Http\\Middleware\\AddLinkHeadersForPreloadedAssets.php(20): Illuminate\\Pipeline\\Pipeline->{closure:{closure:Illuminate\\Pipeline\\Pipeline::carry():184}:185}(Object(Illuminate\\Http\\Request))
#19 C:\\Code\\TrustCash\\vendor\\laravel\\framework\\src\\Illuminate\\Pipeline\\Pipeline.php(209): Illuminate\\Http\\Middleware\\AddLinkHeadersForPreloadedAssets->handle(Object(Illuminate\\Http\\Request), Object(Closure))
#20 C:\\Code\\TrustCash\\vendor\\inertiajs\\inertia-laravel\\src\\Middleware.php(86): Illuminate\\Pipeline\\Pipeline->{closure:{closure:Illuminate\\Pipeline\\Pipeline::carry():184}:185}(Object(Illuminate\\Http\\Request))
#21 C:\\Code\\TrustCash\\vendor\\laravel\\framework\\src\\Illuminate\\Pipeline\\Pipeline.php(209): Inertia\\Middleware->handle(Object(Illuminate\\Http\\Request), Object(Closure))
#22 C:\\Code\\TrustCash\\vendor\\laravel\\framework\\src\\Illuminate\\Routing\\Middleware\\SubstituteBindings.php(51): Illuminate\\Pipeline\\Pipeline->{closure:{closure:Illuminate\\Pipeline\\Pipeline::carry():184}:185}(Object(Illuminate\\Http\\Request))
#23 C:\\Code\\TrustCash\\vendor\\laravel\\framework\\src\\Illuminate\\Pipeline\\Pipeline.php(209): Illuminate\\Routing\\Middleware\\SubstituteBindings->handle(Object(Illuminate\\Http\\Request), Object(Closure))
#24 C:\\Code\\TrustCash\\vendor\\laravel\\framework\\src\\Illuminate\\Auth\\Middleware\\Authenticate.php(64): Illuminate\\Pipeline\\Pipeline->{closure:{closure:Illuminate\\Pipeline\\Pipeline::carry():184}:185}(Object(Illuminate\\Http\\Request))
#25 C:\\Code\\TrustCash\\vendor\\laravel\\framework\\src\\Illuminate\\Pipeline\\Pipeline.php(209): Illuminate\\Auth\\Middleware\\Authenticate->handle(Object(Illuminate\\Http\\Request), Object(Closure))
#26 C:\\Code\\TrustCash\\vendor\\laravel\\framework\\src\\Illuminate\\Foundation\\Http\\Middleware\\VerifyCsrfToken.php(88): Illuminate\\Pipeline\\Pipeline->{closure:{closure:Illuminate\\Pipeline\\Pipeline::carry():184}:185}(Object(Illuminate\\Http\\Request))
#27 C:\\Code\\TrustCash\\vendor\\laravel\\framework\\src\\Illuminate\\Pipeline\\Pipeline.php(209): Illuminate\\Foundation\\Http\\Middleware\\VerifyCsrfToken->handle(Object(Illuminate\\Http\\Request), Object(Closure))
#28 C:\\Code\\TrustCash\\vendor\\laravel\\framework\\src\\Illuminate\\View\\Middleware\\ShareErrorsFromSession.php(49): Illuminate\\Pipeline\\Pipeline->{closure:{closure:Illuminate\\Pipeline\\Pipeline::carry():184}:185}(Object(Illuminate\\Http\\Request))
#29 C:\\Code\\TrustCash\\vendor\\laravel\\framework\\src\\Illuminate\\Pipeline\\Pipeline.php(209): Illuminate\\View\\Middleware\\ShareErrorsFromSession->handle(Object(Illuminate\\Http\\Request), Object(Closure))
#30 C:\\Code\\TrustCash\\vendor\\laravel\\framework\\src\\Illuminate\\Session\\Middleware\\StartSession.php(121): Illuminate\\Pipeline\\Pipeline->{closure:{closure:Illuminate\\Pipeline\\Pipeline::carry():184}:185}(Object(Illuminate\\Http\\Request))
#31 C:\\Code\\TrustCash\\vendor\\laravel\\framework\\src\\Illuminate\\Session\\Middleware\\StartSession.php(64): Illuminate\\Session\\Middleware\\StartSession->handleStatefulRequest(Object(Illuminate\\Http\\Request), Object(Illuminate\\Session\\Store), Object(Closure))
#32 C:\\Code\\TrustCash\\vendor\\laravel\\framework\\src\\Illuminate\\Pipeline\\Pipeline.php(209): Illuminate\\Session\\Middleware\\StartSession->handle(Object(Illuminate\\Http\\Request), Object(Closure))
#33 C:\\Code\\TrustCash\\vendor\\laravel\\framework\\src\\Illuminate\\Cookie\\Middleware\\AddQueuedCookiesToResponse.php(37): Illuminate\\Pipeline\\Pipeline->{closure:{closure:Illuminate\\Pipeline\\Pipeline::carry():184}:185}(Object(Illuminate\\Http\\Request))
#34 C:\\Code\\TrustCash\\vendor\\laravel\\framework\\src\\Illuminate\\Pipeline\\Pipeline.php(209): Illuminate\\Cookie\\Middleware\\AddQueuedCookiesToResponse->handle(Object(Illuminate\\Http\\Request), Object(Closure))
#35 C:\\Code\\TrustCash\\vendor\\laravel\\framework\\src\\Illuminate\\Cookie\\Middleware\\EncryptCookies.php(75): Illuminate\\Pipeline\\Pipeline->{closure:{closure:Illuminate\\Pipeline\\Pipeline::carry():184}:185}(Object(Illuminate\\Http\\Request))
#36 C:\\Code\\TrustCash\\vendor\\laravel\\framework\\src\\Illuminate\\Pipeline\\Pipeline.php(209): Illuminate\\Cookie\\Middleware\\EncryptCookies->handle(Object(Illuminate\\Http\\Request), Object(Closure))
#37 C:\\Code\\TrustCash\\app\\Http\\Middleware\\InitializeTenancyIfTenantDomain.php(76): Illuminate\\Pipeline\\Pipeline->{closure:{closure:Illuminate\\Pipeline\\Pipeline::carry():184}:185}(Object(Illuminate\\Http\\Request))
#38 C:\\Code\\TrustCash\\vendor\\laravel\\framework\\src\\Illuminate\\Pipeline\\Pipeline.php(209): App\\Http\\Middleware\\InitializeTenancyIfTenantDomain->handle(Object(Illuminate\\Http\\Request), Object(Closure))
#39 C:\\Code\\TrustCash\\vendor\\laravel\\framework\\src\\Illuminate\\Pipeline\\Pipeline.php(127): Illuminate\\Pipeline\\Pipeline->{closure:{closure:Illuminate\\Pipeline\\Pipeline::carry():184}:185}(Object(Illuminate\\Http\\Request))
#40 C:\\Code\\TrustCash\\vendor\\laravel\\framework\\src\\Illuminate\\Routing\\Router.php(807): Illuminate\\Pipeline\\Pipeline->then(Object(Closure))
#41 C:\\Code\\TrustCash\\vendor\\laravel\\framework\\src\\Illuminate\\Routing\\Router.php(786): Illuminate\\Routing\\Router->runRouteWithinStack(Object(Illuminate\\Routing\\Route), Object(Illuminate\\Http\\Request))
#42 C:\\Code\\TrustCash\\vendor\\laravel\\framework\\src\\Illuminate\\Routing\\Router.php(750): Illuminate\\Routing\\Router->runRoute(Object(Illuminate\\Http\\Request), Object(Illuminate\\Routing\\Route))
#43 C:\\Code\\TrustCash\\vendor\\laravel\\framework\\src\\Illuminate\\Routing\\Router.php(739): Illuminate\\Routing\\Router->dispatchToRoute(Object(Illuminate\\Http\\Request))
#44 C:\\Code\\TrustCash\\vendor\\laravel\\framework\\src\\Illuminate\\Foundation\\Http\\Kernel.php(201): Illuminate\\Routing\\Router->dispatch(Object(Illuminate\\Http\\Request))
#45 C:\\Code\\TrustCash\\vendor\\laravel\\framework\\src\\Illuminate\\Pipeline\\Pipeline.php(170): Illuminate\\Foundation\\Http\\Kernel->{closure:Illuminate\\Foundation\\Http\\Kernel::dispatchToRouter():198}(Object(Illuminate\\Http\\Request))
#46 C:\\Code\\TrustCash\\vendor\\laravel\\framework\\src\\Illuminate\\Foundation\\Http\\Middleware\\TransformsRequest.php(21): Illuminate\\Pipeline\\Pipeline->{closure:Illuminate\\Pipeline\\Pipeline::prepareDestination():168}(Object(Illuminate\\Http\\Request))
#47 C:\\Code\\TrustCash\\vendor\\laravel\\framework\\src\\Illuminate\\Foundation\\Http\\Middleware\\ConvertEmptyStringsToNull.php(31): Illuminate\\Foundation\\Http\\Middleware\\TransformsRequest->handle(Object(Illuminate\\Http\\Request), Object(Closure))
#48 C:\\Code\\TrustCash\\vendor\\laravel\\framework\\src\\Illuminate\\Pipeline\\Pipeline.php(209): Illuminate\\Foundation\\Http\\Middleware\\ConvertEmptyStringsToNull->handle(Object(Illuminate\\Http\\Request), Object(Closure))
#49 C:\\Code\\TrustCash\\vendor\\laravel\\framework\\src\\Illuminate\\Foundation\\Http\\Middleware\\TransformsRequest.php(21): Illuminate\\Pipeline\\Pipeline->{closure:{closure:Illuminate\\Pipeline\\Pipeline::carry():184}:185}(Object(Illuminate\\Http\\Request))
#50 C:\\Code\\TrustCash\\vendor\\laravel\\framework\\src\\Illuminate\\Foundation\\Http\\Middleware\\TrimStrings.php(51): Illuminate\\Foundation\\Http\\Middleware\\TransformsRequest->handle(Object(Illuminate\\Http\\Request), Object(Closure))
#51 C:\\Code\\TrustCash\\vendor\\laravel\\framework\\src\\Illuminate\\Pipeline\\Pipeline.php(209): Illuminate\\Foundation\\Http\\Middleware\\TrimStrings->handle(Object(Illuminate\\Http\\Request), Object(Closure))
#52 C:\\Code\\TrustCash\\vendor\\laravel\\framework\\src\\Illuminate\\Http\\Middleware\\ValidatePostSize.php(27): Illuminate\\Pipeline\\Pipeline->{closure:{closure:Illuminate\\Pipeline\\Pipeline::carry():184}:185}(Object(Illuminate\\Http\\Request))
#53 C:\\Code\\TrustCash\\vendor\\laravel\\framework\\src\\Illuminate\\Pipeline\\Pipeline.php(209): Illuminate\\Http\\Middleware\\ValidatePostSize->handle(Object(Illuminate\\Http\\Request), Object(Closure))
#54 C:\\Code\\TrustCash\\vendor\\laravel\\framework\\src\\Illuminate\\Foundation\\Http\\Middleware\\PreventRequestsDuringMaintenance.php(110): Illuminate\\Pipeline\\Pipeline->{closure:{closure:Illuminate\\Pipeline\\Pipeline::carry():184}:185}(Object(Illuminate\\Http\\Request))
#55 C:\\Code\\TrustCash\\vendor\\laravel\\framework\\src\\Illuminate\\Pipeline\\Pipeline.php(209): Illuminate\\Foundation\\Http\\Middleware\\PreventRequestsDuringMaintenance->handle(Object(Illuminate\\Http\\Request), Object(Closure))
#56 C:\\Code\\TrustCash\\vendor\\laravel\\framework\\src\\Illuminate\\Http\\Middleware\\HandleCors.php(49): Illuminate\\Pipeline\\Pipeline->{closure:{closure:Illuminate\\Pipeline\\Pipeline::carry():184}:185}(Object(Illuminate\\Http\\Request))
#57 C:\\Code\\TrustCash\\vendor\\laravel\\framework\\src\\Illuminate\\Pipeline\\Pipeline.php(209): Illuminate\\Http\\Middleware\\HandleCors->handle(Object(Illuminate\\Http\\Request), Object(Closure))
#58 C:\\Code\\TrustCash\\vendor\\laravel\\framework\\src\\Illuminate\\Http\\Middleware\\TrustProxies.php(58): Illuminate\\Pipeline\\Pipeline->{closure:{closure:Illuminate\\Pipeline\\Pipeline::carry():184}:185}(Object(Illuminate\\Http\\Request))
#59 C:\\Code\\TrustCash\\vendor\\laravel\\framework\\src\\Illuminate\\Pipeline\\Pipeline.php(209): Illuminate\\Http\\Middleware\\TrustProxies->handle(Object(Illuminate\\Http\\Request), Object(Closure))
#60 C:\\Code\\TrustCash\\vendor\\laravel\\framework\\src\\Illuminate\\Foundation\\Http\\Middleware\\InvokeDeferredCallbacks.php(22): Illuminate\\Pipeline\\Pipeline->{closure:{closure:Illuminate\\Pipeline\\Pipeline::carry():184}:185}(Object(Illuminate\\Http\\Request))
#61 C:\\Code\\TrustCash\\vendor\\laravel\\framework\\src\\Illuminate\\Pipeline\\Pipeline.php(209): Illuminate\\Foundation\\Http\\Middleware\\InvokeDeferredCallbacks->handle(Object(Illuminate\\Http\\Request), Object(Closure))
#62 C:\\Code\\TrustCash\\vendor\\laravel\\framework\\src\\Illuminate\\Pipeline\\Pipeline.php(127): Illuminate\\Pipeline\\Pipeline->{closure:{closure:Illuminate\\Pipeline\\Pipeline::carry():184}:185}(Object(Illuminate\\Http\\Request))
#63 C:\\Code\\TrustCash\\vendor\\laravel\\framework\\src\\Illuminate\\Foundation\\Http\\Kernel.php(176): Illuminate\\Pipeline\\Pipeline->then(Object(Closure))
#64 C:\\Code\\TrustCash\\vendor\\laravel\\framework\\src\\Illuminate\\Foundation\\Http\\Kernel.php(145): Illuminate\\Foundation\\Http\\Kernel->sendRequestThroughRouter(Object(Illuminate\\Http\\Request))
#65 C:\\Code\\TrustCash\\vendor\\laravel\\framework\\src\\Illuminate\\Foundation\\Application.php(1220): Illuminate\\Foundation\\Http\\Kernel->handle(Object(Illuminate\\Http\\Request))
#66 C:\\Code\\TrustCash\\public\\index.php(17): Illuminate\\Foundation\\Application->handleRequest(Object(Illuminate\\Http\\Request))
#67 C:\\Code\\TrustCash\\vendor\\laravel\\framework\\src\\Illuminate\\Foundation\\resources\\server.php(23): require_once('C:\\\\Code\\\\TrustCa...')
#68 {main}
"} 
[2026-09-27 12:47:02] local.INFO: Daily Transactions:  
[2026-09-27 12:47:02] local.INFO: Extra Incomes:  
[2026-09-27 12:47:03] local.INFO: Daily Transactions:  
[2026-09-27 12:47:03] local.INFO: Extra Incomes:  
[2026-09-27 12:47:13] local.INFO: Date Range {"start_date":"2026-09-01","end_date":"2026-09-30"} 
[2026-09-27 12:47:29] local.ERROR: SQLSTATE[42S22]: Column not found: 1054 Unknown column 'price' in 'field list' (Connection: tenant, SQL: select `id`, `name`, `sku`, `barcode`, `cost_price`, `price`, `unit_id` from `products` where `status` = 1 and `products`.`deleted_at` is null) {"userId":1,"exception":"[object] (Illuminate\\Database\\QueryException(code: 42S22): SQLSTATE[42S22]: Column not found: 1054 Unknown column 'price' in 'field list' (Connection: tenant, SQL: select `id`, `name`, `sku`, `barcode`, `cost_price`, `price`, `unit_id` from `products` where `status` = 1 and `products`.`deleted_at` is null) at C:\\Code\\TrustCash\\vendor\\laravel\\framework\\src\\Illuminate\\Database\\Connection.php:825)
[stacktrace]
#0 C:\\Code\\TrustCash\\vendor\\laravel\\framework\\src\\Illuminate\\Database\\Connection.php(779): Illuminate\\Database\\Connection->runQueryCallback('select `id`, `n...', Array, Object(Closure))
#1 C:\\Code\\TrustCash\\vendor\\laravel\\framework\\src\\Illuminate\\Database\\Connection.php(398): Illuminate\\Database\\Connection->run('select `id`, `n...', Array, Object(Closure))
#2 C:\\Code\\TrustCash\\vendor\\laravel\\framework\\src\\Illuminate\\Database\\Query\\Builder.php(3106): Illuminate\\Database\\Connection->select('select `id`, `n...', Array, true)
#3 C:\\Code\\TrustCash\\vendor\\laravel\\framework\\src\\Illuminate\\Database\\Query\\Builder.php(3091): Illuminate\\Database\\Query\\Builder->runSelect()
#4 C:\\Code\\TrustCash\\vendor\\laravel\\framework\\src\\Illuminate\\Database\\Query\\Builder.php(3676): Illuminate\\Database\\Query\\Builder->{closure:Illuminate\\Database\\Query\\Builder::get():3090}()
#5 C:\\Code\\TrustCash\\vendor\\laravel\\framework\\src\\Illuminate\\Database\\Query\\Builder.php(3090): Illuminate\\Database\\Query\\Builder->onceWithColumns(Array, Object(Closure))
#6 C:\\Code\\TrustCash\\vendor\\laravel\\framework\\src\\Illuminate\\Database\\Eloquent\\Builder.php(811): Illuminate\\Database\\Query\\Builder->get(Array)
#7 C:\\Code\\TrustCash\\vendor\\laravel\\framework\\src\\Illuminate\\Database\\Eloquent\\Builder.php(793): Illuminate\\Database\\Eloquent\\Builder->getModels(Array)
#8 C:\\Code\\TrustCash\\app\\Http\\Controllers\\Admin\\PurchaseController.php(74): Illuminate\\Database\\Eloquent\\Builder->get()
#9 C:\\Code\\TrustCash\\vendor\\laravel\\framework\\src\\Illuminate\\Routing\\ControllerDispatcher.php(47): App\\Http\\Controllers\\Admin\\PurchaseController->create()
#10 C:\\Code\\TrustCash\\vendor\\laravel\\framework\\src\\Illuminate\\Routing\\Route.php(266): Illuminate\\Routing\\ControllerDispatcher->dispatch(Object(Illuminate\\Routing\\Route), Object(App\\Http\\Controllers\\Admin\\PurchaseController), 'create')
#11 C:\\Code\\TrustCash\\vendor\\laravel\\framework\\src\\Illuminate\\Routing\\Route.php(212): Illuminate\\Routing\\Route->runController()
#12 C:\\Code\\TrustCash\\vendor\\laravel\\framework\\src\\Illuminate\\Routing\\Router.php(808): Illuminate\\Routing\\Route->run()
#13 C:\\Code\\TrustCash\\vendor\\laravel\\framework\\src\\Illuminate\\Pipeline\\Pipeline.php(170): Illuminate\\Routing\\Router->{closure:Illuminate\\Routing\\Router::runRouteWithinStack():807}(Object(Illuminate\\Http\\Request))
#14 C:\\Code\\TrustCash\\vendor\\laravel\\boost\\src\\Middleware\\InjectBoost.php(22): Illuminate\\Pipeline\\Pipeline->{closure:Illuminate\\Pipeline\\Pipeline::prepareDestination():168}(Object(Illuminate\\Http\\Request))
#15 C:\\Code\\TrustCash\\vendor\\laravel\\framework\\src\\Illuminate\\Pipeline\\Pipeline.php(209): Laravel\\Boost\\Middleware\\InjectBoost->handle(Object(Illuminate\\Http\\Request), Object(Closure))
#16 C:\\Code\\TrustCash\\vendor\\laravel\\framework\\src\\Illuminate\\Http\\Middleware\\AddLinkHeadersForPreloadedAssets.php(20): Illuminate\\Pipeline\\Pipeline->{closure:{closure:Illuminate\\Pipeline\\Pipeline::carry():184}:185}(Object(Illuminate\\Http\\Request))
#17 C:\\Code\\TrustCash\\vendor\\laravel\\framework\\src\\Illuminate\\Pipeline\\Pipeline.php(209): Illuminate\\Http\\Middleware\\AddLinkHeadersForPreloadedAssets->handle(Object(Illuminate\\Http\\Request), Object(Closure))
#18 C:\\Code\\TrustCash\\vendor\\inertiajs\\inertia-laravel\\src\\Middleware.php(86): Illuminate\\Pipeline\\Pipeline->{closure:{closure:Illuminate\\Pipeline\\Pipeline::carry():184}:185}(Object(Illuminate\\Http\\Request))
#19 C:\\Code\\TrustCash\\vendor\\laravel\\framework\\src\\Illuminate\\Pipeline\\Pipeline.php(209): Inertia\\Middleware->handle(Object(Illuminate\\Http\\Request), Object(Closure))
#20 C:\\Code\\TrustCash\\vendor\\laravel\\framework\\src\\Illuminate\\Routing\\Middleware\\SubstituteBindings.php(51): Illuminate\\Pipeline\\Pipeline->{closure:{closure:Illuminate\\Pipeline\\Pipeline::carry():184}:185}(Object(Illuminate\\Http\\Request))
#21 C:\\Code\\TrustCash\\vendor\\laravel\\framework\\src\\Illuminate\\Pipeline\\Pipeline.php(209): Illuminate\\Routing\\Middleware\\SubstituteBindings->handle(Object(Illuminate\\Http\\Request), Object(Closure))
#22 C:\\Code\\TrustCash\\vendor\\laravel\\framework\\src\\Illuminate\\Auth\\Middleware\\Authenticate.php(64): Illuminate\\Pipeline\\Pipeline->{closure:{closure:Illuminate\\Pipeline\\Pipeline::carry():184}:185}(Object(Illuminate\\Http\\Request))
#23 C:\\Code\\TrustCash\\vendor\\laravel\\framework\\src\\Illuminate\\Pipeline\\Pipeline.php(209): Illuminate\\Auth\\Middleware\\Authenticate->handle(Object(Illuminate\\Http\\Request), Object(Closure))
#24 C:\\Code\\TrustCash\\vendor\\laravel\\framework\\src\\Illuminate\\Foundation\\Http\\Middleware\\VerifyCsrfToken.php(88): Illuminate\\Pipeline\\Pipeline->{closure:{closure:Illuminate\\Pipeline\\Pipeline::carry():184}:185}(Object(Illuminate\\Http\\Request))
#25 C:\\Code\\TrustCash\\vendor\\laravel\\framework\\src\\Illuminate\\Pipeline\\Pipeline.php(209): Illuminate\\Foundation\\Http\\Middleware\\VerifyCsrfToken->handle(Object(Illuminate\\Http\\Request), Object(Closure))
#26 C:\\Code\\TrustCash\\vendor\\laravel\\framework\\src\\Illuminate\\View\\Middleware\\ShareErrorsFromSession.php(49): Illuminate\\Pipeline\\Pipeline->{closure:{closure:Illuminate\\Pipeline\\Pipeline::carry():184}:185}(Object(Illuminate\\Http\\Request))
#27 C:\\Code\\TrustCash\\vendor\\laravel\\framework\\src\\Illuminate\\Pipeline\\Pipeline.php(209): Illuminate\\View\\Middleware\\ShareErrorsFromSession->handle(Object(Illuminate\\Http\\Request), Object(Closure))
#28 C:\\Code\\TrustCash\\vendor\\laravel\\framework\\src\\Illuminate\\Session\\Middleware\\StartSession.php(121): Illuminate\\Pipeline\\Pipeline->{closure:{closure:Illuminate\\Pipeline\\Pipeline::carry():184}:185}(Object(Illuminate\\Http\\Request))
#29 C:\\Code\\TrustCash\\vendor\\laravel\\framework\\src\\Illuminate\\Session\\Middleware\\StartSession.php(64): Illuminate\\Session\\Middleware\\StartSession->handleStatefulRequest(Object(Illuminate\\Http\\Request), Object(Illuminate\\Session\\Store), Object(Closure))
#30 C:\\Code\\TrustCash\\vendor\\laravel\\framework\\src\\Illuminate\\Pipeline\\Pipeline.php(209): Illuminate\\Session\\Middleware\\StartSession->handle(Object(Illuminate\\Http\\Request), Object(Closure))
#31 C:\\Code\\TrustCash\\vendor\\laravel\\framework\\src\\Illuminate\\Cookie\\Middleware\\AddQueuedCookiesToResponse.php(37): Illuminate\\Pipeline\\Pipeline->{closure:{closure:Illuminate\\Pipeline\\Pipeline::carry():184}:185}(Object(Illuminate\\Http\\Request))
#32 C:\\Code\\TrustCash\\vendor\\laravel\\framework\\src\\Illuminate\\Pipeline\\Pipeline.php(209): Illuminate\\Cookie\\Middleware\\AddQueuedCookiesToResponse->handle(Object(Illuminate\\Http\\Request), Object(Closure))
#33 C:\\Code\\TrustCash\\vendor\\laravel\\framework\\src\\Illuminate\\Cookie\\Middleware\\EncryptCookies.php(75): Illuminate\\Pipeline\\Pipeline->{closure:{closure:Illuminate\\Pipeline\\Pipeline::carry():184}:185}(Object(Illuminate\\Http\\Request))
#34 C:\\Code\\TrustCash\\vendor\\laravel\\framework\\src\\Illuminate\\Pipeline\\Pipeline.php(209): Illuminate\\Cookie\\Middleware\\EncryptCookies->handle(Object(Illuminate\\Http\\Request), Object(Closure))
#35 C:\\Code\\TrustCash\\app\\Http\\Middleware\\InitializeTenancyIfTenantDomain.php(76): Illuminate\\Pipeline\\Pipeline->{closure:{closure:Illuminate\\Pipeline\\Pipeline::carry():184}:185}(Object(Illuminate\\Http\\Request))
#36 C:\\Code\\TrustCash\\vendor\\laravel\\framework\\src\\Illuminate\\Pipeline\\Pipeline.php(209): App\\Http\\Middleware\\InitializeTenancyIfTenantDomain->handle(Object(Illuminate\\Http\\Request), Object(Closure))
#37 C:\\Code\\TrustCash\\vendor\\laravel\\framework\\src\\Illuminate\\Pipeline\\Pipeline.php(127): Illuminate\\Pipeline\\Pipeline->{closure:{closure:Illuminate\\Pipeline\\Pipeline::carry():184}:185}(Object(Illuminate\\Http\\Request))
#38 C:\\Code\\TrustCash\\vendor\\laravel\\framework\\src\\Illuminate\\Routing\\Router.php(807): Illuminate\\Pipeline\\Pipeline->then(Object(Closure))
#39 C:\\Code\\TrustCash\\vendor\\laravel\\framework\\src\\Illuminate\\Routing\\Router.php(786): Illuminate\\Routing\\Router->runRouteWithinStack(Object(Illuminate\\Routing\\Route), Object(Illuminate\\Http\\Request))
#40 C:\\Code\\TrustCash\\vendor\\laravel\\framework\\src\\Illuminate\\Routing\\Router.php(750): Illuminate\\Routing\\Router->runRoute(Object(Illuminate\\Http\\Request), Object(Illuminate\\Routing\\Route))
#41 C:\\Code\\TrustCash\\vendor\\laravel\\framework\\src\\Illuminate\\Routing\\Router.php(739): Illuminate\\Routing\\Router->dispatchToRoute(Object(Illuminate\\Http\\Request))
#42 C:\\Code\\TrustCash\\vendor\\laravel\\framework\\src\\Illuminate\\Foundation\\Http\\Kernel.php(201): Illuminate\\Routing\\Router->dispatch(Object(Illuminate\\Http\\Request))
#43 C:\\Code\\TrustCash\\vendor\\laravel\\framework\\src\\Illuminate\\Pipeline\\Pipeline.php(170): Illuminate\\Foundation\\Http\\Kernel->{closure:Illuminate\\Foundation\\Http\\Kernel::dispatchToRouter():198}(Object(Illuminate\\Http\\Request))
#44 C:\\Code\\TrustCash\\vendor\\laravel\\framework\\src\\Illuminate\\Foundation\\Http\\Middleware\\TransformsRequest.php(21): Illuminate\\Pipeline\\Pipeline->{closure:Illuminate\\Pipeline\\Pipeline::prepareDestination():168}(Object(Illuminate\\Http\\Request))
#45 C:\\Code\\TrustCash\\vendor\\laravel\\framework\\src\\Illuminate\\Foundation\\Http\\Middleware\\ConvertEmptyStringsToNull.php(31): Illuminate\\Foundation\\Http\\Middleware\\TransformsRequest->handle(Object(Illuminate\\Http\\Request), Object(Closure))
#46 C:\\Code\\TrustCash\\vendor\\laravel\\framework\\src\\Illuminate\\Pipeline\\Pipeline.php(209): Illuminate\\Foundation\\Http\\Middleware\\ConvertEmptyStringsToNull->handle(Object(Illuminate\\Http\\Request), Object(Closure))
#47 C:\\Code\\TrustCash\\vendor\\laravel\\framework\\src\\Illuminate\\Foundation\\Http\\Middleware\\TransformsRequest.php(21): Illuminate\\Pipeline\\Pipeline->{closure:{closure:Illuminate\\Pipeline\\Pipeline::carry():184}:185}(Object(Illuminate\\Http\\Request))
#48 C:\\Code\\TrustCash\\vendor\\laravel\\framework\\src\\Illuminate\\Foundation\\Http\\Middleware\\TrimStrings.php(51): Illuminate\\Foundation\\Http\\Middleware\\TransformsRequest->handle(Object(Illuminate\\Http\\Request), Object(Closure))
#49 C:\\Code\\TrustCash\\vendor\\laravel\\framework\\src\\Illuminate\\Pipeline\\Pipeline.php(209): Illuminate\\Foundation\\Http\\Middleware\\TrimStrings->handle(Object(Illuminate\\Http\\Request), Object(Closure))
#50 C:\\Code\\TrustCash\\vendor\\laravel\\framework\\src\\Illuminate\\Http\\Middleware\\ValidatePostSize.php(27): Illuminate\\Pipeline\\Pipeline->{closure:{closure:Illuminate\\Pipeline\\Pipeline::carry():184}:185}(Object(Illuminate\\Http\\Request))
#51 C:\\Code\\TrustCash\\vendor\\laravel\\framework\\src\\Illuminate\\Pipeline\\Pipeline.php(209): Illuminate\\Http\\Middleware\\ValidatePostSize->handle(Object(Illuminate\\Http\\Request), Object(Closure))
#52 C:\\Code\\TrustCash\\vendor\\laravel\\framework\\src\\Illuminate\\Foundation\\Http\\Middleware\\PreventRequestsDuringMaintenance.php(110): Illuminate\\Pipeline\\Pipeline->{closure:{closure:Illuminate\\Pipeline\\Pipeline::carry():184}:185}(Object(Illuminate\\Http\\Request))
#53 C:\\Code\\TrustCash\\vendor\\laravel\\framework\\src\\Illuminate\\Pipeline\\Pipeline.php(209): Illuminate\\Foundation\\Http\\Middleware\\PreventRequestsDuringMaintenance->handle(Object(Illuminate\\Http\\Request), Object(Closure))
#54 C:\\Code\\TrustCash\\vendor\\laravel\\framework\\src\\Illuminate\\Http\\Middleware\\HandleCors.php(49): Illuminate\\Pipeline\\Pipeline->{closure:{closure:Illuminate\\Pipeline\\Pipeline::carry():184}:185}(Object(Illuminate\\Http\\Request))
#55 C:\\Code\\TrustCash\\vendor\\laravel\\framework\\src\\Illuminate\\Pipeline\\Pipeline.php(209): Illuminate\\Http\\Middleware\\HandleCors->handle(Object(Illuminate\\Http\\Request), Object(Closure))
#56 C:\\Code\\TrustCash\\vendor\\laravel\\framework\\src\\Illuminate\\Http\\Middleware\\TrustProxies.php(58): Illuminate\\Pipeline\\Pipeline->{closure:{closure:Illuminate\\Pipeline\\Pipeline::carry():184}:185}(Object(Illuminate\\Http\\Request))
#57 C:\\Code\\TrustCash\\vendor\\laravel\\framework\\src\\Illuminate\\Pipeline\\Pipeline.php(209): Illuminate\\Http\\Middleware\\TrustProxies->handle(Object(Illuminate\\Http\\Request), Object(Closure))
#58 C:\\Code\\TrustCash\\vendor\\laravel\\framework\\src\\Illuminate\\Foundation\\Http\\Middleware\\InvokeDeferredCallbacks.php(22): Illuminate\\Pipeline\\Pipeline->{closure:{closure:Illuminate\\Pipeline\\Pipeline::carry():184}:185}(Object(Illuminate\\Http\\Request))
#59 C:\\Code\\TrustCash\\vendor\\laravel\\framework\\src\\Illuminate\\Pipeline\\Pipeline.php(209): Illuminate\\Foundation\\Http\\Middleware\\InvokeDeferredCallbacks->handle(Object(Illuminate\\Http\\Request), Object(Closure))
#60 C:\\Code\\TrustCash\\vendor\\laravel\\framework\\src\\Illuminate\\Pipeline\\Pipeline.php(127): Illuminate\\Pipeline\\Pipeline->{closure:{closure:Illuminate\\Pipeline\\Pipeline::carry():184}:185}(Object(Illuminate\\Http\\Request))
#61 C:\\Code\\TrustCash\\vendor\\laravel\\framework\\src\\Illuminate\\Foundation\\Http\\Kernel.php(176): Illuminate\\Pipeline\\Pipeline->then(Object(Closure))
#62 C:\\Code\\TrustCash\\vendor\\laravel\\framework\\src\\Illuminate\\Foundation\\Http\\Kernel.php(145): Illuminate\\Foundation\\Http\\Kernel->sendRequestThroughRouter(Object(Illuminate\\Http\\Request))
#63 C:\\Code\\TrustCash\\vendor\\laravel\\framework\\src\\Illuminate\\Foundation\\Application.php(1220): Illuminate\\Foundation\\Http\\Kernel->handle(Object(Illuminate\\Http\\Request))
#64 C:\\Code\\TrustCash\\public\\index.php(17): Illuminate\\Foundation\\Application->handleRequest(Object(Illuminate\\Http\\Request))
#65 C:\\Code\\TrustCash\\vendor\\laravel\\framework\\src\\Illuminate\\Foundation\\resources\\server.php(23): require_once('C:\\\\Code\\\\TrustCa...')
#66 {main}

[previous exception] [object] (PDOException(code: 42S22): SQLSTATE[42S22]: Column not found: 1054 Unknown column 'price' in 'field list' at C:\\Code\\TrustCash\\vendor\\laravel\\framework\\src\\Illuminate\\Database\\Connection.php:407)
[stacktrace]
#0 C:\\Code\\TrustCash\\vendor\\laravel\\framework\\src\\Illuminate\\Database\\Connection.php(407): PDO->prepare('select `id`, `n...')
#1 C:\\Code\\TrustCash\\vendor\\laravel\\framework\\src\\Illuminate\\Database\\Connection.php(812): Illuminate\\Database\\Connection->{closure:Illuminate\\Database\\Connection::select():398}('select `id`, `n...', Array)
#2 C:\\Code\\TrustCash\\vendor\\laravel\\framework\\src\\Illuminate\\Database\\Connection.php(779): Illuminate\\Database\\Connection->runQueryCallback('select `id`, `n...', Array, Object(Closure))
#3 C:\\Code\\TrustCash\\vendor\\laravel\\framework\\src\\Illuminate\\Database\\Connection.php(398): Illuminate\\Database\\Connection->run('select `id`, `n...', Array, Object(Closure))
#4 C:\\Code\\TrustCash\\vendor\\laravel\\framework\\src\\Illuminate\\Database\\Query\\Builder.php(3106): Illuminate\\Database\\Connection->select('select `id`, `n...', Array, true)
#5 C:\\Code\\TrustCash\\vendor\\laravel\\framework\\src\\Illuminate\\Database\\Query\\Builder.php(3091): Illuminate\\Database\\Query\\Builder->runSelect()
#6 C:\\Code\\TrustCash\\vendor\\laravel\\framework\\src\\Illuminate\\Database\\Query\\Builder.php(3676): Illuminate\\Database\\Query\\Builder->{closure:Illuminate\\Database\\Query\\Builder::get():3090}()
#7 C:\\Code\\TrustCash\\vendor\\laravel\\framework\\src\\Illuminate\\Database\\Query\\Builder.php(3090): Illuminate\\Database\\Query\\Builder->onceWithColumns(Array, Object(Closure))
#8 C:\\Code\\TrustCash\\vendor\\laravel\\framework\\src\\Illuminate\\Database\\Eloquent\\Builder.php(811): Illuminate\\Database\\Query\\Builder->get(Array)
#9 C:\\Code\\TrustCash\\vendor\\laravel\\framework\\src\\Illuminate\\Database\\Eloquent\\Builder.php(793): Illuminate\\Database\\Eloquent\\Builder->getModels(Array)
#10 C:\\Code\\TrustCash\\app\\Http\\Controllers\\Admin\\PurchaseController.php(74): Illuminate\\Database\\Eloquent\\Builder->get()
#11 C:\\Code\\TrustCash\\vendor\\laravel\\framework\\src\\Illuminate\\Routing\\ControllerDispatcher.php(47): App\\Http\\Controllers\\Admin\\PurchaseController->create()
#12 C:\\Code\\TrustCash\\vendor\\laravel\\framework\\src\\Illuminate\\Routing\\Route.php(266): Illuminate\\Routing\\ControllerDispatcher->dispatch(Object(Illuminate\\Routing\\Route), Object(App\\Http\\Controllers\\Admin\\PurchaseController), 'create')
#13 C:\\Code\\TrustCash\\vendor\\laravel\\framework\\src\\Illuminate\\Routing\\Route.php(212): Illuminate\\Routing\\Route->runController()
#14 C:\\Code\\TrustCash\\vendor\\laravel\\framework\\src\\Illuminate\\Routing\\Router.php(808): Illuminate\\Routing\\Route->run()
#15 C:\\Code\\TrustCash\\vendor\\laravel\\framework\\src\\Illuminate\\Pipeline\\Pipeline.php(170): Illuminate\\Routing\\Router->{closure:Illuminate\\Routing\\Router::runRouteWithinStack():807}(Object(Illuminate\\Http\\Request))
#16 C:\\Code\\TrustCash\\vendor\\laravel\\boost\\src\\Middleware\\InjectBoost.php(22): Illuminate\\Pipeline\\Pipeline->{closure:Illuminate\\Pipeline\\Pipeline::prepareDestination():168}(Object(Illuminate\\Http\\Request))
#17 C:\\Code\\TrustCash\\vendor\\laravel\\framework\\src\\Illuminate\\Pipeline\\Pipeline.php(209): Laravel\\Boost\\Middleware\\InjectBoost->handle(Object(Illuminate\\Http\\Request), Object(Closure))
#18 C:\\Code\\TrustCash\\vendor\\laravel\\framework\\src\\Illuminate\\Http\\Middleware\\AddLinkHeadersForPreloadedAssets.php(20): Illuminate\\Pipeline\\Pipeline->{closure:{closure:Illuminate\\Pipeline\\Pipeline::carry():184}:185}(Object(Illuminate\\Http\\Request))
#19 C:\\Code\\TrustCash\\vendor\\laravel\\framework\\src\\Illuminate\\Pipeline\\Pipeline.php(209): Illuminate\\Http\\Middleware\\AddLinkHeadersForPreloadedAssets->handle(Object(Illuminate\\Http\\Request), Object(Closure))
#20 C:\\Code\\TrustCash\\vendor\\inertiajs\\inertia-laravel\\src\\Middleware.php(86): Illuminate\\Pipeline\\Pipeline->{closure:{closure:Illuminate\\Pipeline\\Pipeline::carry():184}:185}(Object(Illuminate\\Http\\Request))
#21 C:\\Code\\TrustCash\\vendor\\laravel\\framework\\src\\Illuminate\\Pipeline\\Pipeline.php(209): Inertia\\Middleware->handle(Object(Illuminate\\Http\\Request), Object(Closure))
#22 C:\\Code\\TrustCash\\vendor\\laravel\\framework\\src\\Illuminate\\Routing\\Middleware\\SubstituteBindings.php(51): Illuminate\\Pipeline\\Pipeline->{closure:{closure:Illuminate\\Pipeline\\Pipeline::carry():184}:185}(Object(Illuminate\\Http\\Request))
#23 C:\\Code\\TrustCash\\vendor\\laravel\\framework\\src\\Illuminate\\Pipeline\\Pipeline.php(209): Illuminate\\Routing\\Middleware\\SubstituteBindings->handle(Object(Illuminate\\Http\\Request), Object(Closure))
#24 C:\\Code\\TrustCash\\vendor\\laravel\\framework\\src\\Illuminate\\Auth\\Middleware\\Authenticate.php(64): Illuminate\\Pipeline\\Pipeline->{closure:{closure:Illuminate\\Pipeline\\Pipeline::carry():184}:185}(Object(Illuminate\\Http\\Request))
#25 C:\\Code\\TrustCash\\vendor\\laravel\\framework\\src\\Illuminate\\Pipeline\\Pipeline.php(209): Illuminate\\Auth\\Middleware\\Authenticate->handle(Object(Illuminate\\Http\\Request), Object(Closure))
#26 C:\\Code\\TrustCash\\vendor\\laravel\\framework\\src\\Illuminate\\Foundation\\Http\\Middleware\\VerifyCsrfToken.php(88): Illuminate\\Pipeline\\Pipeline->{closure:{closure:Illuminate\\Pipeline\\Pipeline::carry():184}:185}(Object(Illuminate\\Http\\Request))
#27 C:\\Code\\TrustCash\\vendor\\laravel\\framework\\src\\Illuminate\\Pipeline\\Pipeline.php(209): Illuminate\\Foundation\\Http\\Middleware\\VerifyCsrfToken->handle(Object(Illuminate\\Http\\Request), Object(Closure))
#28 C:\\Code\\TrustCash\\vendor\\laravel\\framework\\src\\Illuminate\\View\\Middleware\\ShareErrorsFromSession.php(49): Illuminate\\Pipeline\\Pipeline->{closure:{closure:Illuminate\\Pipeline\\Pipeline::carry():184}:185}(Object(Illuminate\\Http\\Request))
#29 C:\\Code\\TrustCash\\vendor\\laravel\\framework\\src\\Illuminate\\Pipeline\\Pipeline.php(209): Illuminate\\View\\Middleware\\ShareErrorsFromSession->handle(Object(Illuminate\\Http\\Request), Object(Closure))
#30 C:\\Code\\TrustCash\\vendor\\laravel\\framework\\src\\Illuminate\\Session\\Middleware\\StartSession.php(121): Illuminate\\Pipeline\\Pipeline->{closure:{closure:Illuminate\\Pipeline\\Pipeline::carry():184}:185}(Object(Illuminate\\Http\\Request))
#31 C:\\Code\\TrustCash\\vendor\\laravel\\framework\\src\\Illuminate\\Session\\Middleware\\StartSession.php(64): Illuminate\\Session\\Middleware\\StartSession->handleStatefulRequest(Object(Illuminate\\Http\\Request), Object(Illuminate\\Session\\Store), Object(Closure))
#32 C:\\Code\\TrustCash\\vendor\\laravel\\framework\\src\\Illuminate\\Pipeline\\Pipeline.php(209): Illuminate\\Session\\Middleware\\StartSession->handle(Object(Illuminate\\Http\\Request), Object(Closure))
#33 C:\\Code\\TrustCash\\vendor\\laravel\\framework\\src\\Illuminate\\Cookie\\Middleware\\AddQueuedCookiesToResponse.php(37): Illuminate\\Pipeline\\Pipeline->{closure:{closure:Illuminate\\Pipeline\\Pipeline::carry():184}:185}(Object(Illuminate\\Http\\Request))
#34 C:\\Code\\TrustCash\\vendor\\laravel\\framework\\src\\Illuminate\\Pipeline\\Pipeline.php(209): Illuminate\\Cookie\\Middleware\\AddQueuedCookiesToResponse->handle(Object(Illuminate\\Http\\Request), Object(Closure))
#35 C:\\Code\\TrustCash\\vendor\\laravel\\framework\\src\\Illuminate\\Cookie\\Middleware\\EncryptCookies.php(75): Illuminate\\Pipeline\\Pipeline->{closure:{closure:Illuminate\\Pipeline\\Pipeline::carry():184}:185}(Object(Illuminate\\Http\\Request))
#36 C:\\Code\\TrustCash\\vendor\\laravel\\framework\\src\\Illuminate\\Pipeline\\Pipeline.php(209): Illuminate\\Cookie\\Middleware\\EncryptCookies->handle(Object(Illuminate\\Http\\Request), Object(Closure))
#37 C:\\Code\\TrustCash\\app\\Http\\Middleware\\InitializeTenancyIfTenantDomain.php(76): Illuminate\\Pipeline\\Pipeline->{closure:{closure:Illuminate\\Pipeline\\Pipeline::carry():184}:185}(Object(Illuminate\\Http\\Request))
#38 C:\\Code\\TrustCash\\vendor\\laravel\\framework\\src\\Illuminate\\Pipeline\\Pipeline.php(209): App\\Http\\Middleware\\InitializeTenancyIfTenantDomain->handle(Object(Illuminate\\Http\\Request), Object(Closure))
#39 C:\\Code\\TrustCash\\vendor\\laravel\\framework\\src\\Illuminate\\Pipeline\\Pipeline.php(127): Illuminate\\Pipeline\\Pipeline->{closure:{closure:Illuminate\\Pipeline\\Pipeline::carry():184}:185}(Object(Illuminate\\Http\\Request))
#40 C:\\Code\\TrustCash\\vendor\\laravel\\framework\\src\\Illuminate\\Routing\\Router.php(807): Illuminate\\Pipeline\\Pipeline->then(Object(Closure))
#41 C:\\Code\\TrustCash\\vendor\\laravel\\framework\\src\\Illuminate\\Routing\\Router.php(786): Illuminate\\Routing\\Router->runRouteWithinStack(Object(Illuminate\\Routing\\Route), Object(Illuminate\\Http\\Request))
#42 C:\\Code\\TrustCash\\vendor\\laravel\\framework\\src\\Illuminate\\Routing\\Router.php(750): Illuminate\\Routing\\Router->runRoute(Object(Illuminate\\Http\\Request), Object(Illuminate\\Routing\\Route))
#43 C:\\Code\\TrustCash\\vendor\\laravel\\framework\\src\\Illuminate\\Routing\\Router.php(739): Illuminate\\Routing\\Router->dispatchToRoute(Object(Illuminate\\Http\\Request))
#44 C:\\Code\\TrustCash\\vendor\\laravel\\framework\\src\\Illuminate\\Foundation\\Http\\Kernel.php(201): Illuminate\\Routing\\Router->dispatch(Object(Illuminate\\Http\\Request))
#45 C:\\Code\\TrustCash\\vendor\\laravel\\framework\\src\\Illuminate\\Pipeline\\Pipeline.php(170): Illuminate\\Foundation\\Http\\Kernel->{closure:Illuminate\\Foundation\\Http\\Kernel::dispatchToRouter():198}(Object(Illuminate\\Http\\Request))
#46 C:\\Code\\TrustCash\\vendor\\laravel\\framework\\src\\Illuminate\\Foundation\\Http\\Middleware\\TransformsRequest.php(21): Illuminate\\Pipeline\\Pipeline->{closure:Illuminate\\Pipeline\\Pipeline::prepareDestination():168}(Object(Illuminate\\Http\\Request))
#47 C:\\Code\\TrustCash\\vendor\\laravel\\framework\\src\\Illuminate\\Foundation\\Http\\Middleware\\ConvertEmptyStringsToNull.php(31): Illuminate\\Foundation\\Http\\Middleware\\TransformsRequest->handle(Object(Illuminate\\Http\\Request), Object(Closure))
#48 C:\\Code\\TrustCash\\vendor\\laravel\\framework\\src\\Illuminate\\Pipeline\\Pipeline.php(209): Illuminate\\Foundation\\Http\\Middleware\\ConvertEmptyStringsToNull->handle(Object(Illuminate\\Http\\Request), Object(Closure))
#49 C:\\Code\\TrustCash\\vendor\\laravel\\framework\\src\\Illuminate\\Foundation\\Http\\Middleware\\TransformsRequest.php(21): Illuminate\\Pipeline\\Pipeline->{closure:{closure:Illuminate\\Pipeline\\Pipeline::carry():184}:185}(Object(Illuminate\\Http\\Request))
#50 C:\\Code\\TrustCash\\vendor\\laravel\\framework\\src\\Illuminate\\Foundation\\Http\\Middleware\\TrimStrings.php(51): Illuminate\\Foundation\\Http\\Middleware\\TransformsRequest->handle(Object(Illuminate\\Http\\Request), Object(Closure))
#51 C:\\Code\\TrustCash\\vendor\\laravel\\framework\\src\\Illuminate\\Pipeline\\Pipeline.php(209): Illuminate\\Foundation\\Http\\Middleware\\TrimStrings->handle(Object(Illuminate\\Http\\Request), Object(Closure))
#52 C:\\Code\\TrustCash\\vendor\\laravel\\framework\\src\\Illuminate\\Http\\Middleware\\ValidatePostSize.php(27): Illuminate\\Pipeline\\Pipeline->{closure:{closure:Illuminate\\Pipeline\\Pipeline::carry():184}:185}(Object(Illuminate\\Http\\Request))
#53 C:\\Code\\TrustCash\\vendor\\laravel\\framework\\src\\Illuminate\\Pipeline\\Pipeline.php(209): Illuminate\\Http\\Middleware\\ValidatePostSize->handle(Object(Illuminate\\Http\\Request), Object(Closure))
#54 C:\\Code\\TrustCash\\vendor\\laravel\\framework\\src\\Illuminate\\Foundation\\Http\\Middleware\\PreventRequestsDuringMaintenance.php(110): Illuminate\\Pipeline\\Pipeline->{closure:{closure:Illuminate\\Pipeline\\Pipeline::carry():184}:185}(Object(Illuminate\\Http\\Request))
#55 C:\\Code\\TrustCash\\vendor\\laravel\\framework\\src\\Illuminate\\Pipeline\\Pipeline.php(209): Illuminate\\Foundation\\Http\\Middleware\\PreventRequestsDuringMaintenance->handle(Object(Illuminate\\Http\\Request), Object(Closure))
#56 C:\\Code\\TrustCash\\vendor\\laravel\\framework\\src\\Illuminate\\Http\\Middleware\\HandleCors.php(49): Illuminate\\Pipeline\\Pipeline->{closure:{closure:Illuminate\\Pipeline\\Pipeline::carry():184}:185}(Object(Illuminate\\Http\\Request))
#57 C:\\Code\\TrustCash\\vendor\\laravel\\framework\\src\\Illuminate\\Pipeline\\Pipeline.php(209): Illuminate\\Http\\Middleware\\HandleCors->handle(Object(Illuminate\\Http\\Request), Object(Closure))
#58 C:\\Code\\TrustCash\\vendor\\laravel\\framework\\src\\Illuminate\\Http\\Middleware\\TrustProxies.php(58): Illuminate\\Pipeline\\Pipeline->{closure:{closure:Illuminate\\Pipeline\\Pipeline::carry():184}:185}(Object(Illuminate\\Http\\Request))
#59 C:\\Code\\TrustCash\\vendor\\laravel\\framework\\src\\Illuminate\\Pipeline\\Pipeline.php(209): Illuminate\\Http\\Middleware\\TrustProxies->handle(Object(Illuminate\\Http\\Request), Object(Closure))
#60 C:\\Code\\TrustCash\\vendor\\laravel\\framework\\src\\Illuminate\\Foundation\\Http\\Middleware\\InvokeDeferredCallbacks.php(22): Illuminate\\Pipeline\\Pipeline->{closure:{closure:Illuminate\\Pipeline\\Pipeline::carry():184}:185}(Object(Illuminate\\Http\\Request))
#61 C:\\Code\\TrustCash\\vendor\\laravel\\framework\\src\\Illuminate\\Pipeline\\Pipeline.php(209): Illuminate\\Foundation\\Http\\Middleware\\InvokeDeferredCallbacks->handle(Object(Illuminate\\Http\\Request), Object(Closure))
#62 C:\\Code\\TrustCash\\vendor\\laravel\\framework\\src\\Illuminate\\Pipeline\\Pipeline.php(127): Illuminate\\Pipeline\\Pipeline->{closure:{closure:Illuminate\\Pipeline\\Pipeline::carry():184}:185}(Object(Illuminate\\Http\\Request))
#63 C:\\Code\\TrustCash\\vendor\\laravel\\framework\\src\\Illuminate\\Foundation\\Http\\Kernel.php(176): Illuminate\\Pipeline\\Pipeline->then(Object(Closure))
#64 C:\\Code\\TrustCash\\vendor\\laravel\\framework\\src\\Illuminate\\Foundation\\Http\\Kernel.php(145): Illuminate\\Foundation\\Http\\Kernel->sendRequestThroughRouter(Object(Illuminate\\Http\\Request))
#65 C:\\Code\\TrustCash\\vendor\\laravel\\framework\\src\\Illuminate\\Foundation\\Application.php(1220): Illuminate\\Foundation\\Http\\Kernel->handle(Object(Illuminate\\Http\\Request))
#66 C:\\Code\\TrustCash\\public\\index.php(17): Illuminate\\Foundation\\Application->handleRequest(Object(Illuminate\\Http\\Request))
#67 C:\\Code\\TrustCash\\vendor\\laravel\\framework\\src\\Illuminate\\Foundation\\resources\\server.php(23): require_once('C:\\\\Code\\\\TrustCa...')
#68 {main}
"} 
[2026-09-27 13:04:37] testing.ERROR: SQLSTATE[HY000]: General error: 1364 Field 'role_id' doesn't have a default value (Connection: mysql, SQL: insert into `users` (`name`, `email`, `password`, `updated_at`, `created_at`) values (Test User, test@example.com, $2y$04$tKd2k86op0au4baYyy0v2einb7KssmrRrTTTzG9WBFRHYz1aRPUw6, 2026-09-27 13:04:37, 2026-09-27 13:04:37)) {"exception":"[object] (Illuminate\\Database\\QueryException(code: HY000): SQLSTATE[HY000]: General error: 1364 Field 'role_id' doesn't have a default value (Connection: mysql, SQL: insert into `users` (`name`, `email`, `password`, `updated_at`, `created_at`) values (Test User, test@example.com, $2y$04$tKd2k86op0au4baYyy0v2einb7KssmrRrTTTzG9WBFRHYz1aRPUw6, 2026-09-27 13:04:37, 2026-09-27 13:04:37)) at C:\\Code\\TrustCash\\vendor\\laravel\\framework\\src\\Illuminate\\Database\\Connection.php:825)
[stacktrace]
#0 C:\\Code\\TrustCash\\vendor\\laravel\\framework\\src\\Illuminate\\Database\\Connection.php(779): Illuminate\\Database\\Connection->runQueryCallback('insert into `us...', Array, Object(Closure))
#1 C:\\Code\\TrustCash\\vendor\\laravel\\framework\\src\\Illuminate\\Database\\MySqlConnection.php(42): Illuminate\\Database\\Connection->run('insert into `us...', Array, Object(Closure))
#2 C:\\Code\\TrustCash\\vendor\\laravel\\framework\\src\\Illuminate\\Database\\Query\\Processors\\MySqlProcessor.php(35): Illuminate\\Database\\MySqlConnection->insert('insert into `us...', Array, 'id')
#3 C:\\Code\\TrustCash\\vendor\\laravel\\framework\\src\\Illuminate\\Database\\Query\\Builder.php(3766): Illuminate\\Database\\Query\\Processors\\MySqlProcessor->processInsertGetId(Object(Illuminate\\Database\\Query\\Builder), 'insert into `us...', Array, 'id')
#4 C:\\Code\\TrustCash\\vendor\\laravel\\framework\\src\\Illuminate\\Database\\Eloquent\\Builder.php(2120): Illuminate\\Database\\Query\\Builder->insertGetId(Array, 'id')
#5 C:\\Code\\TrustCash\\vendor\\laravel\\framework\\src\\Illuminate\\Database\\Eloquent\\Model.php(1359): Illuminate\\Database\\Eloquent\\Builder->__call('insertGetId', Array)
#6 C:\\Code\\TrustCash\\vendor\\laravel\\framework\\src\\Illuminate\\Database\\Eloquent\\Model.php(1324): Illuminate\\Database\\Eloquent\\Model->insertAndSetId(Object(Illuminate\\Database\\Eloquent\\Builder), Array)
#7 C:\\Code\\TrustCash\\vendor\\laravel\\framework\\src\\Illuminate\\Database\\Eloquent\\Model.php(1163): Illuminate\\Database\\Eloquent\\Model->performInsert(Object(Illuminate\\Database\\Eloquent\\Builder))
#8 C:\\Code\\TrustCash\\vendor\\laravel\\framework\\src\\Illuminate\\Database\\Eloquent\\Builder.php(1128): Illuminate\\Database\\Eloquent\\Model->save()
#9 C:\\Code\\TrustCash\\vendor\\laravel\\framework\\src\\Illuminate\\Support\\helpers.php(399): Illuminate\\Database\\Eloquent\\Builder->{closure:Illuminate\\Database\\Eloquent\\Builder::create():1127}(Object(App\\Models\\User))
#10 C:\\Code\\TrustCash\\vendor\\laravel\\framework\\src\\Illuminate\\Database\\Eloquent\\Builder.php(1127): tap(Object(App\\Models\\User), Object(Closure))
#11 C:\\Code\\TrustCash\\vendor\\laravel\\framework\\src\\Illuminate\\Support\\Traits\\ForwardsCalls.php(23): Illuminate\\Database\\Eloquent\\Builder->create(Array)
#12 C:\\Code\\TrustCash\\vendor\\laravel\\framework\\src\\Illuminate\\Database\\Eloquent\\Model.php(2372): Illuminate\\Database\\Eloquent\\Model->forwardCallTo(Object(Illuminate\\Database\\Eloquent\\Builder), 'create', Array)
#13 C:\\Code\\TrustCash\\vendor\\laravel\\framework\\src\\Illuminate\\Database\\Eloquent\\Model.php(2384): Illuminate\\Database\\Eloquent\\Model->__call('create', Array)
#14 C:\\Code\\TrustCash\\app\\Http\\Controllers\\Auth\\RegisteredUserController.php(39): Illuminate\\Database\\Eloquent\\Model::__callStatic('create', Array)
#15 C:\\Code\\TrustCash\\vendor\\laravel\\framework\\src\\Illuminate\\Routing\\ControllerDispatcher.php(47): App\\Http\\Controllers\\Auth\\RegisteredUserController->store(Object(Illuminate\\Http\\Request))
#16 C:\\Code\\TrustCash\\vendor\\laravel\\framework\\src\\Illuminate\\Routing\\Route.php(266): Illuminate\\Routing\\ControllerDispatcher->dispatch(Object(Illuminate\\Routing\\Route), Object(App\\Http\\Controllers\\Auth\\RegisteredUserController), 'store')
#17 C:\\Code\\TrustCash\\vendor\\laravel\\framework\\src\\Illuminate\\Routing\\Route.php(212): Illuminate\\Routing\\Route->runController()
#18 C:\\Code\\TrustCash\\vendor\\laravel\\framework\\src\\Illuminate\\Routing\\Router.php(808): Illuminate\\Routing\\Route->run()
#19 C:\\Code\\TrustCash\\vendor\\laravel\\framework\\src\\Illuminate\\Pipeline\\Pipeline.php(170): Illuminate\\Routing\\Router->{closure:Illuminate\\Routing\\Router::runRouteWithinStack():807}(Object(Illuminate\\Http\\Request))
#20 C:\\Code\\TrustCash\\vendor\\laravel\\framework\\src\\Illuminate\\Auth\\Middleware\\RedirectIfAuthenticated.php(35): Illuminate\\Pipeline\\Pipeline->{closure:Illuminate\\Pipeline\\Pipeline::prepareDestination():168}(Object(Illuminate\\Http\\Request))
#21 C:\\Code\\TrustCash\\vendor\\laravel\\framework\\src\\Illuminate\\Pipeline\\Pipeline.php(209): Illuminate\\Auth\\Middleware\\RedirectIfAuthenticated->handle(Object(Illuminate\\Http\\Request), Object(Closure))
#22 C:\\Code\\TrustCash\\vendor\\laravel\\framework\\src\\Illuminate\\Http\\Middleware\\AddLinkHeadersForPreloadedAssets.php(20): Illuminate\\Pipeline\\Pipeline->{closure:{closure:Illuminate\\Pipeline\\Pipeline::carry():184}:185}(Object(Illuminate\\Http\\Request))
#23 C:\\Code\\TrustCash\\vendor\\laravel\\framework\\src\\Illuminate\\Pipeline\\Pipeline.php(209): Illuminate\\Http\\Middleware\\AddLinkHeadersForPreloadedAssets->handle(Object(Illuminate\\Http\\Request), Object(Closure))
#24 C:\\Code\\TrustCash\\vendor\\inertiajs\\inertia-laravel\\src\\Middleware.php(86): Illuminate\\Pipeline\\Pipeline->{closure:{closure:Illuminate\\Pipeline\\Pipeline::carry():184}:185}(Object(Illuminate\\Http\\Request))
#25 C:\\Code\\TrustCash\\vendor\\laravel\\framework\\src\\Illuminate\\Pipeline\\Pipeline.php(209): Inertia\\Middleware->handle(Object(Illuminate\\Http\\Request), Object(Closure))
#26 C:\\Code\\TrustCash\\vendor\\laravel\\framework\\src\\Illuminate\\Routing\\Middleware\\SubstituteBindings.php(51): Illuminate\\Pipeline\\Pipeline->{closure:{closure:Illuminate\\Pipeline\\Pipeline::carry():184}:185}(Object(Illuminate\\Http\\Request))
#27 C:\\Code\\TrustCash\\vendor\\laravel\\framework\\src\\Illuminate\\Pipeline\\Pipeline.php(209): Illuminate\\Routing\\Middleware\\SubstituteBindings->handle(Object(Illuminate\\Http\\Request), Object(Closure))
#28 C:\\Code\\TrustCash\\vendor\\laravel\\framework\\src\\Illuminate\\Foundation\\Http\\Middleware\\VerifyCsrfToken.php(88): Illuminate\\Pipeline\\Pipeline->{closure:{closure:Illuminate\\Pipeline\\Pipeline::carry():184}:185}(Object(Illuminate\\Http\\Request))
#29 C:\\Code\\TrustCash\\vendor\\laravel\\framework\\src\\Illuminate\\Pipeline\\Pipeline.php(209): Illuminate\\Foundation\\Http\\Middleware\\VerifyCsrfToken->handle(Object(Illuminate\\Http\\Request), Object(Closure))
#30 C:\\Code\\TrustCash\\vendor\\laravel\\framework\\src\\Illuminate\\View\\Middleware\\ShareErrorsFromSession.php(49): Illuminate\\Pipeline\\Pipeline->{closure:{closure:Illuminate\\Pipeline\\Pipeline::carry():184}:185}(Object(Illuminate\\Http\\Request))
#31 C:\\Code\\TrustCash\\vendor\\laravel\\framework\\src\\Illuminate\\Pipeline\\Pipeline.php(209): Illuminate\\View\\Middleware\\ShareErrorsFromSession->handle(Object(Illuminate\\Http\\Request), Object(Closure))
#32 C:\\Code\\TrustCash\\vendor\\laravel\\framework\\src\\Illuminate\\Session\\Middleware\\StartSession.php(121): Illuminate\\Pipeline\\Pipeline->{closure:{closure:Illuminate\\Pipeline\\Pipeline::carry():184}:185}(Object(Illuminate\\Http\\Request))
#33 C:\\Code\\TrustCash\\vendor\\laravel\\framework\\src\\Illuminate\\Session\\Middleware\\StartSession.php(64): Illuminate\\Session\\Middleware\\StartSession->handleStatefulRequest(Object(Illuminate\\Http\\Request), Object(Illuminate\\Session\\Store), Object(Closure))
#34 C:\\Code\\TrustCash\\vendor\\laravel\\framework\\src\\Illuminate\\Pipeline\\Pipeline.php(209): Illuminate\\Session\\Middleware\\StartSession->handle(Object(Illuminate\\Http\\Request), Object(Closure))
#35 C:\\Code\\TrustCash\\vendor\\laravel\\framework\\src\\Illuminate\\Cookie\\Middleware\\AddQueuedCookiesToResponse.php(37): Illuminate\\Pipeline\\Pipeline->{closure:{closure:Illuminate\\Pipeline\\Pipeline::carry():184}:185}(Object(Illuminate\\Http\\Request))
#36 C:\\Code\\TrustCash\\vendor\\laravel\\framework\\src\\Illuminate\\Pipeline\\Pipeline.php(209): Illuminate\\Cookie\\Middleware\\AddQueuedCookiesToResponse->handle(Object(Illuminate\\Http\\Request), Object(Closure))
#37 C:\\Code\\TrustCash\\vendor\\laravel\\framework\\src\\Illuminate\\Cookie\\Middleware\\EncryptCookies.php(75): Illuminate\\Pipeline\\Pipeline->{closure:{closure:Illuminate\\Pipeline\\Pipeline::carry():184}:185}(Object(Illuminate\\Http\\Request))
#38 C:\\Code\\TrustCash\\vendor\\laravel\\framework\\src\\Illuminate\\Pipeline\\Pipeline.php(209): Illuminate\\Cookie\\Middleware\\EncryptCookies->handle(Object(Illuminate\\Http\\Request), Object(Closure))
#39 C:\\Code\\TrustCash\\app\\Http\\Middleware\\InitializeTenancyIfTenantDomain.php(76): Illuminate\\Pipeline\\Pipeline->{closure:{closure:Illuminate\\Pipeline\\Pipeline::carry():184}:185}(Object(Illuminate\\Http\\Request))
#40 C:\\Code\\TrustCash\\vendor\\laravel\\framework\\src\\Illuminate\\Pipeline\\Pipeline.php(209): App\\Http\\Middleware\\InitializeTenancyIfTenantDomain->handle(Object(Illuminate\\Http\\Request), Object(Closure))
#41 C:\\Code\\TrustCash\\vendor\\laravel\\framework\\src\\Illuminate\\Pipeline\\Pipeline.php(127): Illuminate\\Pipeline\\Pipeline->{closure:{closure:Illuminate\\Pipeline\\Pipeline::carry():184}:185}(Object(Illuminate\\Http\\Request))
#42 C:\\Code\\TrustCash\\vendor\\laravel\\framework\\src\\Illuminate\\Routing\\Router.php(807): Illuminate\\Pipeline\\Pipeline->then(Object(Closure))
#43 C:\\Code\\TrustCash\\vendor\\laravel\\framework\\src\\Illuminate\\Routing\\Router.php(786): Illuminate\\Routing\\Router->runRouteWithinStack(Object(Illuminate\\Routing\\Route), Object(Illuminate\\Http\\Request))
#44 C:\\Code\\TrustCash\\vendor\\laravel\\framework\\src\\Illuminate\\Routing\\Router.php(750): Illuminate\\Routing\\Router->runRoute(Object(Illuminate\\Http\\Request), Object(Illuminate\\Routing\\Route))
#45 C:\\Code\\TrustCash\\vendor\\laravel\\framework\\src\\Illuminate\\Routing\\Router.php(739): Illuminate\\Routing\\Router->dispatchToRoute(Object(Illuminate\\Http\\Request))
#46 C:\\Code\\TrustCash\\vendor\\laravel\\framework\\src\\Illuminate\\Foundation\\Http\\Kernel.php(201): Illuminate\\Routing\\Router->dispatch(Object(Illuminate\\Http\\Request))
#47 C:\\Code\\TrustCash\\vendor\\laravel\\framework\\src\\Illuminate\\Pipeline\\Pipeline.php(170): Illuminate\\Foundation\\Http\\Kernel->{closure:Illuminate\\Foundation\\Http\\Kernel::dispatchToRouter():198}(Object(Illuminate\\Http\\Request))
#48 C:\\Code\\TrustCash\\vendor\\laravel\\framework\\src\\Illuminate\\Foundation\\Http\\Middleware\\TransformsRequest.php(21): Illuminate\\Pipeline\\Pipeline->{closure:Illuminate\\Pipeline\\Pipeline::prepareDestination():168}(Object(Illuminate\\Http\\Request))
#49 C:\\Code\\TrustCash\\vendor\\laravel\\framework\\src\\Illuminate\\Foundation\\Http\\Middleware\\ConvertEmptyStringsToNull.php(31): Illuminate\\Foundation\\Http\\Middleware\\TransformsRequest->handle(Object(Illuminate\\Http\\Request), Object(Closure))
#50 C:\\Code\\TrustCash\\vendor\\laravel\\framework\\src\\Illuminate\\Pipeline\\Pipeline.php(209): Illuminate\\Foundation\\Http\\Middleware\\ConvertEmptyStringsToNull->handle(Object(Illuminate\\Http\\Request), Object(Closure))
#51 C:\\Code\\TrustCash\\vendor\\laravel\\framework\\src\\Illuminate\\Foundation\\Http\\Middleware\\TransformsRequest.php(21): Illuminate\\Pipeline\\Pipeline->{closure:{closure:Illuminate\\Pipeline\\Pipeline::carry():184}:185}(Object(Illuminate\\Http\\Request))
#52 C:\\Code\\TrustCash\\vendor\\laravel\\framework\\src\\Illuminate\\Foundation\\Http\\Middleware\\TrimStrings.php(51): Illuminate\\Foundation\\Http\\Middleware\\TransformsRequest->handle(Object(Illuminate\\Http\\Request), Object(Closure))
#53 C:\\Code\\TrustCash\\vendor\\laravel\\framework\\src\\Illuminate\\Pipeline\\Pipeline.php(209): Illuminate\\Foundation\\Http\\Middleware\\TrimStrings->handle(Object(Illuminate\\Http\\Request), Object(Closure))
#54 C:\\Code\\TrustCash\\vendor\\laravel\\framework\\src\\Illuminate\\Http\\Middleware\\ValidatePostSize.php(27): Illuminate\\Pipeline\\Pipeline->{closure:{closure:Illuminate\\Pipeline\\Pipeline::carry():184}:185}(Object(Illuminate\\Http\\Request))
#55 C:\\Code\\TrustCash\\vendor\\laravel\\framework\\src\\Illuminate\\Pipeline\\Pipeline.php(209): Illuminate\\Http\\Middleware\\ValidatePostSize->handle(Object(Illuminate\\Http\\Request), Object(Closure))
#56 C:\\Code\\TrustCash\\vendor\\laravel\\framework\\src\\Illuminate\\Foundation\\Http\\Middleware\\PreventRequestsDuringMaintenance.php(110): Illuminate\\Pipeline\\Pipeline->{closure:{closure:Illuminate\\Pipeline\\Pipeline::carry():184}:185}(Object(Illuminate\\Http\\Request))
#57 C:\\Code\\TrustCash\\vendor\\laravel\\framework\\src\\Illuminate\\Pipeline\\Pipeline.php(209): Illuminate\\Foundation\\Http\\Middleware\\PreventRequestsDuringMaintenance->handle(Object(Illuminate\\Http\\Request), Object(Closure))
#58 C:\\Code\\TrustCash\\vendor\\laravel\\framework\\src\\Illuminate\\Http\\Middleware\\HandleCors.php(49): Illuminate\\Pipeline\\Pipeline->{closure:{closure:Illuminate\\Pipeline\\Pipeline::carry():184}:185}(Object(Illuminate\\Http\\Request))
#59 C:\\Code\\TrustCash\\vendor\\laravel\\framework\\src\\Illuminate\\Pipeline\\Pipeline.php(209): Illuminate\\Http\\Middleware\\HandleCors->handle(Object(Illuminate\\Http\\Request), Object(Closure))
#60 C:\\Code\\TrustCash\\vendor\\laravel\\framework\\src\\Illuminate\\Http\\Middleware\\TrustProxies.php(58): Illuminate\\Pipeline\\Pipeline->{closure:{closure:Illuminate\\Pipeline\\Pipeline::carry():184}:185}(Object(Illuminate\\Http\\Request))
#61 C:\\Code\\TrustCash\\vendor\\laravel\\framework\\src\\Illuminate\\Pipeline\\Pipeline.php(209): Illuminate\\Http\\Middleware\\TrustProxies->handle(Object(Illuminate\\Http\\Request), Object(Closure))
#62 C:\\Code\\TrustCash\\vendor\\laravel\\framework\\src\\Illuminate\\Foundation\\Http\\Middleware\\InvokeDeferredCallbacks.php(22): Illuminate\\Pipeline\\Pipeline->{closure:{closure:Illuminate\\Pipeline\\Pipeline::carry():184}:185}(Object(Illuminate\\Http\\Request))
#63 C:\\Code\\TrustCash\\vendor\\laravel\\framework\\src\\Illuminate\\Pipeline\\Pipeline.php(209): Illuminate\\Foundation\\Http\\Middleware\\InvokeDeferredCallbacks->handle(Object(Illuminate\\Http\\Request), Object(Closure))
#64 C:\\Code\\TrustCash\\vendor\\laravel\\framework\\src\\Illuminate\\Pipeline\\Pipeline.php(127): Illuminate\\Pipeline\\Pipeline->{closure:{closure:Illuminate\\Pipeline\\Pipeline::carry():184}:185}(Object(Illuminate\\Http\\Request))
#65 C:\\Code\\TrustCash\\vendor\\laravel\\framework\\src\\Illuminate\\Foundation\\Http\\Kernel.php(176): Illuminate\\Pipeline\\Pipeline->then(Object(Closure))
#66 C:\\Code\\TrustCash\\vendor\\laravel\\framework\\src\\Illuminate\\Foundation\\Http\\Kernel.php(145): Illuminate\\Foundation\\Http\\Kernel->sendRequestThroughRouter(Object(Illuminate\\Http\\Request))
#67 C:\\Code\\TrustCash\\vendor\\laravel\\framework\\src\\Illuminate\\Foundation\\Testing\\Concerns\\MakesHttpRequests.php(607): Illuminate\\Foundation\\Http\\Kernel->handle(Object(Illuminate\\Http\\Request))
#68 C:\\Code\\TrustCash\\vendor\\laravel\\framework\\src\\Illuminate\\Foundation\\Testing\\Concerns\\MakesHttpRequests.php(397): Illuminate\\Foundation\\Testing\\TestCase->call('POST', '/register', Array, Array, Array, Array)
#69 C:\\Code\\TrustCash\\tests\\Feature\\Auth\\RegistrationTest.php(21): Illuminate\\Foundation\\Testing\\TestCase->post('/register', Array)
#70 C:\\Code\\TrustCash\\vendor\\phpunit\\phpunit\\src\\Framework\\TestCase.php(1240): Tests\\Feature\\Auth\\RegistrationTest->test_new_users_can_register()
#71 C:\\Code\\TrustCash\\vendor\\phpunit\\phpunit\\src\\Framework\\TestCase.php(514): PHPUnit\\Framework\\TestCase->runTest()
#72 C:\\Code\\TrustCash\\vendor\\phpunit\\phpunit\\src\\Framework\\TestRunner\\TestRunner.php(87): PHPUnit\\Framework\\TestCase->runBare()
#73 C:\\Code\\TrustCash\\vendor\\phpunit\\phpunit\\src\\Framework\\TestCase.php(361): PHPUnit\\Framework\\TestRunner->run(Object(Tests\\Feature\\Auth\\RegistrationTest))
#74 C:\\Code\\TrustCash\\vendor\\phpunit\\phpunit\\src\\Framework\\TestSuite.php(369): PHPUnit\\Framework\\TestCase->run()
#75 C:\\Code\\TrustCash\\vendor\\phpunit\\phpunit\\src\\Framework\\TestSuite.php(369): PHPUnit\\Framework\\TestSuite->run()
#76 C:\\Code\\TrustCash\\vendor\\phpunit\\phpunit\\src\\Framework\\TestSuite.php(369): PHPUnit\\Framework\\TestSuite->run()
#77 C:\\Code\\TrustCash\\vendor\\phpunit\\phpunit\\src\\TextUI\\TestRunner.php(64): PHPUnit\\Framework\\TestSuite->run()
#78 C:\\Code\\TrustCash\\vendor\\phpunit\\phpunit\\src\\TextUI\\Application.php(210): PHPUnit\\TextUI\\TestRunner->run(Object(PHPUnit\\TextUI\\Configuration\\Configuration), Object(PHPUnit\\Runner\\ResultCache\\DefaultResultCache), Object(PHPUnit\\Framework\\TestSuite))
#79 C:\\Code\\TrustCash\\vendor\\phpunit\\phpunit\\phpunit(104): PHPUnit\\TextUI\\Application->run(Array)
#80 {main}

[previous exception] [object] (PDOException(code: HY000): SQLSTATE[HY000]: General error: 1364 Field 'role_id' doesn't have a default value at C:\\Code\\TrustCash\\vendor\\laravel\\framework\\src\\Illuminate\\Database\\MySqlConnection.php:53)
[stacktrace]
#0 C:\\Code\\TrustCash\\vendor\\laravel\\framework\\src\\Illuminate\\Database\\MySqlConnection.php(53): PDOStatement->execute()
#1 C:\\Code\\TrustCash\\vendor\\laravel\\framework\\src\\Illuminate\\Database\\Connection.php(812): Illuminate\\Database\\MySqlConnection->{closure:Illuminate\\Database\\MySqlConnection::insert():42}('insert into `us...', Array)
#2 C:\\Code\\TrustCash\\vendor\\laravel\\framework\\src\\Illuminate\\Database\\Connection.php(779): Illuminate\\Database\\Connection->runQueryCallback('insert into `us...', Array, Object(Closure))
#3 C:\\Code\\TrustCash\\vendor\\laravel\\framework\\src\\Illuminate\\Database\\MySqlConnection.php(42): Illuminate\\Database\\Connection->run('insert into `us...', Array, Object(Closure))
#4 C:\\Code\\TrustCash\\vendor\\laravel\\framework\\src\\Illuminate\\Database\\Query\\Processors\\MySqlProcessor.php(35): Illuminate\\Database\\MySqlConnection->insert('insert into `us...', Array, 'id')
#5 C:\\Code\\TrustCash\\vendor\\laravel\\framework\\src\\Illuminate\\Database\\Query\\Builder.php(3766): Illuminate\\Database\\Query\\Processors\\MySqlProcessor->processInsertGetId(Object(Illuminate\\Database\\Query\\Builder), 'insert into `us...', Array, 'id')
#6 C:\\Code\\TrustCash\\vendor\\laravel\\framework\\src\\Illuminate\\Database\\Eloquent\\Builder.php(2120): Illuminate\\Database\\Query\\Builder->insertGetId(Array, 'id')
#7 C:\\Code\\TrustCash\\vendor\\laravel\\framework\\src\\Illuminate\\Database\\Eloquent\\Model.php(1359): Illuminate\\Database\\Eloquent\\Builder->__call('insertGetId', Array)
#8 C:\\Code\\TrustCash\\vendor\\laravel\\framework\\src\\Illuminate\\Database\\Eloquent\\Model.php(1324): Illuminate\\Database\\Eloquent\\Model->insertAndSetId(Object(Illuminate\\Database\\Eloquent\\Builder), Array)
#9 C:\\Code\\TrustCash\\vendor\\laravel\\framework\\src\\Illuminate\\Database\\Eloquent\\Model.php(1163): Illuminate\\Database\\Eloquent\\Model->performInsert(Object(Illuminate\\Database\\Eloquent\\Builder))
#10 C:\\Code\\TrustCash\\vendor\\laravel\\framework\\src\\Illuminate\\Database\\Eloquent\\Builder.php(1128): Illuminate\\Database\\Eloquent\\Model->save()
#11 C:\\Code\\TrustCash\\vendor\\laravel\\framework\\src\\Illuminate\\Support\\helpers.php(399): Illuminate\\Database\\Eloquent\\Builder->{closure:Illuminate\\Database\\Eloquent\\Builder::create():1127}(Object(App\\Models\\User))
#12 C:\\Code\\TrustCash\\vendor\\laravel\\framework\\src\\Illuminate\\Database\\Eloquent\\Builder.php(1127): tap(Object(App\\Models\\User), Object(Closure))
#13 C:\\Code\\TrustCash\\vendor\\laravel\\framework\\src\\Illuminate\\Support\\Traits\\ForwardsCalls.php(23): Illuminate\\Database\\Eloquent\\Builder->create(Array)
#14 C:\\Code\\TrustCash\\vendor\\laravel\\framework\\src\\Illuminate\\Database\\Eloquent\\Model.php(2372): Illuminate\\Database\\Eloquent\\Model->forwardCallTo(Object(Illuminate\\Database\\Eloquent\\Builder), 'create', Array)
#15 C:\\Code\\TrustCash\\vendor\\laravel\\framework\\src\\Illuminate\\Database\\Eloquent\\Model.php(2384): Illuminate\\Database\\Eloquent\\Model->__call('create', Array)
#16 C:\\Code\\TrustCash\\app\\Http\\Controllers\\Auth\\RegisteredUserController.php(39): Illuminate\\Database\\Eloquent\\Model::__callStatic('create', Array)
#17 C:\\Code\\TrustCash\\vendor\\laravel\\framework\\src\\Illuminate\\Routing\\ControllerDispatcher.php(47): App\\Http\\Controllers\\Auth\\RegisteredUserController->store(Object(Illuminate\\Http\\Request))
#18 C:\\Code\\TrustCash\\vendor\\laravel\\framework\\src\\Illuminate\\Routing\\Route.php(266): Illuminate\\Routing\\ControllerDispatcher->dispatch(Object(Illuminate\\Routing\\Route), Object(App\\Http\\Controllers\\Auth\\RegisteredUserController), 'store')
#19 C:\\Code\\TrustCash\\vendor\\laravel\\framework\\src\\Illuminate\\Routing\\Route.php(212): Illuminate\\Routing\\Route->runController()
#20 C:\\Code\\TrustCash\\vendor\\laravel\\framework\\src\\Illuminate\\Routing\\Router.php(808): Illuminate\\Routing\\Route->run()
#21 C:\\Code\\TrustCash\\vendor\\laravel\\framework\\src\\Illuminate\\Pipeline\\Pipeline.php(170): Illuminate\\Routing\\Router->{closure:Illuminate\\Routing\\Router::runRouteWithinStack():807}(Object(Illuminate\\Http\\Request))
#22 C:\\Code\\TrustCash\\vendor\\laravel\\framework\\src\\Illuminate\\Auth\\Middleware\\RedirectIfAuthenticated.php(35): Illuminate\\Pipeline\\Pipeline->{closure:Illuminate\\Pipeline\\Pipeline::prepareDestination():168}(Object(Illuminate\\Http\\Request))
#23 C:\\Code\\TrustCash\\vendor\\laravel\\framework\\src\\Illuminate\\Pipeline\\Pipeline.php(209): Illuminate\\Auth\\Middleware\\RedirectIfAuthenticated->handle(Object(Illuminate\\Http\\Request), Object(Closure))
#24 C:\\Code\\TrustCash\\vendor\\laravel\\framework\\src\\Illuminate\\Http\\Middleware\\AddLinkHeadersForPreloadedAssets.php(20): Illuminate\\Pipeline\\Pipeline->{closure:{closure:Illuminate\\Pipeline\\Pipeline::carry():184}:185}(Object(Illuminate\\Http\\Request))
#25 C:\\Code\\TrustCash\\vendor\\laravel\\framework\\src\\Illuminate\\Pipeline\\Pipeline.php(209): Illuminate\\Http\\Middleware\\AddLinkHeadersForPreloadedAssets->handle(Object(Illuminate\\Http\\Request), Object(Closure))
#26 C:\\Code\\TrustCash\\vendor\\inertiajs\\inertia-laravel\\src\\Middleware.php(86): Illuminate\\Pipeline\\Pipeline->{closure:{closure:Illuminate\\Pipeline\\Pipeline::carry():184}:185}(Object(Illuminate\\Http\\Request))
#27 C:\\Code\\TrustCash\\vendor\\laravel\\framework\\src\\Illuminate\\Pipeline\\Pipeline.php(209): Inertia\\Middleware->handle(Object(Illuminate\\Http\\Request), Object(Closure))
#28 C:\\Code\\TrustCash\\vendor\\laravel\\framework\\src\\Illuminate\\Routing\\Middleware\\SubstituteBindings.php(51): Illuminate\\Pipeline\\Pipeline->{closure:{closure:Illuminate\\Pipeline\\Pipeline::carry():184}:185}(Object(Illuminate\\Http\\Request))
#29 C:\\Code\\TrustCash\\vendor\\laravel\\framework\\src\\Illuminate\\Pipeline\\Pipeline.php(209): Illuminate\\Routing\\Middleware\\SubstituteBindings->handle(Object(Illuminate\\Http\\Request), Object(Closure))
#30 C:\\Code\\TrustCash\\vendor\\laravel\\framework\\src\\Illuminate\\Foundation\\Http\\Middleware\\VerifyCsrfToken.php(88): Illuminate\\Pipeline\\Pipeline->{closure:{closure:Illuminate\\Pipeline\\Pipeline::carry():184}:185}(Object(Illuminate\\Http\\Request))
#31 C:\\Code\\TrustCash\\vendor\\laravel\\framework\\src\\Illuminate\\Pipeline\\Pipeline.php(209): Illuminate\\Foundation\\Http\\Middleware\\VerifyCsrfToken->handle(Object(Illuminate\\Http\\Request), Object(Closure))
#32 C:\\Code\\TrustCash\\vendor\\laravel\\framework\\src\\Illuminate\\View\\Middleware\\ShareErrorsFromSession.php(49): Illuminate\\Pipeline\\Pipeline->{closure:{closure:Illuminate\\Pipeline\\Pipeline::carry():184}:185}(Object(Illuminate\\Http\\Request))
#33 C:\\Code\\TrustCash\\vendor\\laravel\\framework\\src\\Illuminate\\Pipeline\\Pipeline.php(209): Illuminate\\View\\Middleware\\ShareErrorsFromSession->handle(Object(Illuminate\\Http\\Request), Object(Closure))
#34 C:\\Code\\TrustCash\\vendor\\laravel\\framework\\src\\Illuminate\\Session\\Middleware\\StartSession.php(121): Illuminate\\Pipeline\\Pipeline->{closure:{closure:Illuminate\\Pipeline\\Pipeline::carry():184}:185}(Object(Illuminate\\Http\\Request))
#35 C:\\Code\\TrustCash\\vendor\\laravel\\framework\\src\\Illuminate\\Session\\Middleware\\StartSession.php(64): Illuminate\\Session\\Middleware\\StartSession->handleStatefulRequest(Object(Illuminate\\Http\\Request), Object(Illuminate\\Session\\Store), Object(Closure))
#36 C:\\Code\\TrustCash\\vendor\\laravel\\framework\\src\\Illuminate\\Pipeline\\Pipeline.php(209): Illuminate\\Session\\Middleware\\StartSession->handle(Object(Illuminate\\Http\\Request), Object(Closure))
#37 C:\\Code\\TrustCash\\vendor\\laravel\\framework\\src\\Illuminate\\Cookie\\Middleware\\AddQueuedCookiesToResponse.php(37): Illuminate\\Pipeline\\Pipeline->{closure:{closure:Illuminate\\Pipeline\\Pipeline::carry():184}:185}(Object(Illuminate\\Http\\Request))
#38 C:\\Code\\TrustCash\\vendor\\laravel\\framework\\src\\Illuminate\\Pipeline\\Pipeline.php(209): Illuminate\\Cookie\\Middleware\\AddQueuedCookiesToResponse->handle(Object(Illuminate\\Http\\Request), Object(Closure))
#39 C:\\Code\\TrustCash\\vendor\\laravel\\framework\\src\\Illuminate\\Cookie\\Middleware\\EncryptCookies.php(75): Illuminate\\Pipeline\\Pipeline->{closure:{closure:Illuminate\\Pipeline\\Pipeline::carry():184}:185}(Object(Illuminate\\Http\\Request))
#40 C:\\Code\\TrustCash\\vendor\\laravel\\framework\\src\\Illuminate\\Pipeline\\Pipeline.php(209): Illuminate\\Cookie\\Middleware\\EncryptCookies->handle(Object(Illuminate\\Http\\Request), Object(Closure))
#41 C:\\Code\\TrustCash\\app\\Http\\Middleware\\InitializeTenancyIfTenantDomain.php(76): Illuminate\\Pipeline\\Pipeline->{closure:{closure:Illuminate\\Pipeline\\Pipeline::carry():184}:185}(Object(Illuminate\\Http\\Request))
#42 C:\\Code\\TrustCash\\vendor\\laravel\\framework\\src\\Illuminate\\Pipeline\\Pipeline.php(209): App\\Http\\Middleware\\InitializeTenancyIfTenantDomain->handle(Object(Illuminate\\Http\\Request), Object(Closure))
#43 C:\\Code\\TrustCash\\vendor\\laravel\\framework\\src\\Illuminate\\Pipeline\\Pipeline.php(127): Illuminate\\Pipeline\\Pipeline->{closure:{closure:Illuminate\\Pipeline\\Pipeline::carry():184}:185}(Object(Illuminate\\Http\\Request))
#44 C:\\Code\\TrustCash\\vendor\\laravel\\framework\\src\\Illuminate\\Routing\\Router.php(807): Illuminate\\Pipeline\\Pipeline->then(Object(Closure))
#45 C:\\Code\\TrustCash\\vendor\\laravel\\framework\\src\\Illuminate\\Routing\\Router.php(786): Illuminate\\Routing\\Router->runRouteWithinStack(Object(Illuminate\\Routing\\Route), Object(Illuminate\\Http\\Request))
#46 C:\\Code\\TrustCash\\vendor\\laravel\\framework\\src\\Illuminate\\Routing\\Router.php(750): Illuminate\\Routing\\Router->runRoute(Object(Illuminate\\Http\\Request), Object(Illuminate\\Routing\\Route))
#47 C:\\Code\\TrustCash\\vendor\\laravel\\framework\\src\\Illuminate\\Routing\\Router.php(739): Illuminate\\Routing\\Router->dispatchToRoute(Object(Illuminate\\Http\\Request))
#48 C:\\Code\\TrustCash\\vendor\\laravel\\framework\\src\\Illuminate\\Foundation\\Http\\Kernel.php(201): Illuminate\\Routing\\Router->dispatch(Object(Illuminate\\Http\\Request))
#49 C:\\Code\\TrustCash\\vendor\\laravel\\framework\\src\\Illuminate\\Pipeline\\Pipeline.php(170): Illuminate\\Foundation\\Http\\Kernel->{closure:Illuminate\\Foundation\\Http\\Kernel::dispatchToRouter():198}(Object(Illuminate\\Http\\Request))
#50 C:\\Code\\TrustCash\\vendor\\laravel\\framework\\src\\Illuminate\\Foundation\\Http\\Middleware\\TransformsRequest.php(21): Illuminate\\Pipeline\\Pipeline->{closure:Illuminate\\Pipeline\\Pipeline::prepareDestination():168}(Object(Illuminate\\Http\\Request))
#51 C:\\Code\\TrustCash\\vendor\\laravel\\framework\\src\\Illuminate\\Foundation\\Http\\Middleware\\ConvertEmptyStringsToNull.php(31): Illuminate\\Foundation\\Http\\Middleware\\TransformsRequest->handle(Object(Illuminate\\Http\\Request), Object(Closure))
#52 C:\\Code\\TrustCash\\vendor\\laravel\\framework\\src\\Illuminate\\Pipeline\\Pipeline.php(209): Illuminate\\Foundation\\Http\\Middleware\\ConvertEmptyStringsToNull->handle(Object(Illuminate\\Http\\Request), Object(Closure))
#53 C:\\Code\\TrustCash\\vendor\\laravel\\framework\\src\\Illuminate\\Foundation\\Http\\Middleware\\TransformsRequest.php(21): Illuminate\\Pipeline\\Pipeline->{closure:{closure:Illuminate\\Pipeline\\Pipeline::carry():184}:185}(Object(Illuminate\\Http\\Request))
#54 C:\\Code\\TrustCash\\vendor\\laravel\\framework\\src\\Illuminate\\Foundation\\Http\\Middleware\\TrimStrings.php(51): Illuminate\\Foundation\\Http\\Middleware\\TransformsRequest->handle(Object(Illuminate\\Http\\Request), Object(Closure))
#55 C:\\Code\\TrustCash\\vendor\\laravel\\framework\\src\\Illuminate\\Pipeline\\Pipeline.php(209): Illuminate\\Foundation\\Http\\Middleware\\TrimStrings->handle(Object(Illuminate\\Http\\Request), Object(Closure))
#56 C:\\Code\\TrustCash\\vendor\\laravel\\framework\\src\\Illuminate\\Http\\Middleware\\ValidatePostSize.php(27): Illuminate\\Pipeline\\Pipeline->{closure:{closure:Illuminate\\Pipeline\\Pipeline::carry():184}:185}(Object(Illuminate\\Http\\Request))
#57 C:\\Code\\TrustCash\\vendor\\laravel\\framework\\src\\Illuminate\\Pipeline\\Pipeline.php(209): Illuminate\\Http\\Middleware\\ValidatePostSize->handle(Object(Illuminate\\Http\\Request), Object(Closure))
#58 C:\\Code\\TrustCash\\vendor\\laravel\\framework\\src\\Illuminate\\Foundation\\Http\\Middleware\\PreventRequestsDuringMaintenance.php(110): Illuminate\\Pipeline\\Pipeline->{closure:{closure:Illuminate\\Pipeline\\Pipeline::carry():184}:185}(Object(Illuminate\\Http\\Request))
#59 C:\\Code\\TrustCash\\vendor\\laravel\\framework\\src\\Illuminate\\Pipeline\\Pipeline.php(209): Illuminate\\Foundation\\Http\\Middleware\\PreventRequestsDuringMaintenance->handle(Object(Illuminate\\Http\\Request), Object(Closure))
#60 C:\\Code\\TrustCash\\vendor\\laravel\\framework\\src\\Illuminate\\Http\\Middleware\\HandleCors.php(49): Illuminate\\Pipeline\\Pipeline->{closure:{closure:Illuminate\\Pipeline\\Pipeline::carry():184}:185}(Object(Illuminate\\Http\\Request))
#61 C:\\Code\\TrustCash\\vendor\\laravel\\framework\\src\\Illuminate\\Pipeline\\Pipeline.php(209): Illuminate\\Http\\Middleware\\HandleCors->handle(Object(Illuminate\\Http\\Request), Object(Closure))
#62 C:\\Code\\TrustCash\\vendor\\laravel\\framework\\src\\Illuminate\\Http\\Middleware\\TrustProxies.php(58): Illuminate\\Pipeline\\Pipeline->{closure:{closure:Illuminate\\Pipeline\\Pipeline::carry():184}:185}(Object(Illuminate\\Http\\Request))
#63 C:\\Code\\TrustCash\\vendor\\laravel\\framework\\src\\Illuminate\\Pipeline\\Pipeline.php(209): Illuminate\\Http\\Middleware\\TrustProxies->handle(Object(Illuminate\\Http\\Request), Object(Closure))
#64 C:\\Code\\TrustCash\\vendor\\laravel\\framework\\src\\Illuminate\\Foundation\\Http\\Middleware\\InvokeDeferredCallbacks.php(22): Illuminate\\Pipeline\\Pipeline->{closure:{closure:Illuminate\\Pipeline\\Pipeline::carry():184}:185}(Object(Illuminate\\Http\\Request))
#65 C:\\Code\\TrustCash\\vendor\\laravel\\framework\\src\\Illuminate\\Pipeline\\Pipeline.php(209): Illuminate\\Foundation\\Http\\Middleware\\InvokeDeferredCallbacks->handle(Object(Illuminate\\Http\\Request), Object(Closure))
#66 C:\\Code\\TrustCash\\vendor\\laravel\\framework\\src\\Illuminate\\Pipeline\\Pipeline.php(127): Illuminate\\Pipeline\\Pipeline->{closure:{closure:Illuminate\\Pipeline\\Pipeline::carry():184}:185}(Object(Illuminate\\Http\\Request))
#67 C:\\Code\\TrustCash\\vendor\\laravel\\framework\\src\\Illuminate\\Foundation\\Http\\Kernel.php(176): Illuminate\\Pipeline\\Pipeline->then(Object(Closure))
#68 C:\\Code\\TrustCash\\vendor\\laravel\\framework\\src\\Illuminate\\Foundation\\Http\\Kernel.php(145): Illuminate\\Foundation\\Http\\Kernel->sendRequestThroughRouter(Object(Illuminate\\Http\\Request))
#69 C:\\Code\\TrustCash\\vendor\\laravel\\framework\\src\\Illuminate\\Foundation\\Testing\\Concerns\\MakesHttpRequests.php(607): Illuminate\\Foundation\\Http\\Kernel->handle(Object(Illuminate\\Http\\Request))
#70 C:\\Code\\TrustCash\\vendor\\laravel\\framework\\src\\Illuminate\\Foundation\\Testing\\Concerns\\MakesHttpRequests.php(397): Illuminate\\Foundation\\Testing\\TestCase->call('POST', '/register', Array, Array, Array, Array)
#71 C:\\Code\\TrustCash\\tests\\Feature\\Auth\\RegistrationTest.php(21): Illuminate\\Foundation\\Testing\\TestCase->post('/register', Array)
#72 C:\\Code\\TrustCash\\vendor\\phpunit\\phpunit\\src\\Framework\\TestCase.php(1240): Tests\\Feature\\Auth\\RegistrationTest->test_new_users_can_register()
#73 C:\\Code\\TrustCash\\vendor\\phpunit\\phpunit\\src\\Framework\\TestCase.php(514): PHPUnit\\Framework\\TestCase->runTest()
#74 C:\\Code\\TrustCash\\vendor\\phpunit\\phpunit\\src\\Framework\\TestRunner\\TestRunner.php(87): PHPUnit\\Framework\\TestCase->runBare()
#75 C:\\Code\\TrustCash\\vendor\\phpunit\\phpunit\\src\\Framework\\TestCase.php(361): PHPUnit\\Framework\\TestRunner->run(Object(Tests\\Feature\\Auth\\RegistrationTest))
#76 C:\\Code\\TrustCash\\vendor\\phpunit\\phpunit\\src\\Framework\\TestSuite.php(369): PHPUnit\\Framework\\TestCase->run()
#77 C:\\Code\\TrustCash\\vendor\\phpunit\\phpunit\\src\\Framework\\TestSuite.php(369): PHPUnit\\Framework\\TestSuite->run()
#78 C:\\Code\\TrustCash\\vendor\\phpunit\\phpunit\\src\\Framework\\TestSuite.php(369): PHPUnit\\Framework\\TestSuite->run()
#79 C:\\Code\\TrustCash\\vendor\\phpunit\\phpunit\\src\\TextUI\\TestRunner.php(64): PHPUnit\\Framework\\TestSuite->run()
#80 C:\\Code\\TrustCash\\vendor\\phpunit\\phpunit\\src\\TextUI\\Application.php(210): PHPUnit\\TextUI\\TestRunner->run(Object(PHPUnit\\TextUI\\Configuration\\Configuration), Object(PHPUnit\\Runner\\ResultCache\\DefaultResultCache), Object(PHPUnit\\Framework\\TestSuite))
#81 C:\\Code\\TrustCash\\vendor\\phpunit\\phpunit\\phpunit(104): PHPUnit\\TextUI\\Application->run(Array)
#82 {main}
"} 
[2026-09-28 03:42:22] local.ERROR: Vite manifest not found at: C:\Code\TrustCash\public\build/manifest.json (View: C:\Code\TrustCash\resources\views\app.blade.php) {"userId":1,"exception":"[object] (Illuminate\\View\\ViewException(code: 0): Vite manifest not found at: C:\\Code\\TrustCash\\public\\build/manifest.json (View: C:\\Code\\TrustCash\\resources\\views\\app.blade.php) at C:\\Code\\TrustCash\\vendor\\laravel\\framework\\src\\Illuminate\\Foundation\\Vite.php:934)
[stacktrace]
#0 C:\\Code\\TrustCash\\vendor\\laravel\\framework\\src\\Illuminate\\View\\Engines\\PhpEngine.php(60): Illuminate\\View\\Engines\\CompilerEngine->handleViewException(Object(Illuminate\\Foundation\\ViteManifestNotFoundException), 1)
#1 C:\\Code\\TrustCash\\vendor\\laravel\\framework\\src\\Illuminate\\View\\Engines\\CompilerEngine.php(75): Illuminate\\View\\Engines\\PhpEngine->evaluatePath('C:\\\\Code\\\\TrustCa...', Array)
#2 C:\\Code\\TrustCash\\vendor\\laravel\\framework\\src\\Illuminate\\View\\View.php(209): Illuminate\\View\\Engines\\CompilerEngine->get('C:\\\\Code\\\\TrustCa...', Array)
#3 C:\\Code\\TrustCash\\vendor\\laravel\\framework\\src\\Illuminate\\View\\View.php(192): Illuminate\\View\\View->getContents()
#4 C:\\Code\\TrustCash\\vendor\\laravel\\framework\\src\\Illuminate\\View\\View.php(161): Illuminate\\View\\View->renderContents()
#5 C:\\Code\\TrustCash\\vendor\\laravel\\framework\\src\\Illuminate\\Http\\Response.php(79): Illuminate\\View\\View->render()
#6 C:\\Code\\TrustCash\\vendor\\laravel\\framework\\src\\Illuminate\\Http\\Response.php(35): Illuminate\\Http\\Response->setContent(Object(Illuminate\\View\\View))
#7 C:\\Code\\TrustCash\\vendor\\laravel\\framework\\src\\Illuminate\\Routing\\ResponseFactory.php(60): Illuminate\\Http\\Response->__construct(Object(Illuminate\\View\\View), 200, Array)
#8 C:\\Code\\TrustCash\\vendor\\laravel\\framework\\src\\Illuminate\\Routing\\ResponseFactory.php(90): Illuminate\\Routing\\ResponseFactory->make(Object(Illuminate\\View\\View), 200, Array)
#9 C:\\Code\\TrustCash\\vendor\\laravel\\framework\\src\\Illuminate\\Support\\Facades\\Facade.php(361): Illuminate\\Routing\\ResponseFactory->view('app', Array)
#10 C:\\Code\\TrustCash\\vendor\\inertiajs\\inertia-laravel\\src\\Response.php(106): Illuminate\\Support\\Facades\\Facade::__callStatic('view', Array)
#11 C:\\Code\\TrustCash\\vendor\\laravel\\framework\\src\\Illuminate\\Routing\\Router.php(902): Inertia\\Response->toResponse(Object(Illuminate\\Http\\Request))
#12 C:\\Code\\TrustCash\\vendor\\laravel\\framework\\src\\Illuminate\\Routing\\Router.php(887): Illuminate\\Routing\\Router::toResponse(Object(Illuminate\\Http\\Request), Object(Inertia\\Response))
#13 C:\\Code\\TrustCash\\vendor\\laravel\\framework\\src\\Illuminate\\Routing\\Router.php(807): Illuminate\\Routing\\Router->prepareResponse(Object(Illuminate\\Http\\Request), Object(Inertia\\Response))
#14 C:\\Code\\TrustCash\\vendor\\laravel\\framework\\src\\Illuminate\\Pipeline\\Pipeline.php(170): Illuminate\\Routing\\Router->{closure:Illuminate\\Routing\\Router::runRouteWithinStack():807}(Object(Illuminate\\Http\\Request))
#15 C:\\Code\\TrustCash\\vendor\\laravel\\boost\\src\\Middleware\\InjectBoost.php(22): Illuminate\\Pipeline\\Pipeline->{closure:Illuminate\\Pipeline\\Pipeline::prepareDestination():168}(Object(Illuminate\\Http\\Request))
#16 C:\\Code\\TrustCash\\vendor\\laravel\\framework\\src\\Illuminate\\Pipeline\\Pipeline.php(209): Laravel\\Boost\\Middleware\\InjectBoost->handle(Object(Illuminate\\Http\\Request), Object(Closure))
#17 C:\\Code\\TrustCash\\vendor\\laravel\\framework\\src\\Illuminate\\Http\\Middleware\\AddLinkHeadersForPreloadedAssets.php(20): Illuminate\\Pipeline\\Pipeline->{closure:{closure:Illuminate\\Pipeline\\Pipeline::carry():184}:185}(Object(Illuminate\\Http\\Request))
#18 C:\\Code\\TrustCash\\vendor\\laravel\\framework\\src\\Illuminate\\Pipeline\\Pipeline.php(209): Illuminate\\Http\\Middleware\\AddLinkHeadersForPreloadedAssets->handle(Object(Illuminate\\Http\\Request), Object(Closure))
#19 C:\\Code\\TrustCash\\vendor\\inertiajs\\inertia-laravel\\src\\Middleware.php(86): Illuminate\\Pipeline\\Pipeline->{closure:{closure:Illuminate\\Pipeline\\Pipeline::carry():184}:185}(Object(Illuminate\\Http\\Request))
#20 C:\\Code\\TrustCash\\vendor\\laravel\\framework\\src\\Illuminate\\Pipeline\\Pipeline.php(209): Inertia\\Middleware->handle(Object(Illuminate\\Http\\Request), Object(Closure))
#21 C:\\Code\\TrustCash\\vendor\\laravel\\framework\\src\\Illuminate\\Routing\\Middleware\\SubstituteBindings.php(51): Illuminate\\Pipeline\\Pipeline->{closure:{closure:Illuminate\\Pipeline\\Pipeline::carry():184}:185}(Object(Illuminate\\Http\\Request))
#22 C:\\Code\\TrustCash\\vendor\\laravel\\framework\\src\\Illuminate\\Pipeline\\Pipeline.php(209): Illuminate\\Routing\\Middleware\\SubstituteBindings->handle(Object(Illuminate\\Http\\Request), Object(Closure))
#23 C:\\Code\\TrustCash\\vendor\\laravel\\framework\\src\\Illuminate\\Auth\\Middleware\\Authenticate.php(64): Illuminate\\Pipeline\\Pipeline->{closure:{closure:Illuminate\\Pipeline\\Pipeline::carry():184}:185}(Object(Illuminate\\Http\\Request))
#24 C:\\Code\\TrustCash\\vendor\\laravel\\framework\\src\\Illuminate\\Pipeline\\Pipeline.php(209): Illuminate\\Auth\\Middleware\\Authenticate->handle(Object(Illuminate\\Http\\Request), Object(Closure))
#25 C:\\Code\\TrustCash\\vendor\\laravel\\framework\\src\\Illuminate\\Foundation\\Http\\Middleware\\VerifyCsrfToken.php(88): Illuminate\\Pipeline\\Pipeline->{closure:{closure:Illuminate\\Pipeline\\Pipeline::carry():184}:185}(Object(Illuminate\\Http\\Request))
#26 C:\\Code\\TrustCash\\vendor\\laravel\\framework\\src\\Illuminate\\Pipeline\\Pipeline.php(209): Illuminate\\Foundation\\Http\\Middleware\\VerifyCsrfToken->handle(Object(Illuminate\\Http\\Request), Object(Closure))
#27 C:\\Code\\TrustCash\\vendor\\laravel\\framework\\src\\Illuminate\\View\\Middleware\\ShareErrorsFromSession.php(49): Illuminate\\Pipeline\\Pipeline->{closure:{closure:Illuminate\\Pipeline\\Pipeline::carry():184}:185}(Object(Illuminate\\Http\\Request))
#28 C:\\Code\\TrustCash\\vendor\\laravel\\framework\\src\\Illuminate\\Pipeline\\Pipeline.php(209): Illuminate\\View\\Middleware\\ShareErrorsFromSession->handle(Object(Illuminate\\Http\\Request), Object(Closure))
#29 C:\\Code\\TrustCash\\vendor\\laravel\\framework\\src\\Illuminate\\Session\\Middleware\\StartSession.php(121): Illuminate\\Pipeline\\Pipeline->{closure:{closure:Illuminate\\Pipeline\\Pipeline::carry():184}:185}(Object(Illuminate\\Http\\Request))
#30 C:\\Code\\TrustCash\\vendor\\laravel\\framework\\src\\Illuminate\\Session\\Middleware\\StartSession.php(64): Illuminate\\Session\\Middleware\\StartSession->handleStatefulRequest(Object(Illuminate\\Http\\Request), Object(Illuminate\\Session\\Store), Object(Closure))
#31 C:\\Code\\TrustCash\\vendor\\laravel\\framework\\src\\Illuminate\\Pipeline\\Pipeline.php(209): Illuminate\\Session\\Middleware\\StartSession->handle(Object(Illuminate\\Http\\Request), Object(Closure))
#32 C:\\Code\\TrustCash\\vendor\\laravel\\framework\\src\\Illuminate\\Cookie\\Middleware\\AddQueuedCookiesToResponse.php(37): Illuminate\\Pipeline\\Pipeline->{closure:{closure:Illuminate\\Pipeline\\Pipeline::carry():184}:185}(Object(Illuminate\\Http\\Request))
#33 C:\\Code\\TrustCash\\vendor\\laravel\\framework\\src\\Illuminate\\Pipeline\\Pipeline.php(209): Illuminate\\Cookie\\Middleware\\AddQueuedCookiesToResponse->handle(Object(Illuminate\\Http\\Request), Object(Closure))
#34 C:\\Code\\TrustCash\\vendor\\laravel\\framework\\src\\Illuminate\\Cookie\\Middleware\\EncryptCookies.php(75): Illuminate\\Pipeline\\Pipeline->{closure:{closure:Illuminate\\Pipeline\\Pipeline::carry():184}:185}(Object(Illuminate\\Http\\Request))
#35 C:\\Code\\TrustCash\\vendor\\laravel\\framework\\src\\Illuminate\\Pipeline\\Pipeline.php(209): Illuminate\\Cookie\\Middleware\\EncryptCookies->handle(Object(Illuminate\\Http\\Request), Object(Closure))
#36 C:\\Code\\TrustCash\\app\\Http\\Middleware\\InitializeTenancyIfTenantDomain.php(76): Illuminate\\Pipeline\\Pipeline->{closure:{closure:Illuminate\\Pipeline\\Pipeline::carry():184}:185}(Object(Illuminate\\Http\\Request))
#37 C:\\Code\\TrustCash\\vendor\\laravel\\framework\\src\\Illuminate\\Pipeline\\Pipeline.php(209): App\\Http\\Middleware\\InitializeTenancyIfTenantDomain->handle(Object(Illuminate\\Http\\Request), Object(Closure))
#38 C:\\Code\\TrustCash\\vendor\\laravel\\framework\\src\\Illuminate\\Pipeline\\Pipeline.php(127): Illuminate\\Pipeline\\Pipeline->{closure:{closure:Illuminate\\Pipeline\\Pipeline::carry():184}:185}(Object(Illuminate\\Http\\Request))
#39 C:\\Code\\TrustCash\\vendor\\laravel\\framework\\src\\Illuminate\\Routing\\Router.php(807): Illuminate\\Pipeline\\Pipeline->then(Object(Closure))
#40 C:\\Code\\TrustCash\\vendor\\laravel\\framework\\src\\Illuminate\\Routing\\Router.php(786): Illuminate\\Routing\\Router->runRouteWithinStack(Object(Illuminate\\Routing\\Route), Object(Illuminate\\Http\\Request))
#41 C:\\Code\\TrustCash\\vendor\\laravel\\framework\\src\\Illuminate\\Routing\\Router.php(750): Illuminate\\Routing\\Router->runRoute(Object(Illuminate\\Http\\Request), Object(Illuminate\\Routing\\Route))
#42 C:\\Code\\TrustCash\\vendor\\laravel\\framework\\src\\Illuminate\\Routing\\Router.php(739): Illuminate\\Routing\\Router->dispatchToRoute(Object(Illuminate\\Http\\Request))
#43 C:\\Code\\TrustCash\\vendor\\laravel\\framework\\src\\Illuminate\\Foundation\\Http\\Kernel.php(201): Illuminate\\Routing\\Router->dispatch(Object(Illuminate\\Http\\Request))
#44 C:\\Code\\TrustCash\\vendor\\laravel\\framework\\src\\Illuminate\\Pipeline\\Pipeline.php(170): Illuminate\\Foundation\\Http\\Kernel->{closure:Illuminate\\Foundation\\Http\\Kernel::dispatchToRouter():198}(Object(Illuminate\\Http\\Request))
#45 C:\\Code\\TrustCash\\vendor\\laravel\\framework\\src\\Illuminate\\Foundation\\Http\\Middleware\\TransformsRequest.php(21): Illuminate\\Pipeline\\Pipeline->{closure:Illuminate\\Pipeline\\Pipeline::prepareDestination():168}(Object(Illuminate\\Http\\Request))
#46 C:\\Code\\TrustCash\\vendor\\laravel\\framework\\src\\Illuminate\\Foundation\\Http\\Middleware\\ConvertEmptyStringsToNull.php(31): Illuminate\\Foundation\\Http\\Middleware\\TransformsRequest->handle(Object(Illuminate\\Http\\Request), Object(Closure))
#47 C:\\Code\\TrustCash\\vendor\\laravel\\framework\\src\\Illuminate\\Pipeline\\Pipeline.php(209): Illuminate\\Foundation\\Http\\Middleware\\ConvertEmptyStringsToNull->handle(Object(Illuminate\\Http\\Request), Object(Closure))
#48 C:\\Code\\TrustCash\\vendor\\laravel\\framework\\src\\Illuminate\\Foundation\\Http\\Middleware\\TransformsRequest.php(21): Illuminate\\Pipeline\\Pipeline->{closure:{closure:Illuminate\\Pipeline\\Pipeline::carry():184}:185}(Object(Illuminate\\Http\\Request))
#49 C:\\Code\\TrustCash\\vendor\\laravel\\framework\\src\\Illuminate\\Foundation\\Http\\Middleware\\TrimStrings.php(51): Illuminate\\Foundation\\Http\\Middleware\\TransformsRequest->handle(Object(Illuminate\\Http\\Request), Object(Closure))
#50 C:\\Code\\TrustCash\\vendor\\laravel\\framework\\src\\Illuminate\\Pipeline\\Pipeline.php(209): Illuminate\\Foundation\\Http\\Middleware\\TrimStrings->handle(Object(Illuminate\\Http\\Request), Object(Closure))
#51 C:\\Code\\TrustCash\\vendor\\laravel\\framework\\src\\Illuminate\\Http\\Middleware\\ValidatePostSize.php(27): Illuminate\\Pipeline\\Pipeline->{closure:{closure:Illuminate\\Pipeline\\Pipeline::carry():184}:185}(Object(Illuminate\\Http\\Request))
#52 C:\\Code\\TrustCash\\vendor\\laravel\\framework\\src\\Illuminate\\Pipeline\\Pipeline.php(209): Illuminate\\Http\\Middleware\\ValidatePostSize->handle(Object(Illuminate\\Http\\Request), Object(Closure))
#53 C:\\Code\\TrustCash\\vendor\\laravel\\framework\\src\\Illuminate\\Foundation\\Http\\Middleware\\PreventRequestsDuringMaintenance.php(110): Illuminate\\Pipeline\\Pipeline->{closure:{closure:Illuminate\\Pipeline\\Pipeline::carry():184}:185}(Object(Illuminate\\Http\\Request))
#54 C:\\Code\\TrustCash\\vendor\\laravel\\framework\\src\\Illuminate\\Pipeline\\Pipeline.php(209): Illuminate\\Foundation\\Http\\Middleware\\PreventRequestsDuringMaintenance->handle(Object(Illuminate\\Http\\Request), Object(Closure))
#55 C:\\Code\\TrustCash\\vendor\\laravel\\framework\\src\\Illuminate\\Http\\Middleware\\HandleCors.php(49): Illuminate\\Pipeline\\Pipeline->{closure:{closure:Illuminate\\Pipeline\\Pipeline::carry():184}:185}(Object(Illuminate\\Http\\Request))
#56 C:\\Code\\TrustCash\\vendor\\laravel\\framework\\src\\Illuminate\\Pipeline\\Pipeline.php(209): Illuminate\\Http\\Middleware\\HandleCors->handle(Object(Illuminate\\Http\\Request), Object(Closure))
#57 C:\\Code\\TrustCash\\vendor\\laravel\\framework\\src\\Illuminate\\Http\\Middleware\\TrustProxies.php(58): Illuminate\\Pipeline\\Pipeline->{closure:{closure:Illuminate\\Pipeline\\Pipeline::carry():184}:185}(Object(Illuminate\\Http\\Request))
#58 C:\\Code\\TrustCash\\vendor\\laravel\\framework\\src\\Illuminate\\Pipeline\\Pipeline.php(209): Illuminate\\Http\\Middleware\\TrustProxies->handle(Object(Illuminate\\Http\\Request), Object(Closure))
#59 C:\\Code\\TrustCash\\vendor\\laravel\\framework\\src\\Illuminate\\Foundation\\Http\\Middleware\\InvokeDeferredCallbacks.php(22): Illuminate\\Pipeline\\Pipeline->{closure:{closure:Illuminate\\Pipeline\\Pipeline::carry():184}:185}(Object(Illuminate\\Http\\Request))
#60 C:\\Code\\TrustCash\\vendor\\laravel\\framework\\src\\Illuminate\\Pipeline\\Pipeline.php(209): Illuminate\\Foundation\\Http\\Middleware\\InvokeDeferredCallbacks->handle(Object(Illuminate\\Http\\Request), Object(Closure))
#61 C:\\Code\\TrustCash\\vendor\\laravel\\framework\\src\\Illuminate\\Pipeline\\Pipeline.php(127): Illuminate\\Pipeline\\Pipeline->{closure:{closure:Illuminate\\Pipeline\\Pipeline::carry():184}:185}(Object(Illuminate\\Http\\Request))
#62 C:\\Code\\TrustCash\\vendor\\laravel\\framework\\src\\Illuminate\\Foundation\\Http\\Kernel.php(176): Illuminate\\Pipeline\\Pipeline->then(Object(Closure))
#63 C:\\Code\\TrustCash\\vendor\\laravel\\framework\\src\\Illuminate\\Foundation\\Http\\Kernel.php(145): Illuminate\\Foundation\\Http\\Kernel->sendRequestThroughRouter(Object(Illuminate\\Http\\Request))
#64 C:\\Code\\TrustCash\\vendor\\laravel\\framework\\src\\Illuminate\\Foundation\\Application.php(1220): Illuminate\\Foundation\\Http\\Kernel->handle(Object(Illuminate\\Http\\Request))
#65 C:\\Code\\TrustCash\\public\\index.php(17): Illuminate\\Foundation\\Application->handleRequest(Object(Illuminate\\Http\\Request))
#66 C:\\Code\\TrustCash\\vendor\\laravel\\framework\\src\\Illuminate\\Foundation\\resources\\server.php(23): require_once('C:\\\\Code\\\\TrustCa...')
#67 {main}

[previous exception] [object] (Illuminate\\Foundation\\ViteManifestNotFoundException(code: 0): Vite manifest not found at: C:\\Code\\TrustCash\\public\\build/manifest.json at C:\\Code\\TrustCash\\vendor\\laravel\\framework\\src\\Illuminate\\Foundation\\Vite.php:934)
[stacktrace]
#0 C:\\Code\\TrustCash\\vendor\\laravel\\framework\\src\\Illuminate\\Foundation\\Vite.php(384): Illuminate\\Foundation\\Vite->manifest('build')
#1 C:\\Code\\TrustCash\\storage\\framework\\views\\b7c387934ff474067307be6a912beece.php(20): Illuminate\\Foundation\\Vite->__invoke(Object(Illuminate\\Support\\Collection))
#2 C:\\Code\\TrustCash\\vendor\\laravel\\framework\\src\\Illuminate\\Filesystem\\Filesystem.php(123): require('C:\\\\Code\\\\TrustCa...')
#3 C:\\Code\\TrustCash\\vendor\\laravel\\framework\\src\\Illuminate\\Filesystem\\Filesystem.php(124): Illuminate\\Filesystem\\Filesystem::{closure:Illuminate\\Filesystem\\Filesystem::getRequire():120}()
#4 C:\\Code\\TrustCash\\vendor\\laravel\\framework\\src\\Illuminate\\View\\Engines\\PhpEngine.php(58): Illuminate\\Filesystem\\Filesystem->getRequire('C:\\\\Code\\\\TrustCa...', Array)
#5 C:\\Code\\TrustCash\\vendor\\laravel\\framework\\src\\Illuminate\\View\\Engines\\CompilerEngine.php(75): Illuminate\\View\\Engines\\PhpEngine->evaluatePath('C:\\\\Code\\\\TrustCa...', Array)
#6 C:\\Code\\TrustCash\\vendor\\laravel\\framework\\src\\Illuminate\\View\\View.php(209): Illuminate\\View\\Engines\\CompilerEngine->get('C:\\\\Code\\\\TrustCa...', Array)
#7 C:\\Code\\TrustCash\\vendor\\laravel\\framework\\src\\Illuminate\\View\\View.php(192): Illuminate\\View\\View->getContents()
#8 C:\\Code\\TrustCash\\vendor\\laravel\\framework\\src\\Illuminate\\View\\View.php(161): Illuminate\\View\\View->renderContents()
#9 C:\\Code\\TrustCash\\vendor\\laravel\\framework\\src\\Illuminate\\Http\\Response.php(79): Illuminate\\View\\View->render()
#10 C:\\Code\\TrustCash\\vendor\\laravel\\framework\\src\\Illuminate\\Http\\Response.php(35): Illuminate\\Http\\Response->setContent(Object(Illuminate\\View\\View))
#11 C:\\Code\\TrustCash\\vendor\\laravel\\framework\\src\\Illuminate\\Routing\\ResponseFactory.php(60): Illuminate\\Http\\Response->__construct(Object(Illuminate\\View\\View), 200, Array)
#12 C:\\Code\\TrustCash\\vendor\\laravel\\framework\\src\\Illuminate\\Routing\\ResponseFactory.php(90): Illuminate\\Routing\\ResponseFactory->make(Object(Illuminate\\View\\View), 200, Array)
#13 C:\\Code\\TrustCash\\vendor\\laravel\\framework\\src\\Illuminate\\Support\\Facades\\Facade.php(361): Illuminate\\Routing\\ResponseFactory->view('app', Array)
#14 C:\\Code\\TrustCash\\vendor\\inertiajs\\inertia-laravel\\src\\Response.php(106): Illuminate\\Support\\Facades\\Facade::__callStatic('view', Array)
#15 C:\\Code\\TrustCash\\vendor\\laravel\\framework\\src\\Illuminate\\Routing\\Router.php(902): Inertia\\Response->toResponse(Object(Illuminate\\Http\\Request))
#16 C:\\Code\\TrustCash\\vendor\\laravel\\framework\\src\\Illuminate\\Routing\\Router.php(887): Illuminate\\Routing\\Router::toResponse(Object(Illuminate\\Http\\Request), Object(Inertia\\Response))
#17 C:\\Code\\TrustCash\\vendor\\laravel\\framework\\src\\Illuminate\\Routing\\Router.php(807): Illuminate\\Routing\\Router->prepareResponse(Object(Illuminate\\Http\\Request), Object(Inertia\\Response))
#18 C:\\Code\\TrustCash\\vendor\\laravel\\framework\\src\\Illuminate\\Pipeline\\Pipeline.php(170): Illuminate\\Routing\\Router->{closure:Illuminate\\Routing\\Router::runRouteWithinStack():807}(Object(Illuminate\\Http\\Request))
#19 C:\\Code\\TrustCash\\vendor\\laravel\\boost\\src\\Middleware\\InjectBoost.php(22): Illuminate\\Pipeline\\Pipeline->{closure:Illuminate\\Pipeline\\Pipeline::prepareDestination():168}(Object(Illuminate\\Http\\Request))
#20 C:\\Code\\TrustCash\\vendor\\laravel\\framework\\src\\Illuminate\\Pipeline\\Pipeline.php(209): Laravel\\Boost\\Middleware\\InjectBoost->handle(Object(Illuminate\\Http\\Request), Object(Closure))
#21 C:\\Code\\TrustCash\\vendor\\laravel\\framework\\src\\Illuminate\\Http\\Middleware\\AddLinkHeadersForPreloadedAssets.php(20): Illuminate\\Pipeline\\Pipeline->{closure:{closure:Illuminate\\Pipeline\\Pipeline::carry():184}:185}(Object(Illuminate\\Http\\Request))
#22 C:\\Code\\TrustCash\\vendor\\laravel\\framework\\src\\Illuminate\\Pipeline\\Pipeline.php(209): Illuminate\\Http\\Middleware\\AddLinkHeadersForPreloadedAssets->handle(Object(Illuminate\\Http\\Request), Object(Closure))
#23 C:\\Code\\TrustCash\\vendor\\inertiajs\\inertia-laravel\\src\\Middleware.php(86): Illuminate\\Pipeline\\Pipeline->{closure:{closure:Illuminate\\Pipeline\\Pipeline::carry():184}:185}(Object(Illuminate\\Http\\Request))
#24 C:\\Code\\TrustCash\\vendor\\laravel\\framework\\src\\Illuminate\\Pipeline\\Pipeline.php(209): Inertia\\Middleware->handle(Object(Illuminate\\Http\\Request), Object(Closure))
#25 C:\\Code\\TrustCash\\vendor\\laravel\\framework\\src\\Illuminate\\Routing\\Middleware\\SubstituteBindings.php(51): Illuminate\\Pipeline\\Pipeline->{closure:{closure:Illuminate\\Pipeline\\Pipeline::carry():184}:185}(Object(Illuminate\\Http\\Request))
#26 C:\\Code\\TrustCash\\vendor\\laravel\\framework\\src\\Illuminate\\Pipeline\\Pipeline.php(209): Illuminate\\Routing\\Middleware\\SubstituteBindings->handle(Object(Illuminate\\Http\\Request), Object(Closure))
#27 C:\\Code\\TrustCash\\vendor\\laravel\\framework\\src\\Illuminate\\Auth\\Middleware\\Authenticate.php(64): Illuminate\\Pipeline\\Pipeline->{closure:{closure:Illuminate\\Pipeline\\Pipeline::carry():184}:185}(Object(Illuminate\\Http\\Request))
#28 C:\\Code\\TrustCash\\vendor\\laravel\\framework\\src\\Illuminate\\Pipeline\\Pipeline.php(209): Illuminate\\Auth\\Middleware\\Authenticate->handle(Object(Illuminate\\Http\\Request), Object(Closure))
#29 C:\\Code\\TrustCash\\vendor\\laravel\\framework\\src\\Illuminate\\Foundation\\Http\\Middleware\\VerifyCsrfToken.php(88): Illuminate\\Pipeline\\Pipeline->{closure:{closure:Illuminate\\Pipeline\\Pipeline::carry():184}:185}(Object(Illuminate\\Http\\Request))
#30 C:\\Code\\TrustCash\\vendor\\laravel\\framework\\src\\Illuminate\\Pipeline\\Pipeline.php(209): Illuminate\\Foundation\\Http\\Middleware\\VerifyCsrfToken->handle(Object(Illuminate\\Http\\Request), Object(Closure))
#31 C:\\Code\\TrustCash\\vendor\\laravel\\framework\\src\\Illuminate\\View\\Middleware\\ShareErrorsFromSession.php(49): Illuminate\\Pipeline\\Pipeline->{closure:{closure:Illuminate\\Pipeline\\Pipeline::carry():184}:185}(Object(Illuminate\\Http\\Request))
#32 C:\\Code\\TrustCash\\vendor\\laravel\\framework\\src\\Illuminate\\Pipeline\\Pipeline.php(209): Illuminate\\View\\Middleware\\ShareErrorsFromSession->handle(Object(Illuminate\\Http\\Request), Object(Closure))
#33 C:\\Code\\TrustCash\\vendor\\laravel\\framework\\src\\Illuminate\\Session\\Middleware\\StartSession.php(121): Illuminate\\Pipeline\\Pipeline->{closure:{closure:Illuminate\\Pipeline\\Pipeline::carry():184}:185}(Object(Illuminate\\Http\\Request))
#34 C:\\Code\\TrustCash\\vendor\\laravel\\framework\\src\\Illuminate\\Session\\Middleware\\StartSession.php(64): Illuminate\\Session\\Middleware\\StartSession->handleStatefulRequest(Object(Illuminate\\Http\\Request), Object(Illuminate\\Session\\Store), Object(Closure))
#35 C:\\Code\\TrustCash\\vendor\\laravel\\framework\\src\\Illuminate\\Pipeline\\Pipeline.php(209): Illuminate\\Session\\Middleware\\StartSession->handle(Object(Illuminate\\Http\\Request), Object(Closure))
#36 C:\\Code\\TrustCash\\vendor\\laravel\\framework\\src\\Illuminate\\Cookie\\Middleware\\AddQueuedCookiesToResponse.php(37): Illuminate\\Pipeline\\Pipeline->{closure:{closure:Illuminate\\Pipeline\\Pipeline::carry():184}:185}(Object(Illuminate\\Http\\Request))
#37 C:\\Code\\TrustCash\\vendor\\laravel\\framework\\src\\Illuminate\\Pipeline\\Pipeline.php(209): Illuminate\\Cookie\\Middleware\\AddQueuedCookiesToResponse->handle(Object(Illuminate\\Http\\Request), Object(Closure))
#38 C:\\Code\\TrustCash\\vendor\\laravel\\framework\\src\\Illuminate\\Cookie\\Middleware\\EncryptCookies.php(75): Illuminate\\Pipeline\\Pipeline->{closure:{closure:Illuminate\\Pipeline\\Pipeline::carry():184}:185}(Object(Illuminate\\Http\\Request))
#39 C:\\Code\\TrustCash\\vendor\\laravel\\framework\\src\\Illuminate\\Pipeline\\Pipeline.php(209): Illuminate\\Cookie\\Middleware\\EncryptCookies->handle(Object(Illuminate\\Http\\Request), Object(Closure))
#40 C:\\Code\\TrustCash\\app\\Http\\Middleware\\InitializeTenancyIfTenantDomain.php(76): Illuminate\\Pipeline\\Pipeline->{closure:{closure:Illuminate\\Pipeline\\Pipeline::carry():184}:185}(Object(Illuminate\\Http\\Request))
#41 C:\\Code\\TrustCash\\vendor\\laravel\\framework\\src\\Illuminate\\Pipeline\\Pipeline.php(209): App\\Http\\Middleware\\InitializeTenancyIfTenantDomain->handle(Object(Illuminate\\Http\\Request), Object(Closure))
#42 C:\\Code\\TrustCash\\vendor\\laravel\\framework\\src\\Illuminate\\Pipeline\\Pipeline.php(127): Illuminate\\Pipeline\\Pipeline->{closure:{closure:Illuminate\\Pipeline\\Pipeline::carry():184}:185}(Object(Illuminate\\Http\\Request))
#43 C:\\Code\\TrustCash\\vendor\\laravel\\framework\\src\\Illuminate\\Routing\\Router.php(807): Illuminate\\Pipeline\\Pipeline->then(Object(Closure))
#44 C:\\Code\\TrustCash\\vendor\\laravel\\framework\\src\\Illuminate\\Routing\\Router.php(786): Illuminate\\Routing\\Router->runRouteWithinStack(Object(Illuminate\\Routing\\Route), Object(Illuminate\\Http\\Request))
#45 C:\\Code\\TrustCash\\vendor\\laravel\\framework\\src\\Illuminate\\Routing\\Router.php(750): Illuminate\\Routing\\Router->runRoute(Object(Illuminate\\Http\\Request), Object(Illuminate\\Routing\\Route))
#46 C:\\Code\\TrustCash\\vendor\\laravel\\framework\\src\\Illuminate\\Routing\\Router.php(739): Illuminate\\Routing\\Router->dispatchToRoute(Object(Illuminate\\Http\\Request))
#47 C:\\Code\\TrustCash\\vendor\\laravel\\framework\\src\\Illuminate\\Foundation\\Http\\Kernel.php(201): Illuminate\\Routing\\Router->dispatch(Object(Illuminate\\Http\\Request))
#48 C:\\Code\\TrustCash\\vendor\\laravel\\framework\\src\\Illuminate\\Pipeline\\Pipeline.php(170): Illuminate\\Foundation\\Http\\Kernel->{closure:Illuminate\\Foundation\\Http\\Kernel::dispatchToRouter():198}(Object(Illuminate\\Http\\Request))
#49 C:\\Code\\TrustCash\\vendor\\laravel\\framework\\src\\Illuminate\\Foundation\\Http\\Middleware\\TransformsRequest.php(21): Illuminate\\Pipeline\\Pipeline->{closure:Illuminate\\Pipeline\\Pipeline::prepareDestination():168}(Object(Illuminate\\Http\\Request))
#50 C:\\Code\\TrustCash\\vendor\\laravel\\framework\\src\\Illuminate\\Foundation\\Http\\Middleware\\ConvertEmptyStringsToNull.php(31): Illuminate\\Foundation\\Http\\Middleware\\TransformsRequest->handle(Object(Illuminate\\Http\\Request), Object(Closure))
#51 C:\\Code\\TrustCash\\vendor\\laravel\\framework\\src\\Illuminate\\Pipeline\\Pipeline.php(209): Illuminate\\Foundation\\Http\\Middleware\\ConvertEmptyStringsToNull->handle(Object(Illuminate\\Http\\Request), Object(Closure))
#52 C:\\Code\\TrustCash\\vendor\\laravel\\framework\\src\\Illuminate\\Foundation\\Http\\Middleware\\TransformsRequest.php(21): Illuminate\\Pipeline\\Pipeline->{closure:{closure:Illuminate\\Pipeline\\Pipeline::carry():184}:185}(Object(Illuminate\\Http\\Request))
#53 C:\\Code\\TrustCash\\vendor\\laravel\\framework\\src\\Illuminate\\Foundation\\Http\\Middleware\\TrimStrings.php(51): Illuminate\\Foundation\\Http\\Middleware\\TransformsRequest->handle(Object(Illuminate\\Http\\Request), Object(Closure))
#54 C:\\Code\\TrustCash\\vendor\\laravel\\framework\\src\\Illuminate\\Pipeline\\Pipeline.php(209): Illuminate\\Foundation\\Http\\Middleware\\TrimStrings->handle(Object(Illuminate\\Http\\Request), Object(Closure))
#55 C:\\Code\\TrustCash\\vendor\\laravel\\framework\\src\\Illuminate\\Http\\Middleware\\ValidatePostSize.php(27): Illuminate\\Pipeline\\Pipeline->{closure:{closure:Illuminate\\Pipeline\\Pipeline::carry():184}:185}(Object(Illuminate\\Http\\Request))
#56 C:\\Code\\TrustCash\\vendor\\laravel\\framework\\src\\Illuminate\\Pipeline\\Pipeline.php(209): Illuminate\\Http\\Middleware\\ValidatePostSize->handle(Object(Illuminate\\Http\\Request), Object(Closure))
#57 C:\\Code\\TrustCash\\vendor\\laravel\\framework\\src\\Illuminate\\Foundation\\Http\\Middleware\\PreventRequestsDuringMaintenance.php(110): Illuminate\\Pipeline\\Pipeline->{closure:{closure:Illuminate\\Pipeline\\Pipeline::carry():184}:185}(Object(Illuminate\\Http\\Request))
#58 C:\\Code\\TrustCash\\vendor\\laravel\\framework\\src\\Illuminate\\Pipeline\\Pipeline.php(209): Illuminate\\Foundation\\Http\\Middleware\\PreventRequestsDuringMaintenance->handle(Object(Illuminate\\Http\\Request), Object(Closure))
#59 C:\\Code\\TrustCash\\vendor\\laravel\\framework\\src\\Illuminate\\Http\\Middleware\\HandleCors.php(49): Illuminate\\Pipeline\\Pipeline->{closure:{closure:Illuminate\\Pipeline\\Pipeline::carry():184}:185}(Object(Illuminate\\Http\\Request))
#60 C:\\Code\\TrustCash\\vendor\\laravel\\framework\\src\\Illuminate\\Pipeline\\Pipeline.php(209): Illuminate\\Http\\Middleware\\HandleCors->handle(Object(Illuminate\\Http\\Request), Object(Closure))
#61 C:\\Code\\TrustCash\\vendor\\laravel\\framework\\src\\Illuminate\\Http\\Middleware\\TrustProxies.php(58): Illuminate\\Pipeline\\Pipeline->{closure:{closure:Illuminate\\Pipeline\\Pipeline::carry():184}:185}(Object(Illuminate\\Http\\Request))
#62 C:\\Code\\TrustCash\\vendor\\laravel\\framework\\src\\Illuminate\\Pipeline\\Pipeline.php(209): Illuminate\\Http\\Middleware\\TrustProxies->handle(Object(Illuminate\\Http\\Request), Object(Closure))
#63 C:\\Code\\TrustCash\\vendor\\laravel\\framework\\src\\Illuminate\\Foundation\\Http\\Middleware\\InvokeDeferredCallbacks.php(22): Illuminate\\Pipeline\\Pipeline->{closure:{closure:Illuminate\\Pipeline\\Pipeline::carry():184}:185}(Object(Illuminate\\Http\\Request))
#64 C:\\Code\\TrustCash\\vendor\\laravel\\framework\\src\\Illuminate\\Pipeline\\Pipeline.php(209): Illuminate\\Foundation\\Http\\Middleware\\InvokeDeferredCallbacks->handle(Object(Illuminate\\Http\\Request), Object(Closure))
#65 C:\\Code\\TrustCash\\vendor\\laravel\\framework\\src\\Illuminate\\Pipeline\\Pipeline.php(127): Illuminate\\Pipeline\\Pipeline->{closure:{closure:Illuminate\\Pipeline\\Pipeline::carry():184}:185}(Object(Illuminate\\Http\\Request))
#66 C:\\Code\\TrustCash\\vendor\\laravel\\framework\\src\\Illuminate\\Foundation\\Http\\Kernel.php(176): Illuminate\\Pipeline\\Pipeline->then(Object(Closure))
#67 C:\\Code\\TrustCash\\vendor\\laravel\\framework\\src\\Illuminate\\Foundation\\Http\\Kernel.php(145): Illuminate\\Foundation\\Http\\Kernel->sendRequestThroughRouter(Object(Illuminate\\Http\\Request))
#68 C:\\Code\\TrustCash\\vendor\\laravel\\framework\\src\\Illuminate\\Foundation\\Application.php(1220): Illuminate\\Foundation\\Http\\Kernel->handle(Object(Illuminate\\Http\\Request))
#69 C:\\Code\\TrustCash\\public\\index.php(17): Illuminate\\Foundation\\Application->handleRequest(Object(Illuminate\\Http\\Request))
#70 C:\\Code\\TrustCash\\vendor\\laravel\\framework\\src\\Illuminate\\Foundation\\resources\\server.php(23): require_once('C:\\\\Code\\\\TrustCa...')
#71 {main}
"} 
[2026-09-28 03:42:35] local.ERROR: Vite manifest not found at: C:\Code\TrustCash\public\build/manifest.json (View: C:\Code\TrustCash\resources\views\app.blade.php) {"userId":1,"exception":"[object] (Illuminate\\View\\ViewException(code: 0): Vite manifest not found at: C:\\Code\\TrustCash\\public\\build/manifest.json (View: C:\\Code\\TrustCash\\resources\\views\\app.blade.php) at C:\\Code\\TrustCash\\vendor\\laravel\\framework\\src\\Illuminate\\Foundation\\Vite.php:934)
[stacktrace]
#0 C:\\Code\\TrustCash\\vendor\\laravel\\framework\\src\\Illuminate\\View\\Engines\\PhpEngine.php(60): Illuminate\\View\\Engines\\CompilerEngine->handleViewException(Object(Illuminate\\Foundation\\ViteManifestNotFoundException), 1)
#1 C:\\Code\\TrustCash\\vendor\\laravel\\framework\\src\\Illuminate\\View\\Engines\\CompilerEngine.php(75): Illuminate\\View\\Engines\\PhpEngine->evaluatePath('C:\\\\Code\\\\TrustCa...', Array)
#2 C:\\Code\\TrustCash\\vendor\\laravel\\framework\\src\\Illuminate\\View\\View.php(209): Illuminate\\View\\Engines\\CompilerEngine->get('C:\\\\Code\\\\TrustCa...', Array)
#3 C:\\Code\\TrustCash\\vendor\\laravel\\framework\\src\\Illuminate\\View\\View.php(192): Illuminate\\View\\View->getContents()
#4 C:\\Code\\TrustCash\\vendor\\laravel\\framework\\src\\Illuminate\\View\\View.php(161): Illuminate\\View\\View->renderContents()
#5 C:\\Code\\TrustCash\\vendor\\laravel\\framework\\src\\Illuminate\\Http\\Response.php(79): Illuminate\\View\\View->render()
#6 C:\\Code\\TrustCash\\vendor\\laravel\\framework\\src\\Illuminate\\Http\\Response.php(35): Illuminate\\Http\\Response->setContent(Object(Illuminate\\View\\View))
#7 C:\\Code\\TrustCash\\vendor\\laravel\\framework\\src\\Illuminate\\Routing\\ResponseFactory.php(60): Illuminate\\Http\\Response->__construct(Object(Illuminate\\View\\View), 200, Array)
#8 C:\\Code\\TrustCash\\vendor\\laravel\\framework\\src\\Illuminate\\Routing\\ResponseFactory.php(90): Illuminate\\Routing\\ResponseFactory->make(Object(Illuminate\\View\\View), 200, Array)
#9 C:\\Code\\TrustCash\\vendor\\laravel\\framework\\src\\Illuminate\\Support\\Facades\\Facade.php(361): Illuminate\\Routing\\ResponseFactory->view('app', Array)
#10 C:\\Code\\TrustCash\\vendor\\inertiajs\\inertia-laravel\\src\\Response.php(106): Illuminate\\Support\\Facades\\Facade::__callStatic('view', Array)
#11 C:\\Code\\TrustCash\\vendor\\laravel\\framework\\src\\Illuminate\\Routing\\Router.php(902): Inertia\\Response->toResponse(Object(Illuminate\\Http\\Request))
#12 C:\\Code\\TrustCash\\vendor\\laravel\\framework\\src\\Illuminate\\Routing\\Router.php(887): Illuminate\\Routing\\Router::toResponse(Object(Illuminate\\Http\\Request), Object(Inertia\\Response))
#13 C:\\Code\\TrustCash\\vendor\\laravel\\framework\\src\\Illuminate\\Routing\\Router.php(807): Illuminate\\Routing\\Router->prepareResponse(Object(Illuminate\\Http\\Request), Object(Inertia\\Response))
#14 C:\\Code\\TrustCash\\vendor\\laravel\\framework\\src\\Illuminate\\Pipeline\\Pipeline.php(170): Illuminate\\Routing\\Router->{closure:Illuminate\\Routing\\Router::runRouteWithinStack():807}(Object(Illuminate\\Http\\Request))
#15 C:\\Code\\TrustCash\\vendor\\laravel\\boost\\src\\Middleware\\InjectBoost.php(22): Illuminate\\Pipeline\\Pipeline->{closure:Illuminate\\Pipeline\\Pipeline::prepareDestination():168}(Object(Illuminate\\Http\\Request))
#16 C:\\Code\\TrustCash\\vendor\\laravel\\framework\\src\\Illuminate\\Pipeline\\Pipeline.php(209): Laravel\\Boost\\Middleware\\InjectBoost->handle(Object(Illuminate\\Http\\Request), Object(Closure))
#17 C:\\Code\\TrustCash\\vendor\\laravel\\framework\\src\\Illuminate\\Http\\Middleware\\AddLinkHeadersForPreloadedAssets.php(20): Illuminate\\Pipeline\\Pipeline->{closure:{closure:Illuminate\\Pipeline\\Pipeline::carry():184}:185}(Object(Illuminate\\Http\\Request))
#18 C:\\Code\\TrustCash\\vendor\\laravel\\framework\\src\\Illuminate\\Pipeline\\Pipeline.php(209): Illuminate\\Http\\Middleware\\AddLinkHeadersForPreloadedAssets->handle(Object(Illuminate\\Http\\Request), Object(Closure))
#19 C:\\Code\\TrustCash\\vendor\\inertiajs\\inertia-laravel\\src\\Middleware.php(86): Illuminate\\Pipeline\\Pipeline->{closure:{closure:Illuminate\\Pipeline\\Pipeline::carry():184}:185}(Object(Illuminate\\Http\\Request))
#20 C:\\Code\\TrustCash\\vendor\\laravel\\framework\\src\\Illuminate\\Pipeline\\Pipeline.php(209): Inertia\\Middleware->handle(Object(Illuminate\\Http\\Request), Object(Closure))
#21 C:\\Code\\TrustCash\\vendor\\laravel\\framework\\src\\Illuminate\\Routing\\Middleware\\SubstituteBindings.php(51): Illuminate\\Pipeline\\Pipeline->{closure:{closure:Illuminate\\Pipeline\\Pipeline::carry():184}:185}(Object(Illuminate\\Http\\Request))
#22 C:\\Code\\TrustCash\\vendor\\laravel\\framework\\src\\Illuminate\\Pipeline\\Pipeline.php(209): Illuminate\\Routing\\Middleware\\SubstituteBindings->handle(Object(Illuminate\\Http\\Request), Object(Closure))
#23 C:\\Code\\TrustCash\\vendor\\laravel\\framework\\src\\Illuminate\\Auth\\Middleware\\Authenticate.php(64): Illuminate\\Pipeline\\Pipeline->{closure:{closure:Illuminate\\Pipeline\\Pipeline::carry():184}:185}(Object(Illuminate\\Http\\Request))
#24 C:\\Code\\TrustCash\\vendor\\laravel\\framework\\src\\Illuminate\\Pipeline\\Pipeline.php(209): Illuminate\\Auth\\Middleware\\Authenticate->handle(Object(Illuminate\\Http\\Request), Object(Closure))
#25 C:\\Code\\TrustCash\\vendor\\laravel\\framework\\src\\Illuminate\\Foundation\\Http\\Middleware\\VerifyCsrfToken.php(88): Illuminate\\Pipeline\\Pipeline->{closure:{closure:Illuminate\\Pipeline\\Pipeline::carry():184}:185}(Object(Illuminate\\Http\\Request))
#26 C:\\Code\\TrustCash\\vendor\\laravel\\framework\\src\\Illuminate\\Pipeline\\Pipeline.php(209): Illuminate\\Foundation\\Http\\Middleware\\VerifyCsrfToken->handle(Object(Illuminate\\Http\\Request), Object(Closure))
#27 C:\\Code\\TrustCash\\vendor\\laravel\\framework\\src\\Illuminate\\View\\Middleware\\ShareErrorsFromSession.php(49): Illuminate\\Pipeline\\Pipeline->{closure:{closure:Illuminate\\Pipeline\\Pipeline::carry():184}:185}(Object(Illuminate\\Http\\Request))
#28 C:\\Code\\TrustCash\\vendor\\laravel\\framework\\src\\Illuminate\\Pipeline\\Pipeline.php(209): Illuminate\\View\\Middleware\\ShareErrorsFromSession->handle(Object(Illuminate\\Http\\Request), Object(Closure))
#29 C:\\Code\\TrustCash\\vendor\\laravel\\framework\\src\\Illuminate\\Session\\Middleware\\StartSession.php(121): Illuminate\\Pipeline\\Pipeline->{closure:{closure:Illuminate\\Pipeline\\Pipeline::carry():184}:185}(Object(Illuminate\\Http\\Request))
#30 C:\\Code\\TrustCash\\vendor\\laravel\\framework\\src\\Illuminate\\Session\\Middleware\\StartSession.php(64): Illuminate\\Session\\Middleware\\StartSession->handleStatefulRequest(Object(Illuminate\\Http\\Request), Object(Illuminate\\Session\\Store), Object(Closure))
#31 C:\\Code\\TrustCash\\vendor\\laravel\\framework\\src\\Illuminate\\Pipeline\\Pipeline.php(209): Illuminate\\Session\\Middleware\\StartSession->handle(Object(Illuminate\\Http\\Request), Object(Closure))
#32 C:\\Code\\TrustCash\\vendor\\laravel\\framework\\src\\Illuminate\\Cookie\\Middleware\\AddQueuedCookiesToResponse.php(37): Illuminate\\Pipeline\\Pipeline->{closure:{closure:Illuminate\\Pipeline\\Pipeline::carry():184}:185}(Object(Illuminate\\Http\\Request))
#33 C:\\Code\\TrustCash\\vendor\\laravel\\framework\\src\\Illuminate\\Pipeline\\Pipeline.php(209): Illuminate\\Cookie\\Middleware\\AddQueuedCookiesToResponse->handle(Object(Illuminate\\Http\\Request), Object(Closure))
#34 C:\\Code\\TrustCash\\vendor\\laravel\\framework\\src\\Illuminate\\Cookie\\Middleware\\EncryptCookies.php(75): Illuminate\\Pipeline\\Pipeline->{closure:{closure:Illuminate\\Pipeline\\Pipeline::carry():184}:185}(Object(Illuminate\\Http\\Request))
#35 C:\\Code\\TrustCash\\vendor\\laravel\\framework\\src\\Illuminate\\Pipeline\\Pipeline.php(209): Illuminate\\Cookie\\Middleware\\EncryptCookies->handle(Object(Illuminate\\Http\\Request), Object(Closure))
#36 C:\\Code\\TrustCash\\app\\Http\\Middleware\\InitializeTenancyIfTenantDomain.php(76): Illuminate\\Pipeline\\Pipeline->{closure:{closure:Illuminate\\Pipeline\\Pipeline::carry():184}:185}(Object(Illuminate\\Http\\Request))
#37 C:\\Code\\TrustCash\\vendor\\laravel\\framework\\src\\Illuminate\\Pipeline\\Pipeline.php(209): App\\Http\\Middleware\\InitializeTenancyIfTenantDomain->handle(Object(Illuminate\\Http\\Request), Object(Closure))
#38 C:\\Code\\TrustCash\\vendor\\laravel\\framework\\src\\Illuminate\\Pipeline\\Pipeline.php(127): Illuminate\\Pipeline\\Pipeline->{closure:{closure:Illuminate\\Pipeline\\Pipeline::carry():184}:185}(Object(Illuminate\\Http\\Request))
#39 C:\\Code\\TrustCash\\vendor\\laravel\\framework\\src\\Illuminate\\Routing\\Router.php(807): Illuminate\\Pipeline\\Pipeline->then(Object(Closure))
#40 C:\\Code\\TrustCash\\vendor\\laravel\\framework\\src\\Illuminate\\Routing\\Router.php(786): Illuminate\\Routing\\Router->runRouteWithinStack(Object(Illuminate\\Routing\\Route), Object(Illuminate\\Http\\Request))
#41 C:\\Code\\TrustCash\\vendor\\laravel\\framework\\src\\Illuminate\\Routing\\Router.php(750): Illuminate\\Routing\\Router->runRoute(Object(Illuminate\\Http\\Request), Object(Illuminate\\Routing\\Route))
#42 C:\\Code\\TrustCash\\vendor\\laravel\\framework\\src\\Illuminate\\Routing\\Router.php(739): Illuminate\\Routing\\Router->dispatchToRoute(Object(Illuminate\\Http\\Request))
#43 C:\\Code\\TrustCash\\vendor\\laravel\\framework\\src\\Illuminate\\Foundation\\Http\\Kernel.php(201): Illuminate\\Routing\\Router->dispatch(Object(Illuminate\\Http\\Request))
#44 C:\\Code\\TrustCash\\vendor\\laravel\\framework\\src\\Illuminate\\Pipeline\\Pipeline.php(170): Illuminate\\Foundation\\Http\\Kernel->{closure:Illuminate\\Foundation\\Http\\Kernel::dispatchToRouter():198}(Object(Illuminate\\Http\\Request))
#45 C:\\Code\\TrustCash\\vendor\\laravel\\framework\\src\\Illuminate\\Foundation\\Http\\Middleware\\TransformsRequest.php(21): Illuminate\\Pipeline\\Pipeline->{closure:Illuminate\\Pipeline\\Pipeline::prepareDestination():168}(Object(Illuminate\\Http\\Request))
#46 C:\\Code\\TrustCash\\vendor\\laravel\\framework\\src\\Illuminate\\Foundation\\Http\\Middleware\\ConvertEmptyStringsToNull.php(31): Illuminate\\Foundation\\Http\\Middleware\\TransformsRequest->handle(Object(Illuminate\\Http\\Request), Object(Closure))
#47 C:\\Code\\TrustCash\\vendor\\laravel\\framework\\src\\Illuminate\\Pipeline\\Pipeline.php(209): Illuminate\\Foundation\\Http\\Middleware\\ConvertEmptyStringsToNull->handle(Object(Illuminate\\Http\\Request), Object(Closure))
#48 C:\\Code\\TrustCash\\vendor\\laravel\\framework\\src\\Illuminate\\Foundation\\Http\\Middleware\\TransformsRequest.php(21): Illuminate\\Pipeline\\Pipeline->{closure:{closure:Illuminate\\Pipeline\\Pipeline::carry():184}:185}(Object(Illuminate\\Http\\Request))
#49 C:\\Code\\TrustCash\\vendor\\laravel\\framework\\src\\Illuminate\\Foundation\\Http\\Middleware\\TrimStrings.php(51): Illuminate\\Foundation\\Http\\Middleware\\TransformsRequest->handle(Object(Illuminate\\Http\\Request), Object(Closure))
#50 C:\\Code\\TrustCash\\vendor\\laravel\\framework\\src\\Illuminate\\Pipeline\\Pipeline.php(209): Illuminate\\Foundation\\Http\\Middleware\\TrimStrings->handle(Object(Illuminate\\Http\\Request), Object(Closure))
#51 C:\\Code\\TrustCash\\vendor\\laravel\\framework\\src\\Illuminate\\Http\\Middleware\\ValidatePostSize.php(27): Illuminate\\Pipeline\\Pipeline->{closure:{closure:Illuminate\\Pipeline\\Pipeline::carry():184}:185}(Object(Illuminate\\Http\\Request))
#52 C:\\Code\\TrustCash\\vendor\\laravel\\framework\\src\\Illuminate\\Pipeline\\Pipeline.php(209): Illuminate\\Http\\Middleware\\ValidatePostSize->handle(Object(Illuminate\\Http\\Request), Object(Closure))
#53 C:\\Code\\TrustCash\\vendor\\laravel\\framework\\src\\Illuminate\\Foundation\\Http\\Middleware\\PreventRequestsDuringMaintenance.php(110): Illuminate\\Pipeline\\Pipeline->{closure:{closure:Illuminate\\Pipeline\\Pipeline::carry():184}:185}(Object(Illuminate\\Http\\Request))
#54 C:\\Code\\TrustCash\\vendor\\laravel\\framework\\src\\Illuminate\\Pipeline\\Pipeline.php(209): Illuminate\\Foundation\\Http\\Middleware\\PreventRequestsDuringMaintenance->handle(Object(Illuminate\\Http\\Request), Object(Closure))
#55 C:\\Code\\TrustCash\\vendor\\laravel\\framework\\src\\Illuminate\\Http\\Middleware\\HandleCors.php(49): Illuminate\\Pipeline\\Pipeline->{closure:{closure:Illuminate\\Pipeline\\Pipeline::carry():184}:185}(Object(Illuminate\\Http\\Request))
#56 C:\\Code\\TrustCash\\vendor\\laravel\\framework\\src\\Illuminate\\Pipeline\\Pipeline.php(209): Illuminate\\Http\\Middleware\\HandleCors->handle(Object(Illuminate\\Http\\Request), Object(Closure))
#57 C:\\Code\\TrustCash\\vendor\\laravel\\framework\\src\\Illuminate\\Http\\Middleware\\TrustProxies.php(58): Illuminate\\Pipeline\\Pipeline->{closure:{closure:Illuminate\\Pipeline\\Pipeline::carry():184}:185}(Object(Illuminate\\Http\\Request))
#58 C:\\Code\\TrustCash\\vendor\\laravel\\framework\\src\\Illuminate\\Pipeline\\Pipeline.php(209): Illuminate\\Http\\Middleware\\TrustProxies->handle(Object(Illuminate\\Http\\Request), Object(Closure))
#59 C:\\Code\\TrustCash\\vendor\\laravel\\framework\\src\\Illuminate\\Foundation\\Http\\Middleware\\InvokeDeferredCallbacks.php(22): Illuminate\\Pipeline\\Pipeline->{closure:{closure:Illuminate\\Pipeline\\Pipeline::carry():184}:185}(Object(Illuminate\\Http\\Request))
#60 C:\\Code\\TrustCash\\vendor\\laravel\\framework\\src\\Illuminate\\Pipeline\\Pipeline.php(209): Illuminate\\Foundation\\Http\\Middleware\\InvokeDeferredCallbacks->handle(Object(Illuminate\\Http\\Request), Object(Closure))
#61 C:\\Code\\TrustCash\\vendor\\laravel\\framework\\src\\Illuminate\\Pipeline\\Pipeline.php(127): Illuminate\\Pipeline\\Pipeline->{closure:{closure:Illuminate\\Pipeline\\Pipeline::carry():184}:185}(Object(Illuminate\\Http\\Request))
#62 C:\\Code\\TrustCash\\vendor\\laravel\\framework\\src\\Illuminate\\Foundation\\Http\\Kernel.php(176): Illuminate\\Pipeline\\Pipeline->then(Object(Closure))
#63 C:\\Code\\TrustCash\\vendor\\laravel\\framework\\src\\Illuminate\\Foundation\\Http\\Kernel.php(145): Illuminate\\Foundation\\Http\\Kernel->sendRequestThroughRouter(Object(Illuminate\\Http\\Request))
#64 C:\\Code\\TrustCash\\vendor\\laravel\\framework\\src\\Illuminate\\Foundation\\Application.php(1220): Illuminate\\Foundation\\Http\\Kernel->handle(Object(Illuminate\\Http\\Request))
#65 C:\\Code\\TrustCash\\public\\index.php(17): Illuminate\\Foundation\\Application->handleRequest(Object(Illuminate\\Http\\Request))
#66 C:\\Code\\TrustCash\\vendor\\laravel\\framework\\src\\Illuminate\\Foundation\\resources\\server.php(23): require_once('C:\\\\Code\\\\TrustCa...')
#67 {main}

[previous exception] [object] (Illuminate\\Foundation\\ViteManifestNotFoundException(code: 0): Vite manifest not found at: C:\\Code\\TrustCash\\public\\build/manifest.json at C:\\Code\\TrustCash\\vendor\\laravel\\framework\\src\\Illuminate\\Foundation\\Vite.php:934)
[stacktrace]
#0 C:\\Code\\TrustCash\\vendor\\laravel\\framework\\src\\Illuminate\\Foundation\\Vite.php(384): Illuminate\\Foundation\\Vite->manifest('build')
#1 C:\\Code\\TrustCash\\storage\\framework\\views\\b7c387934ff474067307be6a912beece.php(20): Illuminate\\Foundation\\Vite->__invoke(Object(Illuminate\\Support\\Collection))
#2 C:\\Code\\TrustCash\\vendor\\laravel\\framework\\src\\Illuminate\\Filesystem\\Filesystem.php(123): require('C:\\\\Code\\\\TrustCa...')
#3 C:\\Code\\TrustCash\\vendor\\laravel\\framework\\src\\Illuminate\\Filesystem\\Filesystem.php(124): Illuminate\\Filesystem\\Filesystem::{closure:Illuminate\\Filesystem\\Filesystem::getRequire():120}()
#4 C:\\Code\\TrustCash\\vendor\\laravel\\framework\\src\\Illuminate\\View\\Engines\\PhpEngine.php(58): Illuminate\\Filesystem\\Filesystem->getRequire('C:\\\\Code\\\\TrustCa...', Array)
#5 C:\\Code\\TrustCash\\vendor\\laravel\\framework\\src\\Illuminate\\View\\Engines\\CompilerEngine.php(75): Illuminate\\View\\Engines\\PhpEngine->evaluatePath('C:\\\\Code\\\\TrustCa...', Array)
#6 C:\\Code\\TrustCash\\vendor\\laravel\\framework\\src\\Illuminate\\View\\View.php(209): Illuminate\\View\\Engines\\CompilerEngine->get('C:\\\\Code\\\\TrustCa...', Array)
#7 C:\\Code\\TrustCash\\vendor\\laravel\\framework\\src\\Illuminate\\View\\View.php(192): Illuminate\\View\\View->getContents()
#8 C:\\Code\\TrustCash\\vendor\\laravel\\framework\\src\\Illuminate\\View\\View.php(161): Illuminate\\View\\View->renderContents()
#9 C:\\Code\\TrustCash\\vendor\\laravel\\framework\\src\\Illuminate\\Http\\Response.php(79): Illuminate\\View\\View->render()
#10 C:\\Code\\TrustCash\\vendor\\laravel\\framework\\src\\Illuminate\\Http\\Response.php(35): Illuminate\\Http\\Response->setContent(Object(Illuminate\\View\\View))
#11 C:\\Code\\TrustCash\\vendor\\laravel\\framework\\src\\Illuminate\\Routing\\ResponseFactory.php(60): Illuminate\\Http\\Response->__construct(Object(Illuminate\\View\\View), 200, Array)
#12 C:\\Code\\TrustCash\\vendor\\laravel\\framework\\src\\Illuminate\\Routing\\ResponseFactory.php(90): Illuminate\\Routing\\ResponseFactory->make(Object(Illuminate\\View\\View), 200, Array)
#13 C:\\Code\\TrustCash\\vendor\\laravel\\framework\\src\\Illuminate\\Support\\Facades\\Facade.php(361): Illuminate\\Routing\\ResponseFactory->view('app', Array)
#14 C:\\Code\\TrustCash\\vendor\\inertiajs\\inertia-laravel\\src\\Response.php(106): Illuminate\\Support\\Facades\\Facade::__callStatic('view', Array)
#15 C:\\Code\\TrustCash\\vendor\\laravel\\framework\\src\\Illuminate\\Routing\\Router.php(902): Inertia\\Response->toResponse(Object(Illuminate\\Http\\Request))
#16 C:\\Code\\TrustCash\\vendor\\laravel\\framework\\src\\Illuminate\\Routing\\Router.php(887): Illuminate\\Routing\\Router::toResponse(Object(Illuminate\\Http\\Request), Object(Inertia\\Response))
#17 C:\\Code\\TrustCash\\vendor\\laravel\\framework\\src\\Illuminate\\Routing\\Router.php(807): Illuminate\\Routing\\Router->prepareResponse(Object(Illuminate\\Http\\Request), Object(Inertia\\Response))
#18 C:\\Code\\TrustCash\\vendor\\laravel\\framework\\src\\Illuminate\\Pipeline\\Pipeline.php(170): Illuminate\\Routing\\Router->{closure:Illuminate\\Routing\\Router::runRouteWithinStack():807}(Object(Illuminate\\Http\\Request))
#19 C:\\Code\\TrustCash\\vendor\\laravel\\boost\\src\\Middleware\\InjectBoost.php(22): Illuminate\\Pipeline\\Pipeline->{closure:Illuminate\\Pipeline\\Pipeline::prepareDestination():168}(Object(Illuminate\\Http\\Request))
#20 C:\\Code\\TrustCash\\vendor\\laravel\\framework\\src\\Illuminate\\Pipeline\\Pipeline.php(209): Laravel\\Boost\\Middleware\\InjectBoost->handle(Object(Illuminate\\Http\\Request), Object(Closure))
#21 C:\\Code\\TrustCash\\vendor\\laravel\\framework\\src\\Illuminate\\Http\\Middleware\\AddLinkHeadersForPreloadedAssets.php(20): Illuminate\\Pipeline\\Pipeline->{closure:{closure:Illuminate\\Pipeline\\Pipeline::carry():184}:185}(Object(Illuminate\\Http\\Request))
#22 C:\\Code\\TrustCash\\vendor\\laravel\\framework\\src\\Illuminate\\Pipeline\\Pipeline.php(209): Illuminate\\Http\\Middleware\\AddLinkHeadersForPreloadedAssets->handle(Object(Illuminate\\Http\\Request), Object(Closure))
#23 C:\\Code\\TrustCash\\vendor\\inertiajs\\inertia-laravel\\src\\Middleware.php(86): Illuminate\\Pipeline\\Pipeline->{closure:{closure:Illuminate\\Pipeline\\Pipeline::carry():184}:185}(Object(Illuminate\\Http\\Request))
#24 C:\\Code\\TrustCash\\vendor\\laravel\\framework\\src\\Illuminate\\Pipeline\\Pipeline.php(209): Inertia\\Middleware->handle(Object(Illuminate\\Http\\Request), Object(Closure))
#25 C:\\Code\\TrustCash\\vendor\\laravel\\framework\\src\\Illuminate\\Routing\\Middleware\\SubstituteBindings.php(51): Illuminate\\Pipeline\\Pipeline->{closure:{closure:Illuminate\\Pipeline\\Pipeline::carry():184}:185}(Object(Illuminate\\Http\\Request))
#26 C:\\Code\\TrustCash\\vendor\\laravel\\framework\\src\\Illuminate\\Pipeline\\Pipeline.php(209): Illuminate\\Routing\\Middleware\\SubstituteBindings->handle(Object(Illuminate\\Http\\Request), Object(Closure))
#27 C:\\Code\\TrustCash\\vendor\\laravel\\framework\\src\\Illuminate\\Auth\\Middleware\\Authenticate.php(64): Illuminate\\Pipeline\\Pipeline->{closure:{closure:Illuminate\\Pipeline\\Pipeline::carry():184}:185}(Object(Illuminate\\Http\\Request))
#28 C:\\Code\\TrustCash\\vendor\\laravel\\framework\\src\\Illuminate\\Pipeline\\Pipeline.php(209): Illuminate\\Auth\\Middleware\\Authenticate->handle(Object(Illuminate\\Http\\Request), Object(Closure))
#29 C:\\Code\\TrustCash\\vendor\\laravel\\framework\\src\\Illuminate\\Foundation\\Http\\Middleware\\VerifyCsrfToken.php(88): Illuminate\\Pipeline\\Pipeline->{closure:{closure:Illuminate\\Pipeline\\Pipeline::carry():184}:185}(Object(Illuminate\\Http\\Request))
#30 C:\\Code\\TrustCash\\vendor\\laravel\\framework\\src\\Illuminate\\Pipeline\\Pipeline.php(209): Illuminate\\Foundation\\Http\\Middleware\\VerifyCsrfToken->handle(Object(Illuminate\\Http\\Request), Object(Closure))
#31 C:\\Code\\TrustCash\\vendor\\laravel\\framework\\src\\Illuminate\\View\\Middleware\\ShareErrorsFromSession.php(49): Illuminate\\Pipeline\\Pipeline->{closure:{closure:Illuminate\\Pipeline\\Pipeline::carry():184}:185}(Object(Illuminate\\Http\\Request))
#32 C:\\Code\\TrustCash\\vendor\\laravel\\framework\\src\\Illuminate\\Pipeline\\Pipeline.php(209): Illuminate\\View\\Middleware\\ShareErrorsFromSession->handle(Object(Illuminate\\Http\\Request), Object(Closure))
#33 C:\\Code\\TrustCash\\vendor\\laravel\\framework\\src\\Illuminate\\Session\\Middleware\\StartSession.php(121): Illuminate\\Pipeline\\Pipeline->{closure:{closure:Illuminate\\Pipeline\\Pipeline::carry():184}:185}(Object(Illuminate\\Http\\Request))
#34 C:\\Code\\TrustCash\\vendor\\laravel\\framework\\src\\Illuminate\\Session\\Middleware\\StartSession.php(64): Illuminate\\Session\\Middleware\\StartSession->handleStatefulRequest(Object(Illuminate\\Http\\Request), Object(Illuminate\\Session\\Store), Object(Closure))
#35 C:\\Code\\TrustCash\\vendor\\laravel\\framework\\src\\Illuminate\\Pipeline\\Pipeline.php(209): Illuminate\\Session\\Middleware\\StartSession->handle(Object(Illuminate\\Http\\Request), Object(Closure))
#36 C:\\Code\\TrustCash\\vendor\\laravel\\framework\\src\\Illuminate\\Cookie\\Middleware\\AddQueuedCookiesToResponse.php(37): Illuminate\\Pipeline\\Pipeline->{closure:{closure:Illuminate\\Pipeline\\Pipeline::carry():184}:185}(Object(Illuminate\\Http\\Request))
#37 C:\\Code\\TrustCash\\vendor\\laravel\\framework\\src\\Illuminate\\Pipeline\\Pipeline.php(209): Illuminate\\Cookie\\Middleware\\AddQueuedCookiesToResponse->handle(Object(Illuminate\\Http\\Request), Object(Closure))
#38 C:\\Code\\TrustCash\\vendor\\laravel\\framework\\src\\Illuminate\\Cookie\\Middleware\\EncryptCookies.php(75): Illuminate\\Pipeline\\Pipeline->{closure:{closure:Illuminate\\Pipeline\\Pipeline::carry():184}:185}(Object(Illuminate\\Http\\Request))
#39 C:\\Code\\TrustCash\\vendor\\laravel\\framework\\src\\Illuminate\\Pipeline\\Pipeline.php(209): Illuminate\\Cookie\\Middleware\\EncryptCookies->handle(Object(Illuminate\\Http\\Request), Object(Closure))
#40 C:\\Code\\TrustCash\\app\\Http\\Middleware\\InitializeTenancyIfTenantDomain.php(76): Illuminate\\Pipeline\\Pipeline->{closure:{closure:Illuminate\\Pipeline\\Pipeline::carry():184}:185}(Object(Illuminate\\Http\\Request))
#41 C:\\Code\\TrustCash\\vendor\\laravel\\framework\\src\\Illuminate\\Pipeline\\Pipeline.php(209): App\\Http\\Middleware\\InitializeTenancyIfTenantDomain->handle(Object(Illuminate\\Http\\Request), Object(Closure))
#42 C:\\Code\\TrustCash\\vendor\\laravel\\framework\\src\\Illuminate\\Pipeline\\Pipeline.php(127): Illuminate\\Pipeline\\Pipeline->{closure:{closure:Illuminate\\Pipeline\\Pipeline::carry():184}:185}(Object(Illuminate\\Http\\Request))
#43 C:\\Code\\TrustCash\\vendor\\laravel\\framework\\src\\Illuminate\\Routing\\Router.php(807): Illuminate\\Pipeline\\Pipeline->then(Object(Closure))
#44 C:\\Code\\TrustCash\\vendor\\laravel\\framework\\src\\Illuminate\\Routing\\Router.php(786): Illuminate\\Routing\\Router->runRouteWithinStack(Object(Illuminate\\Routing\\Route), Object(Illuminate\\Http\\Request))
#45 C:\\Code\\TrustCash\\vendor\\laravel\\framework\\src\\Illuminate\\Routing\\Router.php(750): Illuminate\\Routing\\Router->runRoute(Object(Illuminate\\Http\\Request), Object(Illuminate\\Routing\\Route))
#46 C:\\Code\\TrustCash\\vendor\\laravel\\framework\\src\\Illuminate\\Routing\\Router.php(739): Illuminate\\Routing\\Router->dispatchToRoute(Object(Illuminate\\Http\\Request))
#47 C:\\Code\\TrustCash\\vendor\\laravel\\framework\\src\\Illuminate\\Foundation\\Http\\Kernel.php(201): Illuminate\\Routing\\Router->dispatch(Object(Illuminate\\Http\\Request))
#48 C:\\Code\\TrustCash\\vendor\\laravel\\framework\\src\\Illuminate\\Pipeline\\Pipeline.php(170): Illuminate\\Foundation\\Http\\Kernel->{closure:Illuminate\\Foundation\\Http\\Kernel::dispatchToRouter():198}(Object(Illuminate\\Http\\Request))
#49 C:\\Code\\TrustCash\\vendor\\laravel\\framework\\src\\Illuminate\\Foundation\\Http\\Middleware\\TransformsRequest.php(21): Illuminate\\Pipeline\\Pipeline->{closure:Illuminate\\Pipeline\\Pipeline::prepareDestination():168}(Object(Illuminate\\Http\\Request))
#50 C:\\Code\\TrustCash\\vendor\\laravel\\framework\\src\\Illuminate\\Foundation\\Http\\Middleware\\ConvertEmptyStringsToNull.php(31): Illuminate\\Foundation\\Http\\Middleware\\TransformsRequest->handle(Object(Illuminate\\Http\\Request), Object(Closure))
#51 C:\\Code\\TrustCash\\vendor\\laravel\\framework\\src\\Illuminate\\Pipeline\\Pipeline.php(209): Illuminate\\Foundation\\Http\\Middleware\\ConvertEmptyStringsToNull->handle(Object(Illuminate\\Http\\Request), Object(Closure))
#52 C:\\Code\\TrustCash\\vendor\\laravel\\framework\\src\\Illuminate\\Foundation\\Http\\Middleware\\TransformsRequest.php(21): Illuminate\\Pipeline\\Pipeline->{closure:{closure:Illuminate\\Pipeline\\Pipeline::carry():184}:185}(Object(Illuminate\\Http\\Request))
#53 C:\\Code\\TrustCash\\vendor\\laravel\\framework\\src\\Illuminate\\Foundation\\Http\\Middleware\\TrimStrings.php(51): Illuminate\\Foundation\\Http\\Middleware\\TransformsRequest->handle(Object(Illuminate\\Http\\Request), Object(Closure))
#54 C:\\Code\\TrustCash\\vendor\\laravel\\framework\\src\\Illuminate\\Pipeline\\Pipeline.php(209): Illuminate\\Foundation\\Http\\Middleware\\TrimStrings->handle(Object(Illuminate\\Http\\Request), Object(Closure))
#55 C:\\Code\\TrustCash\\vendor\\laravel\\framework\\src\\Illuminate\\Http\\Middleware\\ValidatePostSize.php(27): Illuminate\\Pipeline\\Pipeline->{closure:{closure:Illuminate\\Pipeline\\Pipeline::carry():184}:185}(Object(Illuminate\\Http\\Request))
#56 C:\\Code\\TrustCash\\vendor\\laravel\\framework\\src\\Illuminate\\Pipeline\\Pipeline.php(209): Illuminate\\Http\\Middleware\\ValidatePostSize->handle(Object(Illuminate\\Http\\Request), Object(Closure))
#57 C:\\Code\\TrustCash\\vendor\\laravel\\framework\\src\\Illuminate\\Foundation\\Http\\Middleware\\PreventRequestsDuringMaintenance.php(110): Illuminate\\Pipeline\\Pipeline->{closure:{closure:Illuminate\\Pipeline\\Pipeline::carry():184}:185}(Object(Illuminate\\Http\\Request))
#58 C:\\Code\\TrustCash\\vendor\\laravel\\framework\\src\\Illuminate\\Pipeline\\Pipeline.php(209): Illuminate\\Foundation\\Http\\Middleware\\PreventRequestsDuringMaintenance->handle(Object(Illuminate\\Http\\Request), Object(Closure))
#59 C:\\Code\\TrustCash\\vendor\\laravel\\framework\\src\\Illuminate\\Http\\Middleware\\HandleCors.php(49): Illuminate\\Pipeline\\Pipeline->{closure:{closure:Illuminate\\Pipeline\\Pipeline::carry():184}:185}(Object(Illuminate\\Http\\Request))
#60 C:\\Code\\TrustCash\\vendor\\laravel\\framework\\src\\Illuminate\\Pipeline\\Pipeline.php(209): Illuminate\\Http\\Middleware\\HandleCors->handle(Object(Illuminate\\Http\\Request), Object(Closure))
#61 C:\\Code\\TrustCash\\vendor\\laravel\\framework\\src\\Illuminate\\Http\\Middleware\\TrustProxies.php(58): Illuminate\\Pipeline\\Pipeline->{closure:{closure:Illuminate\\Pipeline\\Pipeline::carry():184}:185}(Object(Illuminate\\Http\\Request))
#62 C:\\Code\\TrustCash\\vendor\\laravel\\framework\\src\\Illuminate\\Pipeline\\Pipeline.php(209): Illuminate\\Http\\Middleware\\TrustProxies->handle(Object(Illuminate\\Http\\Request), Object(Closure))
#63 C:\\Code\\TrustCash\\vendor\\laravel\\framework\\src\\Illuminate\\Foundation\\Http\\Middleware\\InvokeDeferredCallbacks.php(22): Illuminate\\Pipeline\\Pipeline->{closure:{closure:Illuminate\\Pipeline\\Pipeline::carry():184}:185}(Object(Illuminate\\Http\\Request))
#64 C:\\Code\\TrustCash\\vendor\\laravel\\framework\\src\\Illuminate\\Pipeline\\Pipeline.php(209): Illuminate\\Foundation\\Http\\Middleware\\InvokeDeferredCallbacks->handle(Object(Illuminate\\Http\\Request), Object(Closure))
#65 C:\\Code\\TrustCash\\vendor\\laravel\\framework\\src\\Illuminate\\Pipeline\\Pipeline.php(127): Illuminate\\Pipeline\\Pipeline->{closure:{closure:Illuminate\\Pipeline\\Pipeline::carry():184}:185}(Object(Illuminate\\Http\\Request))
#66 C:\\Code\\TrustCash\\vendor\\laravel\\framework\\src\\Illuminate\\Foundation\\Http\\Kernel.php(176): Illuminate\\Pipeline\\Pipeline->then(Object(Closure))
#67 C:\\Code\\TrustCash\\vendor\\laravel\\framework\\src\\Illuminate\\Foundation\\Http\\Kernel.php(145): Illuminate\\Foundation\\Http\\Kernel->sendRequestThroughRouter(Object(Illuminate\\Http\\Request))
#68 C:\\Code\\TrustCash\\vendor\\laravel\\framework\\src\\Illuminate\\Foundation\\Application.php(1220): Illuminate\\Foundation\\Http\\Kernel->handle(Object(Illuminate\\Http\\Request))
#69 C:\\Code\\TrustCash\\public\\index.php(17): Illuminate\\Foundation\\Application->handleRequest(Object(Illuminate\\Http\\Request))
#70 C:\\Code\\TrustCash\\vendor\\laravel\\framework\\src\\Illuminate\\Foundation\\resources\\server.php(23): require_once('C:\\\\Code\\\\TrustCa...')
#71 {main}
"} 
[2026-09-28 03:51:37] local.ERROR: PHP Parse error: Syntax error, unexpected T_NS_SEPARATOR on line 1 {"exception":"[object] (Psy\\Exception\\ParseErrorException(code: 0): PHP Parse error: Syntax error, unexpected T_NS_SEPARATOR on line 1 at C:\\Code\\TrustCash\\vendor\\psy\\psysh\\src\\Exception\\ParseErrorException.php:44)
[stacktrace]
#0 C:\\Code\\TrustCash\\vendor\\psy\\psysh\\src\\CodeCleaner.php(306): Psy\\Exception\\ParseErrorException::fromParseError(Object(PhpParser\\Error))
#1 C:\\Code\\TrustCash\\vendor\\psy\\psysh\\src\\CodeCleaner.php(240): Psy\\CodeCleaner->parse('<?php \\\\ = App\\\\M...', false)
#2 C:\\Code\\TrustCash\\vendor\\psy\\psysh\\src\\Shell.php(852): Psy\\CodeCleaner->clean(Array, false)
#3 C:\\Code\\TrustCash\\vendor\\psy\\psysh\\src\\Shell.php(881): Psy\\Shell->addCode('\\\\ = App\\\\Models\\\\...', true)
#4 C:\\Code\\TrustCash\\vendor\\psy\\psysh\\src\\Shell.php(1390): Psy\\Shell->setCode('\\\\ = App\\\\Models\\\\...', true)
#5 C:\\Code\\TrustCash\\vendor\\laravel\\tinker\\src\\Console\\TinkerCommand.php(76): Psy\\Shell->execute('\\\\ = App\\\\Models\\\\...')
#6 C:\\Code\\TrustCash\\vendor\\laravel\\framework\\src\\Illuminate\\Container\\BoundMethod.php(36): Laravel\\Tinker\\Console\\TinkerCommand->handle()
#7 C:\\Code\\TrustCash\\vendor\\laravel\\framework\\src\\Illuminate\\Container\\Util.php(43): Illuminate\\Container\\BoundMethod::{closure:Illuminate\\Container\\BoundMethod::call():35}()
#8 C:\\Code\\TrustCash\\vendor\\laravel\\framework\\src\\Illuminate\\Container\\BoundMethod.php(95): Illuminate\\Container\\Util::unwrapIfClosure(Object(Closure))
#9 C:\\Code\\TrustCash\\vendor\\laravel\\framework\\src\\Illuminate\\Container\\BoundMethod.php(35): Illuminate\\Container\\BoundMethod::callBoundMethod(Object(Illuminate\\Foundation\\Application), Array, Object(Closure))
#10 C:\\Code\\TrustCash\\vendor\\laravel\\framework\\src\\Illuminate\\Container\\Container.php(696): Illuminate\\Container\\BoundMethod::call(Object(Illuminate\\Foundation\\Application), Array, Array, NULL)
#11 C:\\Code\\TrustCash\\vendor\\laravel\\framework\\src\\Illuminate\\Console\\Command.php(213): Illuminate\\Container\\Container->call(Array)
#12 C:\\Code\\TrustCash\\vendor\\symfony\\console\\Command\\Command.php(279): Illuminate\\Console\\Command->execute(Object(Symfony\\Component\\Console\\Input\\ArgvInput), Object(Illuminate\\Console\\OutputStyle))
#13 C:\\Code\\TrustCash\\vendor\\laravel\\framework\\src\\Illuminate\\Console\\Command.php(182): Symfony\\Component\\Console\\Command\\Command->run(Object(Symfony\\Component\\Console\\Input\\ArgvInput), Object(Illuminate\\Console\\OutputStyle))
#14 C:\\Code\\TrustCash\\vendor\\symfony\\console\\Application.php(1094): Illuminate\\Console\\Command->run(Object(Symfony\\Component\\Console\\Input\\ArgvInput), Object(Symfony\\Component\\Console\\Output\\ConsoleOutput))
#15 C:\\Code\\TrustCash\\vendor\\symfony\\console\\Application.php(342): Symfony\\Component\\Console\\Application->doRunCommand(Object(Laravel\\Tinker\\Console\\TinkerCommand), Object(Symfony\\Component\\Console\\Input\\ArgvInput), Object(Symfony\\Component\\Console\\Output\\ConsoleOutput))
#16 C:\\Code\\TrustCash\\vendor\\symfony\\console\\Application.php(193): Symfony\\Component\\Console\\Application->doRun(Object(Symfony\\Component\\Console\\Input\\ArgvInput), Object(Symfony\\Component\\Console\\Output\\ConsoleOutput))
#17 C:\\Code\\TrustCash\\vendor\\laravel\\framework\\src\\Illuminate\\Foundation\\Console\\Kernel.php(198): Symfony\\Component\\Console\\Application->run(Object(Symfony\\Component\\Console\\Input\\ArgvInput), Object(Symfony\\Component\\Console\\Output\\ConsoleOutput))
#18 C:\\Code\\TrustCash\\vendor\\laravel\\framework\\src\\Illuminate\\Foundation\\Application.php(1235): Illuminate\\Foundation\\Console\\Kernel->handle(Object(Symfony\\Component\\Console\\Input\\ArgvInput), Object(Symfony\\Component\\Console\\Output\\ConsoleOutput))
#19 C:\\Code\\TrustCash\\artisan(13): Illuminate\\Foundation\\Application->handleCommand(Object(Symfony\\Component\\Console\\Input\\ArgvInput))
#20 {main}
"} 
[2026-09-28 03:51:44] local.ERROR: PHP Parse error: Syntax error, unexpected ':', expecting ';' on line 1 {"exception":"[object] (Psy\\Exception\\ParseErrorException(code: 0): PHP Parse error: Syntax error, unexpected ':', expecting ';' on line 1 at C:\\Code\\TrustCash\\vendor\\psy\\psysh\\src\\Exception\\ParseErrorException.php:44)
[stacktrace]
#0 C:\\Code\\TrustCash\\vendor\\psy\\psysh\\src\\CodeCleaner.php(306): Psy\\Exception\\ParseErrorException::fromParseError(Object(PhpParser\\Error))
#1 C:\\Code\\TrustCash\\vendor\\psy\\psysh\\src\\CodeCleaner.php(240): Psy\\CodeCleaner->parse('<?php $t = App\\\\...', false)
#2 C:\\Code\\TrustCash\\vendor\\psy\\psysh\\src\\Shell.php(852): Psy\\CodeCleaner->clean(Array, false)
#3 C:\\Code\\TrustCash\\vendor\\psy\\psysh\\src\\Shell.php(881): Psy\\Shell->addCode('$t = App\\\\Models...', true)
#4 C:\\Code\\TrustCash\\vendor\\psy\\psysh\\src\\Shell.php(1390): Psy\\Shell->setCode('$t = App\\\\Models...', true)
#5 C:\\Code\\TrustCash\\vendor\\laravel\\tinker\\src\\Console\\TinkerCommand.php(76): Psy\\Shell->execute('$t = App\\\\Models...')
#6 C:\\Code\\TrustCash\\vendor\\laravel\\framework\\src\\Illuminate\\Container\\BoundMethod.php(36): Laravel\\Tinker\\Console\\TinkerCommand->handle()
#7 C:\\Code\\TrustCash\\vendor\\laravel\\framework\\src\\Illuminate\\Container\\Util.php(43): Illuminate\\Container\\BoundMethod::{closure:Illuminate\\Container\\BoundMethod::call():35}()
#8 C:\\Code\\TrustCash\\vendor\\laravel\\framework\\src\\Illuminate\\Container\\BoundMethod.php(95): Illuminate\\Container\\Util::unwrapIfClosure(Object(Closure))
#9 C:\\Code\\TrustCash\\vendor\\laravel\\framework\\src\\Illuminate\\Container\\BoundMethod.php(35): Illuminate\\Container\\BoundMethod::callBoundMethod(Object(Illuminate\\Foundation\\Application), Array, Object(Closure))
#10 C:\\Code\\TrustCash\\vendor\\laravel\\framework\\src\\Illuminate\\Container\\Container.php(696): Illuminate\\Container\\BoundMethod::call(Object(Illuminate\\Foundation\\Application), Array, Array, NULL)
#11 C:\\Code\\TrustCash\\vendor\\laravel\\framework\\src\\Illuminate\\Console\\Command.php(213): Illuminate\\Container\\Container->call(Array)
#12 C:\\Code\\TrustCash\\vendor\\symfony\\console\\Command\\Command.php(279): Illuminate\\Console\\Command->execute(Object(Symfony\\Component\\Console\\Input\\ArgvInput), Object(Illuminate\\Console\\OutputStyle))
#13 C:\\Code\\TrustCash\\vendor\\laravel\\framework\\src\\Illuminate\\Console\\Command.php(182): Symfony\\Component\\Console\\Command\\Command->run(Object(Symfony\\Component\\Console\\Input\\ArgvInput), Object(Illuminate\\Console\\OutputStyle))
#14 C:\\Code\\TrustCash\\vendor\\symfony\\console\\Application.php(1094): Illuminate\\Console\\Command->run(Object(Symfony\\Component\\Console\\Input\\ArgvInput), Object(Symfony\\Component\\Console\\Output\\ConsoleOutput))
#15 C:\\Code\\TrustCash\\vendor\\symfony\\console\\Application.php(342): Symfony\\Component\\Console\\Application->doRunCommand(Object(Laravel\\Tinker\\Console\\TinkerCommand), Object(Symfony\\Component\\Console\\Input\\ArgvInput), Object(Symfony\\Component\\Console\\Output\\ConsoleOutput))
#16 C:\\Code\\TrustCash\\vendor\\symfony\\console\\Application.php(193): Symfony\\Component\\Console\\Application->doRun(Object(Symfony\\Component\\Console\\Input\\ArgvInput), Object(Symfony\\Component\\Console\\Output\\ConsoleOutput))
#17 C:\\Code\\TrustCash\\vendor\\laravel\\framework\\src\\Illuminate\\Foundation\\Console\\Kernel.php(198): Symfony\\Component\\Console\\Application->run(Object(Symfony\\Component\\Console\\Input\\ArgvInput), Object(Symfony\\Component\\Console\\Output\\ConsoleOutput))
#18 C:\\Code\\TrustCash\\vendor\\laravel\\framework\\src\\Illuminate\\Foundation\\Application.php(1235): Illuminate\\Foundation\\Console\\Kernel->handle(Object(Symfony\\Component\\Console\\Input\\ArgvInput), Object(Symfony\\Component\\Console\\Output\\ConsoleOutput))
#19 C:\\Code\\TrustCash\\artisan(13): Illuminate\\Foundation\\Application->handleCommand(Object(Symfony\\Component\\Console\\Input\\ArgvInput))
#20 {main}
"} 
[2026-09-28 03:52:04] local.ERROR: Command "db:seed --class=UnitSeeder" is not defined.

Did you mean one of these?
    db
    db:monitor
    db:seed
    db:show
    db:table
    db:wipe {"exception":"[object] (Symfony\\Component\\Console\\Exception\\CommandNotFoundException(code: 0): Command \"db:seed --class=UnitSeeder\" is not defined.

Did you mean one of these?
    db
    db:monitor
    db:seed
    db:show
    db:table
    db:wipe at C:\\Code\\TrustCash\\vendor\\symfony\\console\\Application.php:726)
[stacktrace]
#0 C:\\Code\\TrustCash\\vendor\\laravel\\framework\\src\\Illuminate\\Console\\Command.php(247): Symfony\\Component\\Console\\Application->find('db:seed --class...')
#1 C:\\Code\\TrustCash\\vendor\\laravel\\framework\\src\\Illuminate\\Console\\Concerns\\CallsCommands.php(68): Illuminate\\Console\\Command->resolveCommand('db:seed --class...')
#2 C:\\Code\\TrustCash\\vendor\\laravel\\framework\\src\\Illuminate\\Console\\Concerns\\CallsCommands.php(29): Illuminate\\Console\\Command->runCommand('db:seed --class...', Array, Object(Illuminate\\Console\\OutputStyle))
#3 C:\\Code\\TrustCash\\vendor\\stancl\\tenancy\\src\\Commands\\Run.php(54): Illuminate\\Console\\Command->call('db:seed --class...', Array)
#4 C:\\Code\\TrustCash\\vendor\\stancl\\tenancy\\src\\Tenancy.php(160): Stancl\\Tenancy\\Commands\\Run->{closure:Stancl\\Tenancy\\Commands\\Run::handle():35}(Object(App\\Models\\Tenant))
#5 C:\\Code\\TrustCash\\vendor\\stancl\\tenancy\\src\\Commands\\Run.php(35): Stancl\\Tenancy\\Tenancy->runForMultiple(Object(Illuminate\\Support\\LazyCollection), Object(Closure))
#6 C:\\Code\\TrustCash\\vendor\\laravel\\framework\\src\\Illuminate\\Container\\BoundMethod.php(36): Stancl\\Tenancy\\Commands\\Run->handle()
#7 C:\\Code\\TrustCash\\vendor\\laravel\\framework\\src\\Illuminate\\Container\\Util.php(43): Illuminate\\Container\\BoundMethod::{closure:Illuminate\\Container\\BoundMethod::call():35}()
#8 C:\\Code\\TrustCash\\vendor\\laravel\\framework\\src\\Illuminate\\Container\\BoundMethod.php(95): Illuminate\\Container\\Util::unwrapIfClosure(Object(Closure))
#9 C:\\Code\\TrustCash\\vendor\\laravel\\framework\\src\\Illuminate\\Container\\BoundMethod.php(35): Illuminate\\Container\\BoundMethod::callBoundMethod(Object(Illuminate\\Foundation\\Application), Array, Object(Closure))
#10 C:\\Code\\TrustCash\\vendor\\laravel\\framework\\src\\Illuminate\\Container\\Container.php(696): Illuminate\\Container\\BoundMethod::call(Object(Illuminate\\Foundation\\Application), Array, Array, NULL)
#11 C:\\Code\\TrustCash\\vendor\\laravel\\framework\\src\\Illuminate\\Console\\Command.php(213): Illuminate\\Container\\Container->call(Array)
#12 C:\\Code\\TrustCash\\vendor\\symfony\\console\\Command\\Command.php(279): Illuminate\\Console\\Command->execute(Object(Symfony\\Component\\Console\\Input\\ArgvInput), Object(Illuminate\\Console\\OutputStyle))
#13 C:\\Code\\TrustCash\\vendor\\laravel\\framework\\src\\Illuminate\\Console\\Command.php(182): Symfony\\Component\\Console\\Command\\Command->run(Object(Symfony\\Component\\Console\\Input\\ArgvInput), Object(Illuminate\\Console\\OutputStyle))
#14 C:\\Code\\TrustCash\\vendor\\symfony\\console\\Application.php(1094): Illuminate\\Console\\Command->run(Object(Symfony\\Component\\Console\\Input\\ArgvInput), Object(Symfony\\Component\\Console\\Output\\ConsoleOutput))
#15 C:\\Code\\TrustCash\\vendor\\symfony\\console\\Application.php(342): Symfony\\Component\\Console\\Application->doRunCommand(Object(Stancl\\Tenancy\\Commands\\Run), Object(Symfony\\Component\\Console\\Input\\ArgvInput), Object(Symfony\\Component\\Console\\Output\\ConsoleOutput))
#16 C:\\Code\\TrustCash\\vendor\\symfony\\console\\Application.php(193): Symfony\\Component\\Console\\Application->doRun(Object(Symfony\\Component\\Console\\Input\\ArgvInput), Object(Symfony\\Component\\Console\\Output\\ConsoleOutput))
#17 C:\\Code\\TrustCash\\vendor\\laravel\\framework\\src\\Illuminate\\Foundation\\Console\\Kernel.php(198): Symfony\\Component\\Console\\Application->run(Object(Symfony\\Component\\Console\\Input\\ArgvInput), Object(Symfony\\Component\\Console\\Output\\ConsoleOutput))
#18 C:\\Code\\TrustCash\\vendor\\laravel\\framework\\src\\Illuminate\\Foundation\\Application.php(1235): Illuminate\\Foundation\\Console\\Kernel->handle(Object(Symfony\\Component\\Console\\Input\\ArgvInput), Object(Symfony\\Component\\Console\\Output\\ConsoleOutput))
#19 C:\\Code\\TrustCash\\artisan(13): Illuminate\\Foundation\\Application->handleCommand(Object(Symfony\\Component\\Console\\Input\\ArgvInput))
#20 {main}
"} 
[2026-09-28 03:52:33] local.ERROR: There are no commands defined in the "tinker --execute='echo App\Models\Unit:" namespace. {"exception":"[object] (Symfony\\Component\\Console\\Exception\\NamespaceNotFoundException(code: 0): There are no commands defined in the \"tinker --execute='echo App\\Models\\Unit:\" namespace. at C:\\Code\\TrustCash\\vendor\\symfony\\console\\Application.php:660)
[stacktrace]
#0 C:\\Code\\TrustCash\\vendor\\symfony\\console\\Application.php(709): Symfony\\Component\\Console\\Application->findNamespace('tinker --execut...')
#1 C:\\Code\\TrustCash\\vendor\\laravel\\framework\\src\\Illuminate\\Console\\Command.php(247): Symfony\\Component\\Console\\Application->find('tinker --execut...')
#2 C:\\Code\\TrustCash\\vendor\\laravel\\framework\\src\\Illuminate\\Console\\Concerns\\CallsCommands.php(68): Illuminate\\Console\\Command->resolveCommand('tinker --execut...')
#3 C:\\Code\\TrustCash\\vendor\\laravel\\framework\\src\\Illuminate\\Console\\Concerns\\CallsCommands.php(29): Illuminate\\Console\\Command->runCommand('tinker --execut...', Array, Object(Illuminate\\Console\\OutputStyle))
#4 C:\\Code\\TrustCash\\vendor\\stancl\\tenancy\\src\\Commands\\Run.php(54): Illuminate\\Console\\Command->call('tinker --execut...', Array)
#5 C:\\Code\\TrustCash\\vendor\\stancl\\tenancy\\src\\Tenancy.php(160): Stancl\\Tenancy\\Commands\\Run->{closure:Stancl\\Tenancy\\Commands\\Run::handle():35}(Object(App\\Models\\Tenant))
#6 C:\\Code\\TrustCash\\vendor\\stancl\\tenancy\\src\\Commands\\Run.php(35): Stancl\\Tenancy\\Tenancy->runForMultiple(Object(Illuminate\\Support\\LazyCollection), Object(Closure))
#7 C:\\Code\\TrustCash\\vendor\\laravel\\framework\\src\\Illuminate\\Container\\BoundMethod.php(36): Stancl\\Tenancy\\Commands\\Run->handle()
#8 C:\\Code\\TrustCash\\vendor\\laravel\\framework\\src\\Illuminate\\Container\\Util.php(43): Illuminate\\Container\\BoundMethod::{closure:Illuminate\\Container\\BoundMethod::call():35}()
#9 C:\\Code\\TrustCash\\vendor\\laravel\\framework\\src\\Illuminate\\Container\\BoundMethod.php(95): Illuminate\\Container\\Util::unwrapIfClosure(Object(Closure))
#10 C:\\Code\\TrustCash\\vendor\\laravel\\framework\\src\\Illuminate\\Container\\BoundMethod.php(35): Illuminate\\Container\\BoundMethod::callBoundMethod(Object(Illuminate\\Foundation\\Application), Array, Object(Closure))
#11 C:\\Code\\TrustCash\\vendor\\laravel\\framework\\src\\Illuminate\\Container\\Container.php(696): Illuminate\\Container\\BoundMethod::call(Object(Illuminate\\Foundation\\Application), Array, Array, NULL)
#12 C:\\Code\\TrustCash\\vendor\\laravel\\framework\\src\\Illuminate\\Console\\Command.php(213): Illuminate\\Container\\Container->call(Array)
#13 C:\\Code\\TrustCash\\vendor\\symfony\\console\\Command\\Command.php(279): Illuminate\\Console\\Command->execute(Object(Symfony\\Component\\Console\\Input\\ArgvInput), Object(Illuminate\\Console\\OutputStyle))
#14 C:\\Code\\TrustCash\\vendor\\laravel\\framework\\src\\Illuminate\\Console\\Command.php(182): Symfony\\Component\\Console\\Command\\Command->run(Object(Symfony\\Component\\Console\\Input\\ArgvInput), Object(Illuminate\\Console\\OutputStyle))
#15 C:\\Code\\TrustCash\\vendor\\symfony\\console\\Application.php(1094): Illuminate\\Console\\Command->run(Object(Symfony\\Component\\Console\\Input\\ArgvInput), Object(Symfony\\Component\\Console\\Output\\ConsoleOutput))
#16 C:\\Code\\TrustCash\\vendor\\symfony\\console\\Application.php(342): Symfony\\Component\\Console\\Application->doRunCommand(Object(Stancl\\Tenancy\\Commands\\Run), Object(Symfony\\Component\\Console\\Input\\ArgvInput), Object(Symfony\\Component\\Console\\Output\\ConsoleOutput))
#17 C:\\Code\\TrustCash\\vendor\\symfony\\console\\Application.php(193): Symfony\\Component\\Console\\Application->doRun(Object(Symfony\\Component\\Console\\Input\\ArgvInput), Object(Symfony\\Component\\Console\\Output\\ConsoleOutput))
#18 C:\\Code\\TrustCash\\vendor\\laravel\\framework\\src\\Illuminate\\Foundation\\Console\\Kernel.php(198): Symfony\\Component\\Console\\Application->run(Object(Symfony\\Component\\Console\\Input\\ArgvInput), Object(Symfony\\Component\\Console\\Output\\ConsoleOutput))
#19 C:\\Code\\TrustCash\\vendor\\laravel\\framework\\src\\Illuminate\\Foundation\\Application.php(1235): Illuminate\\Foundation\\Console\\Kernel->handle(Object(Symfony\\Component\\Console\\Input\\ArgvInput), Object(Symfony\\Component\\Console\\Output\\ConsoleOutput))
#20 C:\\Code\\TrustCash\\artisan(13): Illuminate\\Foundation\\Application->handleCommand(Object(Symfony\\Component\\Console\\Input\\ArgvInput))
#21 {main}
"} 
[2026-09-28 03:52:37] local.ERROR: Command "db:show --counts" is not defined.

Did you mean one of these?
    db
    db:monitor
    db:seed
    db:show
    db:table
    db:wipe {"exception":"[object] (Symfony\\Component\\Console\\Exception\\CommandNotFoundException(code: 0): Command \"db:show --counts\" is not defined.

Did you mean one of these?
    db
    db:monitor
    db:seed
    db:show
    db:table
    db:wipe at C:\\Code\\TrustCash\\vendor\\symfony\\console\\Application.php:726)
[stacktrace]
#0 C:\\Code\\TrustCash\\vendor\\laravel\\framework\\src\\Illuminate\\Console\\Command.php(247): Symfony\\Component\\Console\\Application->find('db:show --count...')
#1 C:\\Code\\TrustCash\\vendor\\laravel\\framework\\src\\Illuminate\\Console\\Concerns\\CallsCommands.php(68): Illuminate\\Console\\Command->resolveCommand('db:show --count...')
#2 C:\\Code\\TrustCash\\vendor\\laravel\\framework\\src\\Illuminate\\Console\\Concerns\\CallsCommands.php(29): Illuminate\\Console\\Command->runCommand('db:show --count...', Array, Object(Illuminate\\Console\\OutputStyle))
#3 C:\\Code\\TrustCash\\vendor\\stancl\\tenancy\\src\\Commands\\Run.php(54): Illuminate\\Console\\Command->call('db:show --count...', Array)
#4 C:\\Code\\TrustCash\\vendor\\stancl\\tenancy\\src\\Tenancy.php(160): Stancl\\Tenancy\\Commands\\Run->{closure:Stancl\\Tenancy\\Commands\\Run::handle():35}(Object(App\\Models\\Tenant))
#5 C:\\Code\\TrustCash\\vendor\\stancl\\tenancy\\src\\Commands\\Run.php(35): Stancl\\Tenancy\\Tenancy->runForMultiple(Object(Illuminate\\Support\\LazyCollection), Object(Closure))
#6 C:\\Code\\TrustCash\\vendor\\laravel\\framework\\src\\Illuminate\\Container\\BoundMethod.php(36): Stancl\\Tenancy\\Commands\\Run->handle()
#7 C:\\Code\\TrustCash\\vendor\\laravel\\framework\\src\\Illuminate\\Container\\Util.php(43): Illuminate\\Container\\BoundMethod::{closure:Illuminate\\Container\\BoundMethod::call():35}()
#8 C:\\Code\\TrustCash\\vendor\\laravel\\framework\\src\\Illuminate\\Container\\BoundMethod.php(95): Illuminate\\Container\\Util::unwrapIfClosure(Object(Closure))
#9 C:\\Code\\TrustCash\\vendor\\laravel\\framework\\src\\Illuminate\\Container\\BoundMethod.php(35): Illuminate\\Container\\BoundMethod::callBoundMethod(Object(Illuminate\\Foundation\\Application), Array, Object(Closure))
#10 C:\\Code\\TrustCash\\vendor\\laravel\\framework\\src\\Illuminate\\Container\\Container.php(696): Illuminate\\Container\\BoundMethod::call(Object(Illuminate\\Foundation\\Application), Array, Array, NULL)
#11 C:\\Code\\TrustCash\\vendor\\laravel\\framework\\src\\Illuminate\\Console\\Command.php(213): Illuminate\\Container\\Container->call(Array)
#12 C:\\Code\\TrustCash\\vendor\\symfony\\console\\Command\\Command.php(279): Illuminate\\Console\\Command->execute(Object(Symfony\\Component\\Console\\Input\\ArgvInput), Object(Illuminate\\Console\\OutputStyle))
#13 C:\\Code\\TrustCash\\vendor\\laravel\\framework\\src\\Illuminate\\Console\\Command.php(182): Symfony\\Component\\Console\\Command\\Command->run(Object(Symfony\\Component\\Console\\Input\\ArgvInput), Object(Illuminate\\Console\\OutputStyle))
#14 C:\\Code\\TrustCash\\vendor\\symfony\\console\\Application.php(1094): Illuminate\\Console\\Command->run(Object(Symfony\\Component\\Console\\Input\\ArgvInput), Object(Symfony\\Component\\Console\\Output\\ConsoleOutput))
#15 C:\\Code\\TrustCash\\vendor\\symfony\\console\\Application.php(342): Symfony\\Component\\Console\\Application->doRunCommand(Object(Stancl\\Tenancy\\Commands\\Run), Object(Symfony\\Component\\Console\\Input\\ArgvInput), Object(Symfony\\Component\\Console\\Output\\ConsoleOutput))
#16 C:\\Code\\TrustCash\\vendor\\symfony\\console\\Application.php(193): Symfony\\Component\\Console\\Application->doRun(Object(Symfony\\Component\\Console\\Input\\ArgvInput), Object(Symfony\\Component\\Console\\Output\\ConsoleOutput))
#17 C:\\Code\\TrustCash\\vendor\\laravel\\framework\\src\\Illuminate\\Foundation\\Console\\Kernel.php(198): Symfony\\Component\\Console\\Application->run(Object(Symfony\\Component\\Console\\Input\\ArgvInput), Object(Symfony\\Component\\Console\\Output\\ConsoleOutput))
#18 C:\\Code\\TrustCash\\vendor\\laravel\\framework\\src\\Illuminate\\Foundation\\Application.php(1235): Illuminate\\Foundation\\Console\\Kernel->handle(Object(Symfony\\Component\\Console\\Input\\ArgvInput), Object(Symfony\\Component\\Console\\Output\\ConsoleOutput))
#19 C:\\Code\\TrustCash\\artisan(13): Illuminate\\Foundation\\Application->handleCommand(Object(Symfony\\Component\\Console\\Input\\ArgvInput))
#20 {main}
"} 
[2026-09-28 03:52:40] local.ERROR: The "--table" option does not exist. {"exception":"[object] (Symfony\\Component\\Console\\Exception\\RuntimeException(code: 0): The \"--table\" option does not exist. at C:\\Code\\TrustCash\\vendor\\symfony\\console\\Input\\ArgvInput.php:226)
[stacktrace]
#0 C:\\Code\\TrustCash\\vendor\\symfony\\console\\Input\\ArgvInput.php(153): Symfony\\Component\\Console\\Input\\ArgvInput->addLongOption('table', 'units')
#1 C:\\Code\\TrustCash\\vendor\\symfony\\console\\Input\\ArgvInput.php(88): Symfony\\Component\\Console\\Input\\ArgvInput->parseLongOption('--table=units')
#2 C:\\Code\\TrustCash\\vendor\\symfony\\console\\Input\\ArgvInput.php(77): Symfony\\Component\\Console\\Input\\ArgvInput->parseToken('--table=units', true)
#3 C:\\Code\\TrustCash\\vendor\\symfony\\console\\Input\\Input.php(53): Symfony\\Component\\Console\\Input\\ArgvInput->parse()
#4 C:\\Code\\TrustCash\\vendor\\symfony\\console\\Command\\Command.php(238): Symfony\\Component\\Console\\Input\\Input->bind(Object(Symfony\\Component\\Console\\Input\\InputDefinition))
#5 C:\\Code\\TrustCash\\vendor\\laravel\\framework\\src\\Illuminate\\Console\\Command.php(182): Symfony\\Component\\Console\\Command\\Command->run(Object(Symfony\\Component\\Console\\Input\\ArgvInput), Object(Illuminate\\Console\\OutputStyle))
#6 C:\\Code\\TrustCash\\vendor\\symfony\\console\\Application.php(1094): Illuminate\\Console\\Command->run(Object(Symfony\\Component\\Console\\Input\\ArgvInput), Object(Symfony\\Component\\Console\\Output\\ConsoleOutput))
#7 C:\\Code\\TrustCash\\vendor\\symfony\\console\\Application.php(342): Symfony\\Component\\Console\\Application->doRunCommand(Object(Stancl\\Tenancy\\Commands\\Run), Object(Symfony\\Component\\Console\\Input\\ArgvInput), Object(Symfony\\Component\\Console\\Output\\ConsoleOutput))
#8 C:\\Code\\TrustCash\\vendor\\symfony\\console\\Application.php(193): Symfony\\Component\\Console\\Application->doRun(Object(Symfony\\Component\\Console\\Input\\ArgvInput), Object(Symfony\\Component\\Console\\Output\\ConsoleOutput))
#9 C:\\Code\\TrustCash\\vendor\\laravel\\framework\\src\\Illuminate\\Foundation\\Console\\Kernel.php(198): Symfony\\Component\\Console\\Application->run(Object(Symfony\\Component\\Console\\Input\\ArgvInput), Object(Symfony\\Component\\Console\\Output\\ConsoleOutput))
#10 C:\\Code\\TrustCash\\vendor\\laravel\\framework\\src\\Illuminate\\Foundation\\Application.php(1235): Illuminate\\Foundation\\Console\\Kernel->handle(Object(Symfony\\Component\\Console\\Input\\ArgvInput), Object(Symfony\\Component\\Console\\Output\\ConsoleOutput))
#11 C:\\Code\\TrustCash\\artisan(13): Illuminate\\Foundation\\Application->handleCommand(Object(Symfony\\Component\\Console\\Input\\ArgvInput))
#12 {main}
"} 
[2026-09-28 03:55:49] local.ERROR: Can't write image to path. Directory does not exist. {"userId":1,"exception":"[object] (Intervention\\Image\\Exceptions\\NotWritableException(code: 0): Can't write image to path. Directory does not exist. at C:\\Code\\TrustCash\\vendor\\intervention\\image\\src\\File.php:53)
[stacktrace]
#0 C:\\Code\\TrustCash\\app\\Services\\ProductImageProcessor.php(74): Intervention\\Image\\File->save('C:\\\\Code\\\\TrustCa...')
#1 C:\\Code\\TrustCash\\app\\Services\\ProductImageProcessor.php(26): App\\Services\\ProductImageProcessor->encodeToWebpAndSave('C:\\\\Users\\\\MIS Mo...', 'products/4ba986...', 1600, 80)
#2 C:\\Code\\TrustCash\\app\\Http\\Controllers\\Admin\\ProductController.php(184): App\\Services\\ProductImageProcessor->storeUploaded(Object(Illuminate\\Http\\UploadedFile))
#3 C:\\Code\\TrustCash\\vendor\\laravel\\framework\\src\\Illuminate\\Routing\\ControllerDispatcher.php(47): App\\Http\\Controllers\\Admin\\ProductController->store(Object(Illuminate\\Http\\Request))
#4 C:\\Code\\TrustCash\\vendor\\laravel\\framework\\src\\Illuminate\\Routing\\Route.php(266): Illuminate\\Routing\\ControllerDispatcher->dispatch(Object(Illuminate\\Routing\\Route), Object(App\\Http\\Controllers\\Admin\\ProductController), 'store')
#5 C:\\Code\\TrustCash\\vendor\\laravel\\framework\\src\\Illuminate\\Routing\\Route.php(212): Illuminate\\Routing\\Route->runController()
#6 C:\\Code\\TrustCash\\vendor\\laravel\\framework\\src\\Illuminate\\Routing\\Router.php(808): Illuminate\\Routing\\Route->run()
#7 C:\\Code\\TrustCash\\vendor\\laravel\\framework\\src\\Illuminate\\Pipeline\\Pipeline.php(170): Illuminate\\Routing\\Router->{closure:Illuminate\\Routing\\Router::runRouteWithinStack():807}(Object(Illuminate\\Http\\Request))
#8 C:\\Code\\TrustCash\\vendor\\laravel\\boost\\src\\Middleware\\InjectBoost.php(22): Illuminate\\Pipeline\\Pipeline->{closure:Illuminate\\Pipeline\\Pipeline::prepareDestination():168}(Object(Illuminate\\Http\\Request))
#9 C:\\Code\\TrustCash\\vendor\\laravel\\framework\\src\\Illuminate\\Pipeline\\Pipeline.php(209): Laravel\\Boost\\Middleware\\InjectBoost->handle(Object(Illuminate\\Http\\Request), Object(Closure))
#10 C:\\Code\\TrustCash\\vendor\\laravel\\framework\\src\\Illuminate\\Http\\Middleware\\AddLinkHeadersForPreloadedAssets.php(20): Illuminate\\Pipeline\\Pipeline->{closure:{closure:Illuminate\\Pipeline\\Pipeline::carry():184}:185}(Object(Illuminate\\Http\\Request))
#11 C:\\Code\\TrustCash\\vendor\\laravel\\framework\\src\\Illuminate\\Pipeline\\Pipeline.php(209): Illuminate\\Http\\Middleware\\AddLinkHeadersForPreloadedAssets->handle(Object(Illuminate\\Http\\Request), Object(Closure))
#12 C:\\Code\\TrustCash\\vendor\\inertiajs\\inertia-laravel\\src\\Middleware.php(86): Illuminate\\Pipeline\\Pipeline->{closure:{closure:Illuminate\\Pipeline\\Pipeline::carry():184}:185}(Object(Illuminate\\Http\\Request))
#13 C:\\Code\\TrustCash\\vendor\\laravel\\framework\\src\\Illuminate\\Pipeline\\Pipeline.php(209): Inertia\\Middleware->handle(Object(Illuminate\\Http\\Request), Object(Closure))
#14 C:\\Code\\TrustCash\\vendor\\laravel\\framework\\src\\Illuminate\\Routing\\Middleware\\SubstituteBindings.php(51): Illuminate\\Pipeline\\Pipeline->{closure:{closure:Illuminate\\Pipeline\\Pipeline::carry():184}:185}(Object(Illuminate\\Http\\Request))
#15 C:\\Code\\TrustCash\\vendor\\laravel\\framework\\src\\Illuminate\\Pipeline\\Pipeline.php(209): Illuminate\\Routing\\Middleware\\SubstituteBindings->handle(Object(Illuminate\\Http\\Request), Object(Closure))
#16 C:\\Code\\TrustCash\\vendor\\laravel\\framework\\src\\Illuminate\\Auth\\Middleware\\Authenticate.php(64): Illuminate\\Pipeline\\Pipeline->{closure:{closure:Illuminate\\Pipeline\\Pipeline::carry():184}:185}(Object(Illuminate\\Http\\Request))
#17 C:\\Code\\TrustCash\\vendor\\laravel\\framework\\src\\Illuminate\\Pipeline\\Pipeline.php(209): Illuminate\\Auth\\Middleware\\Authenticate->handle(Object(Illuminate\\Http\\Request), Object(Closure))
#18 C:\\Code\\TrustCash\\vendor\\laravel\\framework\\src\\Illuminate\\Foundation\\Http\\Middleware\\VerifyCsrfToken.php(88): Illuminate\\Pipeline\\Pipeline->{closure:{closure:Illuminate\\Pipeline\\Pipeline::carry():184}:185}(Object(Illuminate\\Http\\Request))
#19 C:\\Code\\TrustCash\\vendor\\laravel\\framework\\src\\Illuminate\\Pipeline\\Pipeline.php(209): Illuminate\\Foundation\\Http\\Middleware\\VerifyCsrfToken->handle(Object(Illuminate\\Http\\Request), Object(Closure))
#20 C:\\Code\\TrustCash\\vendor\\laravel\\framework\\src\\Illuminate\\View\\Middleware\\ShareErrorsFromSession.php(49): Illuminate\\Pipeline\\Pipeline->{closure:{closure:Illuminate\\Pipeline\\Pipeline::carry():184}:185}(Object(Illuminate\\Http\\Request))
#21 C:\\Code\\TrustCash\\vendor\\laravel\\framework\\src\\Illuminate\\Pipeline\\Pipeline.php(209): Illuminate\\View\\Middleware\\ShareErrorsFromSession->handle(Object(Illuminate\\Http\\Request), Object(Closure))
#22 C:\\Code\\TrustCash\\vendor\\laravel\\framework\\src\\Illuminate\\Session\\Middleware\\StartSession.php(121): Illuminate\\Pipeline\\Pipeline->{closure:{closure:Illuminate\\Pipeline\\Pipeline::carry():184}:185}(Object(Illuminate\\Http\\Request))
#23 C:\\Code\\TrustCash\\vendor\\laravel\\framework\\src\\Illuminate\\Session\\Middleware\\StartSession.php(64): Illuminate\\Session\\Middleware\\StartSession->handleStatefulRequest(Object(Illuminate\\Http\\Request), Object(Illuminate\\Session\\Store), Object(Closure))
#24 C:\\Code\\TrustCash\\vendor\\laravel\\framework\\src\\Illuminate\\Pipeline\\Pipeline.php(209): Illuminate\\Session\\Middleware\\StartSession->handle(Object(Illuminate\\Http\\Request), Object(Closure))
#25 C:\\Code\\TrustCash\\vendor\\laravel\\framework\\src\\Illuminate\\Cookie\\Middleware\\AddQueuedCookiesToResponse.php(37): Illuminate\\Pipeline\\Pipeline->{closure:{closure:Illuminate\\Pipeline\\Pipeline::carry():184}:185}(Object(Illuminate\\Http\\Request))
#26 C:\\Code\\TrustCash\\vendor\\laravel\\framework\\src\\Illuminate\\Pipeline\\Pipeline.php(209): Illuminate\\Cookie\\Middleware\\AddQueuedCookiesToResponse->handle(Object(Illuminate\\Http\\Request), Object(Closure))
#27 C:\\Code\\TrustCash\\vendor\\laravel\\framework\\src\\Illuminate\\Cookie\\Middleware\\EncryptCookies.php(75): Illuminate\\Pipeline\\Pipeline->{closure:{closure:Illuminate\\Pipeline\\Pipeline::carry():184}:185}(Object(Illuminate\\Http\\Request))
#28 C:\\Code\\TrustCash\\vendor\\laravel\\framework\\src\\Illuminate\\Pipeline\\Pipeline.php(209): Illuminate\\Cookie\\Middleware\\EncryptCookies->handle(Object(Illuminate\\Http\\Request), Object(Closure))
#29 C:\\Code\\TrustCash\\app\\Http\\Middleware\\InitializeTenancyIfTenantDomain.php(76): Illuminate\\Pipeline\\Pipeline->{closure:{closure:Illuminate\\Pipeline\\Pipeline::carry():184}:185}(Object(Illuminate\\Http\\Request))
#30 C:\\Code\\TrustCash\\vendor\\laravel\\framework\\src\\Illuminate\\Pipeline\\Pipeline.php(209): App\\Http\\Middleware\\InitializeTenancyIfTenantDomain->handle(Object(Illuminate\\Http\\Request), Object(Closure))
#31 C:\\Code\\TrustCash\\vendor\\laravel\\framework\\src\\Illuminate\\Pipeline\\Pipeline.php(127): Illuminate\\Pipeline\\Pipeline->{closure:{closure:Illuminate\\Pipeline\\Pipeline::carry():184}:185}(Object(Illuminate\\Http\\Request))
#32 C:\\Code\\TrustCash\\vendor\\laravel\\framework\\src\\Illuminate\\Routing\\Router.php(807): Illuminate\\Pipeline\\Pipeline->then(Object(Closure))
#33 C:\\Code\\TrustCash\\vendor\\laravel\\framework\\src\\Illuminate\\Routing\\Router.php(786): Illuminate\\Routing\\Router->runRouteWithinStack(Object(Illuminate\\Routing\\Route), Object(Illuminate\\Http\\Request))
#34 C:\\Code\\TrustCash\\vendor\\laravel\\framework\\src\\Illuminate\\Routing\\Router.php(750): Illuminate\\Routing\\Router->runRoute(Object(Illuminate\\Http\\Request), Object(Illuminate\\Routing\\Route))
#35 C:\\Code\\TrustCash\\vendor\\laravel\\framework\\src\\Illuminate\\Routing\\Router.php(739): Illuminate\\Routing\\Router->dispatchToRoute(Object(Illuminate\\Http\\Request))
#36 C:\\Code\\TrustCash\\vendor\\laravel\\framework\\src\\Illuminate\\Foundation\\Http\\Kernel.php(201): Illuminate\\Routing\\Router->dispatch(Object(Illuminate\\Http\\Request))
#37 C:\\Code\\TrustCash\\vendor\\laravel\\framework\\src\\Illuminate\\Pipeline\\Pipeline.php(170): Illuminate\\Foundation\\Http\\Kernel->{closure:Illuminate\\Foundation\\Http\\Kernel::dispatchToRouter():198}(Object(Illuminate\\Http\\Request))
#38 C:\\Code\\TrustCash\\vendor\\laravel\\framework\\src\\Illuminate\\Foundation\\Http\\Middleware\\TransformsRequest.php(21): Illuminate\\Pipeline\\Pipeline->{closure:Illuminate\\Pipeline\\Pipeline::prepareDestination():168}(Object(Illuminate\\Http\\Request))
#39 C:\\Code\\TrustCash\\vendor\\laravel\\framework\\src\\Illuminate\\Foundation\\Http\\Middleware\\ConvertEmptyStringsToNull.php(31): Illuminate\\Foundation\\Http\\Middleware\\TransformsRequest->handle(Object(Illuminate\\Http\\Request), Object(Closure))
#40 C:\\Code\\TrustCash\\vendor\\laravel\\framework\\src\\Illuminate\\Pipeline\\Pipeline.php(209): Illuminate\\Foundation\\Http\\Middleware\\ConvertEmptyStringsToNull->handle(Object(Illuminate\\Http\\Request), Object(Closure))
#41 C:\\Code\\TrustCash\\vendor\\laravel\\framework\\src\\Illuminate\\Foundation\\Http\\Middleware\\TransformsRequest.php(21): Illuminate\\Pipeline\\Pipeline->{closure:{closure:Illuminate\\Pipeline\\Pipeline::carry():184}:185}(Object(Illuminate\\Http\\Request))
#42 C:\\Code\\TrustCash\\vendor\\laravel\\framework\\src\\Illuminate\\Foundation\\Http\\Middleware\\TrimStrings.php(51): Illuminate\\Foundation\\Http\\Middleware\\TransformsRequest->handle(Object(Illuminate\\Http\\Request), Object(Closure))
#43 C:\\Code\\TrustCash\\vendor\\laravel\\framework\\src\\Illuminate\\Pipeline\\Pipeline.php(209): Illuminate\\Foundation\\Http\\Middleware\\TrimStrings->handle(Object(Illuminate\\Http\\Request), Object(Closure))
#44 C:\\Code\\TrustCash\\vendor\\laravel\\framework\\src\\Illuminate\\Http\\Middleware\\ValidatePostSize.php(27): Illuminate\\Pipeline\\Pipeline->{closure:{closure:Illuminate\\Pipeline\\Pipeline::carry():184}:185}(Object(Illuminate\\Http\\Request))
#45 C:\\Code\\TrustCash\\vendor\\laravel\\framework\\src\\Illuminate\\Pipeline\\Pipeline.php(209): Illuminate\\Http\\Middleware\\ValidatePostSize->handle(Object(Illuminate\\Http\\Request), Object(Closure))
#46 C:\\Code\\TrustCash\\vendor\\laravel\\framework\\src\\Illuminate\\Foundation\\Http\\Middleware\\PreventRequestsDuringMaintenance.php(110): Illuminate\\Pipeline\\Pipeline->{closure:{closure:Illuminate\\Pipeline\\Pipeline::carry():184}:185}(Object(Illuminate\\Http\\Request))
#47 C:\\Code\\TrustCash\\vendor\\laravel\\framework\\src\\Illuminate\\Pipeline\\Pipeline.php(209): Illuminate\\Foundation\\Http\\Middleware\\PreventRequestsDuringMaintenance->handle(Object(Illuminate\\Http\\Request), Object(Closure))
#48 C:\\Code\\TrustCash\\vendor\\laravel\\framework\\src\\Illuminate\\Http\\Middleware\\HandleCors.php(49): Illuminate\\Pipeline\\Pipeline->{closure:{closure:Illuminate\\Pipeline\\Pipeline::carry():184}:185}(Object(Illuminate\\Http\\Request))
#49 C:\\Code\\TrustCash\\vendor\\laravel\\framework\\src\\Illuminate\\Pipeline\\Pipeline.php(209): Illuminate\\Http\\Middleware\\HandleCors->handle(Object(Illuminate\\Http\\Request), Object(Closure))
#50 C:\\Code\\TrustCash\\vendor\\laravel\\framework\\src\\Illuminate\\Http\\Middleware\\TrustProxies.php(58): Illuminate\\Pipeline\\Pipeline->{closure:{closure:Illuminate\\Pipeline\\Pipeline::carry():184}:185}(Object(Illuminate\\Http\\Request))
#51 C:\\Code\\TrustCash\\vendor\\laravel\\framework\\src\\Illuminate\\Pipeline\\Pipeline.php(209): Illuminate\\Http\\Middleware\\TrustProxies->handle(Object(Illuminate\\Http\\Request), Object(Closure))
#52 C:\\Code\\TrustCash\\vendor\\laravel\\framework\\src\\Illuminate\\Foundation\\Http\\Middleware\\InvokeDeferredCallbacks.php(22): Illuminate\\Pipeline\\Pipeline->{closure:{closure:Illuminate\\Pipeline\\Pipeline::carry():184}:185}(Object(Illuminate\\Http\\Request))
#53 C:\\Code\\TrustCash\\vendor\\laravel\\framework\\src\\Illuminate\\Pipeline\\Pipeline.php(209): Illuminate\\Foundation\\Http\\Middleware\\InvokeDeferredCallbacks->handle(Object(Illuminate\\Http\\Request), Object(Closure))
#54 C:\\Code\\TrustCash\\vendor\\laravel\\framework\\src\\Illuminate\\Pipeline\\Pipeline.php(127): Illuminate\\Pipeline\\Pipeline->{closure:{closure:Illuminate\\Pipeline\\Pipeline::carry():184}:185}(Object(Illuminate\\Http\\Request))
#55 C:\\Code\\TrustCash\\vendor\\laravel\\framework\\src\\Illuminate\\Foundation\\Http\\Kernel.php(176): Illuminate\\Pipeline\\Pipeline->then(Object(Closure))
#56 C:\\Code\\TrustCash\\vendor\\laravel\\framework\\src\\Illuminate\\Foundation\\Http\\Kernel.php(145): Illuminate\\Foundation\\Http\\Kernel->sendRequestThroughRouter(Object(Illuminate\\Http\\Request))
#57 C:\\Code\\TrustCash\\vendor\\laravel\\framework\\src\\Illuminate\\Foundation\\Application.php(1220): Illuminate\\Foundation\\Http\\Kernel->handle(Object(Illuminate\\Http\\Request))
#58 C:\\Code\\TrustCash\\public\\index.php(17): Illuminate\\Foundation\\Application->handleRequest(Object(Illuminate\\Http\\Request))
#59 C:\\Code\\TrustCash\\vendor\\laravel\\framework\\src\\Illuminate\\Foundation\\resources\\server.php(23): require_once('C:\\\\Code\\\\TrustCa...')
#60 {main}
"} 
[2026-09-28 03:56:43] local.ERROR: PHP Parse error: Syntax error, unexpected T_NS_SEPARATOR on line 1 {"exception":"[object] (Psy\\Exception\\ParseErrorException(code: 0): PHP Parse error: Syntax error, unexpected T_NS_SEPARATOR on line 1 at C:\\Code\\TrustCash\\vendor\\psy\\psysh\\src\\Exception\\ParseErrorException.php:44)
[stacktrace]
#0 C:\\Code\\TrustCash\\vendor\\psy\\psysh\\src\\CodeCleaner.php(306): Psy\\Exception\\ParseErrorException::fromParseError(Object(PhpParser\\Error))
#1 C:\\Code\\TrustCash\\vendor\\psy\\psysh\\src\\CodeCleaner.php(240): Psy\\CodeCleaner->parse('<?php \\\\ = app(A...', false)
#2 C:\\Code\\TrustCash\\vendor\\psy\\psysh\\src\\Shell.php(852): Psy\\CodeCleaner->clean(Array, false)
#3 C:\\Code\\TrustCash\\vendor\\psy\\psysh\\src\\Shell.php(881): Psy\\Shell->addCode('\\\\ = app(App\\\\Ser...', true)
#4 C:\\Code\\TrustCash\\vendor\\psy\\psysh\\src\\Shell.php(1390): Psy\\Shell->setCode('\\\\ = app(App\\\\Ser...', true)
#5 C:\\Code\\TrustCash\\vendor\\laravel\\tinker\\src\\Console\\TinkerCommand.php(76): Psy\\Shell->execute('\\\\ = app(App\\\\Ser...')
#6 C:\\Code\\TrustCash\\vendor\\laravel\\framework\\src\\Illuminate\\Container\\BoundMethod.php(36): Laravel\\Tinker\\Console\\TinkerCommand->handle()
#7 C:\\Code\\TrustCash\\vendor\\laravel\\framework\\src\\Illuminate\\Container\\Util.php(43): Illuminate\\Container\\BoundMethod::{closure:Illuminate\\Container\\BoundMethod::call():35}()
#8 C:\\Code\\TrustCash\\vendor\\laravel\\framework\\src\\Illuminate\\Container\\BoundMethod.php(95): Illuminate\\Container\\Util::unwrapIfClosure(Object(Closure))
#9 C:\\Code\\TrustCash\\vendor\\laravel\\framework\\src\\Illuminate\\Container\\BoundMethod.php(35): Illuminate\\Container\\BoundMethod::callBoundMethod(Object(Illuminate\\Foundation\\Application), Array, Object(Closure))
#10 C:\\Code\\TrustCash\\vendor\\laravel\\framework\\src\\Illuminate\\Container\\Container.php(696): Illuminate\\Container\\BoundMethod::call(Object(Illuminate\\Foundation\\Application), Array, Array, NULL)
#11 C:\\Code\\TrustCash\\vendor\\laravel\\framework\\src\\Illuminate\\Console\\Command.php(213): Illuminate\\Container\\Container->call(Array)
#12 C:\\Code\\TrustCash\\vendor\\symfony\\console\\Command\\Command.php(279): Illuminate\\Console\\Command->execute(Object(Symfony\\Component\\Console\\Input\\ArgvInput), Object(Illuminate\\Console\\OutputStyle))
#13 C:\\Code\\TrustCash\\vendor\\laravel\\framework\\src\\Illuminate\\Console\\Command.php(182): Symfony\\Component\\Console\\Command\\Command->run(Object(Symfony\\Component\\Console\\Input\\ArgvInput), Object(Illuminate\\Console\\OutputStyle))
#14 C:\\Code\\TrustCash\\vendor\\symfony\\console\\Application.php(1094): Illuminate\\Console\\Command->run(Object(Symfony\\Component\\Console\\Input\\ArgvInput), Object(Symfony\\Component\\Console\\Output\\ConsoleOutput))
#15 C:\\Code\\TrustCash\\vendor\\symfony\\console\\Application.php(342): Symfony\\Component\\Console\\Application->doRunCommand(Object(Laravel\\Tinker\\Console\\TinkerCommand), Object(Symfony\\Component\\Console\\Input\\ArgvInput), Object(Symfony\\Component\\Console\\Output\\ConsoleOutput))
#16 C:\\Code\\TrustCash\\vendor\\symfony\\console\\Application.php(193): Symfony\\Component\\Console\\Application->doRun(Object(Symfony\\Component\\Console\\Input\\ArgvInput), Object(Symfony\\Component\\Console\\Output\\ConsoleOutput))
#17 C:\\Code\\TrustCash\\vendor\\laravel\\framework\\src\\Illuminate\\Foundation\\Console\\Kernel.php(198): Symfony\\Component\\Console\\Application->run(Object(Symfony\\Component\\Console\\Input\\ArgvInput), Object(Symfony\\Component\\Console\\Output\\ConsoleOutput))
#18 C:\\Code\\TrustCash\\vendor\\laravel\\framework\\src\\Illuminate\\Foundation\\Application.php(1235): Illuminate\\Foundation\\Console\\Kernel->handle(Object(Symfony\\Component\\Console\\Input\\ArgvInput), Object(Symfony\\Component\\Console\\Output\\ConsoleOutput))
#19 C:\\Code\\TrustCash\\artisan(13): Illuminate\\Foundation\\Application->handleCommand(Object(Symfony\\Component\\Console\\Input\\ArgvInput))
#20 {main}
"} 
[2026-09-28 03:57:17] local.ERROR: SQLSTATE[23000]: Integrity constraint violation: 1062 Duplicate entry 'test-product' for key 'products.products_slug_unique' (Connection: tenant, SQL: insert into `products` (`name`, `sku`, `barcode`, `category_id`, `brand_id`, `unit_id`, `selling_price`, `alert_quantity`, `description`, `status`, `slug`, `updated_at`, `created_at`) values (Test product, TEST-4558, 72625560, 1, ?, 1, 100, 5, ?, 1, test-product, 2026-09-28 03:57:17, 2026-09-28 03:57:17)) {"userId":1,"exception":"[object] (Illuminate\\Database\\UniqueConstraintViolationException(code: 23000): SQLSTATE[23000]: Integrity constraint violation: 1062 Duplicate entry 'test-product' for key 'products.products_slug_unique' (Connection: tenant, SQL: insert into `products` (`name`, `sku`, `barcode`, `category_id`, `brand_id`, `unit_id`, `selling_price`, `alert_quantity`, `description`, `status`, `slug`, `updated_at`, `created_at`) values (Test product, TEST-4558, 72625560, 1, ?, 1, 100, 5, ?, 1, test-product, 2026-09-28 03:57:17, 2026-09-28 03:57:17)) at C:\\Code\\TrustCash\\vendor\\laravel\\framework\\src\\Illuminate\\Database\\Connection.php:820)
[stacktrace]
#0 C:\\Code\\TrustCash\\vendor\\laravel\\framework\\src\\Illuminate\\Database\\Connection.php(779): Illuminate\\Database\\Connection->runQueryCallback('insert into `pr...', Array, Object(Closure))
#1 C:\\Code\\TrustCash\\vendor\\laravel\\framework\\src\\Illuminate\\Database\\MySqlConnection.php(42): Illuminate\\Database\\Connection->run('insert into `pr...', Array, Object(Closure))
#2 C:\\Code\\TrustCash\\vendor\\laravel\\framework\\src\\Illuminate\\Database\\Query\\Processors\\MySqlProcessor.php(35): Illuminate\\Database\\MySqlConnection->insert('insert into `pr...', Array, 'id')
#3 C:\\Code\\TrustCash\\vendor\\laravel\\framework\\src\\Illuminate\\Database\\Query\\Builder.php(3766): Illuminate\\Database\\Query\\Processors\\MySqlProcessor->processInsertGetId(Object(Illuminate\\Database\\Query\\Builder), 'insert into `pr...', Array, 'id')
#4 C:\\Code\\TrustCash\\vendor\\laravel\\framework\\src\\Illuminate\\Database\\Eloquent\\Builder.php(2120): Illuminate\\Database\\Query\\Builder->insertGetId(Array, 'id')
#5 C:\\Code\\TrustCash\\vendor\\laravel\\framework\\src\\Illuminate\\Database\\Eloquent\\Model.php(1359): Illuminate\\Database\\Eloquent\\Builder->__call('insertGetId', Array)
#6 C:\\Code\\TrustCash\\vendor\\laravel\\framework\\src\\Illuminate\\Database\\Eloquent\\Model.php(1324): Illuminate\\Database\\Eloquent\\Model->insertAndSetId(Object(Illuminate\\Database\\Eloquent\\Builder), Array)
#7 C:\\Code\\TrustCash\\vendor\\laravel\\framework\\src\\Illuminate\\Database\\Eloquent\\Model.php(1163): Illuminate\\Database\\Eloquent\\Model->performInsert(Object(Illuminate\\Database\\Eloquent\\Builder))
#8 C:\\Code\\TrustCash\\vendor\\laravel\\framework\\src\\Illuminate\\Database\\Eloquent\\Builder.php(1128): Illuminate\\Database\\Eloquent\\Model->save()
#9 C:\\Code\\TrustCash\\vendor\\laravel\\framework\\src\\Illuminate\\Support\\helpers.php(399): Illuminate\\Database\\Eloquent\\Builder->{closure:Illuminate\\Database\\Eloquent\\Builder::create():1127}(Object(App\\Models\\Product))
#10 C:\\Code\\TrustCash\\vendor\\laravel\\framework\\src\\Illuminate\\Database\\Eloquent\\Builder.php(1127): tap(Object(App\\Models\\Product), Object(Closure))
#11 C:\\Code\\TrustCash\\vendor\\laravel\\framework\\src\\Illuminate\\Support\\Traits\\ForwardsCalls.php(23): Illuminate\\Database\\Eloquent\\Builder->create(Array)
#12 C:\\Code\\TrustCash\\vendor\\laravel\\framework\\src\\Illuminate\\Database\\Eloquent\\Model.php(2372): Illuminate\\Database\\Eloquent\\Model->forwardCallTo(Object(Illuminate\\Database\\Eloquent\\Builder), 'create', Array)
#13 C:\\Code\\TrustCash\\vendor\\laravel\\framework\\src\\Illuminate\\Database\\Eloquent\\Model.php(2384): Illuminate\\Database\\Eloquent\\Model->__call('create', Array)
#14 C:\\Code\\TrustCash\\app\\Http\\Controllers\\Admin\\ProductController.php(176): Illuminate\\Database\\Eloquent\\Model::__callStatic('create', Array)
#15 C:\\Code\\TrustCash\\vendor\\laravel\\framework\\src\\Illuminate\\Routing\\ControllerDispatcher.php(47): App\\Http\\Controllers\\Admin\\ProductController->store(Object(Illuminate\\Http\\Request))
#16 C:\\Code\\TrustCash\\vendor\\laravel\\framework\\src\\Illuminate\\Routing\\Route.php(266): Illuminate\\Routing\\ControllerDispatcher->dispatch(Object(Illuminate\\Routing\\Route), Object(App\\Http\\Controllers\\Admin\\ProductController), 'store')
#17 C:\\Code\\TrustCash\\vendor\\laravel\\framework\\src\\Illuminate\\Routing\\Route.php(212): Illuminate\\Routing\\Route->runController()
#18 C:\\Code\\TrustCash\\vendor\\laravel\\framework\\src\\Illuminate\\Routing\\Router.php(808): Illuminate\\Routing\\Route->run()
#19 C:\\Code\\TrustCash\\vendor\\laravel\\framework\\src\\Illuminate\\Pipeline\\Pipeline.php(170): Illuminate\\Routing\\Router->{closure:Illuminate\\Routing\\Router::runRouteWithinStack():807}(Object(Illuminate\\Http\\Request))
#20 C:\\Code\\TrustCash\\vendor\\laravel\\boost\\src\\Middleware\\InjectBoost.php(22): Illuminate\\Pipeline\\Pipeline->{closure:Illuminate\\Pipeline\\Pipeline::prepareDestination():168}(Object(Illuminate\\Http\\Request))
#21 C:\\Code\\TrustCash\\vendor\\laravel\\framework\\src\\Illuminate\\Pipeline\\Pipeline.php(209): Laravel\\Boost\\Middleware\\InjectBoost->handle(Object(Illuminate\\Http\\Request), Object(Closure))
#22 C:\\Code\\TrustCash\\vendor\\laravel\\framework\\src\\Illuminate\\Http\\Middleware\\AddLinkHeadersForPreloadedAssets.php(20): Illuminate\\Pipeline\\Pipeline->{closure:{closure:Illuminate\\Pipeline\\Pipeline::carry():184}:185}(Object(Illuminate\\Http\\Request))
#23 C:\\Code\\TrustCash\\vendor\\laravel\\framework\\src\\Illuminate\\Pipeline\\Pipeline.php(209): Illuminate\\Http\\Middleware\\AddLinkHeadersForPreloadedAssets->handle(Object(Illuminate\\Http\\Request), Object(Closure))
#24 C:\\Code\\TrustCash\\vendor\\inertiajs\\inertia-laravel\\src\\Middleware.php(86): Illuminate\\Pipeline\\Pipeline->{closure:{closure:Illuminate\\Pipeline\\Pipeline::carry():184}:185}(Object(Illuminate\\Http\\Request))
#25 C:\\Code\\TrustCash\\vendor\\laravel\\framework\\src\\Illuminate\\Pipeline\\Pipeline.php(209): Inertia\\Middleware->handle(Object(Illuminate\\Http\\Request), Object(Closure))
#26 C:\\Code\\TrustCash\\vendor\\laravel\\framework\\src\\Illuminate\\Routing\\Middleware\\SubstituteBindings.php(51): Illuminate\\Pipeline\\Pipeline->{closure:{closure:Illuminate\\Pipeline\\Pipeline::carry():184}:185}(Object(Illuminate\\Http\\Request))
#27 C:\\Code\\TrustCash\\vendor\\laravel\\framework\\src\\Illuminate\\Pipeline\\Pipeline.php(209): Illuminate\\Routing\\Middleware\\SubstituteBindings->handle(Object(Illuminate\\Http\\Request), Object(Closure))
#28 C:\\Code\\TrustCash\\vendor\\laravel\\framework\\src\\Illuminate\\Auth\\Middleware\\Authenticate.php(64): Illuminate\\Pipeline\\Pipeline->{closure:{closure:Illuminate\\Pipeline\\Pipeline::carry():184}:185}(Object(Illuminate\\Http\\Request))
#29 C:\\Code\\TrustCash\\vendor\\laravel\\framework\\src\\Illuminate\\Pipeline\\Pipeline.php(209): Illuminate\\Auth\\Middleware\\Authenticate->handle(Object(Illuminate\\Http\\Request), Object(Closure))
#30 C:\\Code\\TrustCash\\vendor\\laravel\\framework\\src\\Illuminate\\Foundation\\Http\\Middleware\\VerifyCsrfToken.php(88): Illuminate\\Pipeline\\Pipeline->{closure:{closure:Illuminate\\Pipeline\\Pipeline::carry():184}:185}(Object(Illuminate\\Http\\Request))
#31 C:\\Code\\TrustCash\\vendor\\laravel\\framework\\src\\Illuminate\\Pipeline\\Pipeline.php(209): Illuminate\\Foundation\\Http\\Middleware\\VerifyCsrfToken->handle(Object(Illuminate\\Http\\Request), Object(Closure))
#32 C:\\Code\\TrustCash\\vendor\\laravel\\framework\\src\\Illuminate\\View\\Middleware\\ShareErrorsFromSession.php(49): Illuminate\\Pipeline\\Pipeline->{closure:{closure:Illuminate\\Pipeline\\Pipeline::carry():184}:185}(Object(Illuminate\\Http\\Request))
#33 C:\\Code\\TrustCash\\vendor\\laravel\\framework\\src\\Illuminate\\Pipeline\\Pipeline.php(209): Illuminate\\View\\Middleware\\ShareErrorsFromSession->handle(Object(Illuminate\\Http\\Request), Object(Closure))
#34 C:\\Code\\TrustCash\\vendor\\laravel\\framework\\src\\Illuminate\\Session\\Middleware\\StartSession.php(121): Illuminate\\Pipeline\\Pipeline->{closure:{closure:Illuminate\\Pipeline\\Pipeline::carry():184}:185}(Object(Illuminate\\Http\\Request))
#35 C:\\Code\\TrustCash\\vendor\\laravel\\framework\\src\\Illuminate\\Session\\Middleware\\StartSession.php(64): Illuminate\\Session\\Middleware\\StartSession->handleStatefulRequest(Object(Illuminate\\Http\\Request), Object(Illuminate\\Session\\Store), Object(Closure))
#36 C:\\Code\\TrustCash\\vendor\\laravel\\framework\\src\\Illuminate\\Pipeline\\Pipeline.php(209): Illuminate\\Session\\Middleware\\StartSession->handle(Object(Illuminate\\Http\\Request), Object(Closure))
#37 C:\\Code\\TrustCash\\vendor\\laravel\\framework\\src\\Illuminate\\Cookie\\Middleware\\AddQueuedCookiesToResponse.php(37): Illuminate\\Pipeline\\Pipeline->{closure:{closure:Illuminate\\Pipeline\\Pipeline::carry():184}:185}(Object(Illuminate\\Http\\Request))
#38 C:\\Code\\TrustCash\\vendor\\laravel\\framework\\src\\Illuminate\\Pipeline\\Pipeline.php(209): Illuminate\\Cookie\\Middleware\\AddQueuedCookiesToResponse->handle(Object(Illuminate\\Http\\Request), Object(Closure))
#39 C:\\Code\\TrustCash\\vendor\\laravel\\framework\\src\\Illuminate\\Cookie\\Middleware\\EncryptCookies.php(75): Illuminate\\Pipeline\\Pipeline->{closure:{closure:Illuminate\\Pipeline\\Pipeline::carry():184}:185}(Object(Illuminate\\Http\\Request))
#40 C:\\Code\\TrustCash\\vendor\\laravel\\framework\\src\\Illuminate\\Pipeline\\Pipeline.php(209): Illuminate\\Cookie\\Middleware\\EncryptCookies->handle(Object(Illuminate\\Http\\Request), Object(Closure))
#41 C:\\Code\\TrustCash\\app\\Http\\Middleware\\InitializeTenancyIfTenantDomain.php(76): Illuminate\\Pipeline\\Pipeline->{closure:{closure:Illuminate\\Pipeline\\Pipeline::carry():184}:185}(Object(Illuminate\\Http\\Request))
#42 C:\\Code\\TrustCash\\vendor\\laravel\\framework\\src\\Illuminate\\Pipeline\\Pipeline.php(209): App\\Http\\Middleware\\InitializeTenancyIfTenantDomain->handle(Object(Illuminate\\Http\\Request), Object(Closure))
#43 C:\\Code\\TrustCash\\vendor\\laravel\\framework\\src\\Illuminate\\Pipeline\\Pipeline.php(127): Illuminate\\Pipeline\\Pipeline->{closure:{closure:Illuminate\\Pipeline\\Pipeline::carry():184}:185}(Object(Illuminate\\Http\\Request))
#44 C:\\Code\\TrustCash\\vendor\\laravel\\framework\\src\\Illuminate\\Routing\\Router.php(807): Illuminate\\Pipeline\\Pipeline->then(Object(Closure))
#45 C:\\Code\\TrustCash\\vendor\\laravel\\framework\\src\\Illuminate\\Routing\\Router.php(786): Illuminate\\Routing\\Router->runRouteWithinStack(Object(Illuminate\\Routing\\Route), Object(Illuminate\\Http\\Request))
#46 C:\\Code\\TrustCash\\vendor\\laravel\\framework\\src\\Illuminate\\Routing\\Router.php(750): Illuminate\\Routing\\Router->runRoute(Object(Illuminate\\Http\\Request), Object(Illuminate\\Routing\\Route))
#47 C:\\Code\\TrustCash\\vendor\\laravel\\framework\\src\\Illuminate\\Routing\\Router.php(739): Illuminate\\Routing\\Router->dispatchToRoute(Object(Illuminate\\Http\\Request))
#48 C:\\Code\\TrustCash\\vendor\\laravel\\framework\\src\\Illuminate\\Foundation\\Http\\Kernel.php(201): Illuminate\\Routing\\Router->dispatch(Object(Illuminate\\Http\\Request))
#49 C:\\Code\\TrustCash\\vendor\\laravel\\framework\\src\\Illuminate\\Pipeline\\Pipeline.php(170): Illuminate\\Foundation\\Http\\Kernel->{closure:Illuminate\\Foundation\\Http\\Kernel::dispatchToRouter():198}(Object(Illuminate\\Http\\Request))
#50 C:\\Code\\TrustCash\\vendor\\laravel\\framework\\src\\Illuminate\\Foundation\\Http\\Middleware\\TransformsRequest.php(21): Illuminate\\Pipeline\\Pipeline->{closure:Illuminate\\Pipeline\\Pipeline::prepareDestination():168}(Object(Illuminate\\Http\\Request))
#51 C:\\Code\\TrustCash\\vendor\\laravel\\framework\\src\\Illuminate\\Foundation\\Http\\Middleware\\ConvertEmptyStringsToNull.php(31): Illuminate\\Foundation\\Http\\Middleware\\TransformsRequest->handle(Object(Illuminate\\Http\\Request), Object(Closure))
#52 C:\\Code\\TrustCash\\vendor\\laravel\\framework\\src\\Illuminate\\Pipeline\\Pipeline.php(209): Illuminate\\Foundation\\Http\\Middleware\\ConvertEmptyStringsToNull->handle(Object(Illuminate\\Http\\Request), Object(Closure))
#53 C:\\Code\\TrustCash\\vendor\\laravel\\framework\\src\\Illuminate\\Foundation\\Http\\Middleware\\TransformsRequest.php(21): Illuminate\\Pipeline\\Pipeline->{closure:{closure:Illuminate\\Pipeline\\Pipeline::carry():184}:185}(Object(Illuminate\\Http\\Request))
#54 C:\\Code\\TrustCash\\vendor\\laravel\\framework\\src\\Illuminate\\Foundation\\Http\\Middleware\\TrimStrings.php(51): Illuminate\\Foundation\\Http\\Middleware\\TransformsRequest->handle(Object(Illuminate\\Http\\Request), Object(Closure))
#55 C:\\Code\\TrustCash\\vendor\\laravel\\framework\\src\\Illuminate\\Pipeline\\Pipeline.php(209): Illuminate\\Foundation\\Http\\Middleware\\TrimStrings->handle(Object(Illuminate\\Http\\Request), Object(Closure))
#56 C:\\Code\\TrustCash\\vendor\\laravel\\framework\\src\\Illuminate\\Http\\Middleware\\ValidatePostSize.php(27): Illuminate\\Pipeline\\Pipeline->{closure:{closure:Illuminate\\Pipeline\\Pipeline::carry():184}:185}(Object(Illuminate\\Http\\Request))
#57 C:\\Code\\TrustCash\\vendor\\laravel\\framework\\src\\Illuminate\\Pipeline\\Pipeline.php(209): Illuminate\\Http\\Middleware\\ValidatePostSize->handle(Object(Illuminate\\Http\\Request), Object(Closure))
#58 C:\\Code\\TrustCash\\vendor\\laravel\\framework\\src\\Illuminate\\Foundation\\Http\\Middleware\\PreventRequestsDuringMaintenance.php(110): Illuminate\\Pipeline\\Pipeline->{closure:{closure:Illuminate\\Pipeline\\Pipeline::carry():184}:185}(Object(Illuminate\\Http\\Request))
#59 C:\\Code\\TrustCash\\vendor\\laravel\\framework\\src\\Illuminate\\Pipeline\\Pipeline.php(209): Illuminate\\Foundation\\Http\\Middleware\\PreventRequestsDuringMaintenance->handle(Object(Illuminate\\Http\\Request), Object(Closure))
#60 C:\\Code\\TrustCash\\vendor\\laravel\\framework\\src\\Illuminate\\Http\\Middleware\\HandleCors.php(49): Illuminate\\Pipeline\\Pipeline->{closure:{closure:Illuminate\\Pipeline\\Pipeline::carry():184}:185}(Object(Illuminate\\Http\\Request))
#61 C:\\Code\\TrustCash\\vendor\\laravel\\framework\\src\\Illuminate\\Pipeline\\Pipeline.php(209): Illuminate\\Http\\Middleware\\HandleCors->handle(Object(Illuminate\\Http\\Request), Object(Closure))
#62 C:\\Code\\TrustCash\\vendor\\laravel\\framework\\src\\Illuminate\\Http\\Middleware\\TrustProxies.php(58): Illuminate\\Pipeline\\Pipeline->{closure:{closure:Illuminate\\Pipeline\\Pipeline::carry():184}:185}(Object(Illuminate\\Http\\Request))
#63 C:\\Code\\TrustCash\\vendor\\laravel\\framework\\src\\Illuminate\\Pipeline\\Pipeline.php(209): Illuminate\\Http\\Middleware\\TrustProxies->handle(Object(Illuminate\\Http\\Request), Object(Closure))
#64 C:\\Code\\TrustCash\\vendor\\laravel\\framework\\src\\Illuminate\\Foundation\\Http\\Middleware\\InvokeDeferredCallbacks.php(22): Illuminate\\Pipeline\\Pipeline->{closure:{closure:Illuminate\\Pipeline\\Pipeline::carry():184}:185}(Object(Illuminate\\Http\\Request))
#65 C:\\Code\\TrustCash\\vendor\\laravel\\framework\\src\\Illuminate\\Pipeline\\Pipeline.php(209): Illuminate\\Foundation\\Http\\Middleware\\InvokeDeferredCallbacks->handle(Object(Illuminate\\Http\\Request), Object(Closure))
#66 C:\\Code\\TrustCash\\vendor\\laravel\\framework\\src\\Illuminate\\Pipeline\\Pipeline.php(127): Illuminate\\Pipeline\\Pipeline->{closure:{closure:Illuminate\\Pipeline\\Pipeline::carry():184}:185}(Object(Illuminate\\Http\\Request))
#67 C:\\Code\\TrustCash\\vendor\\laravel\\framework\\src\\Illuminate\\Foundation\\Http\\Kernel.php(176): Illuminate\\Pipeline\\Pipeline->then(Object(Closure))
#68 C:\\Code\\TrustCash\\vendor\\laravel\\framework\\src\\Illuminate\\Foundation\\Http\\Kernel.php(145): Illuminate\\Foundation\\Http\\Kernel->sendRequestThroughRouter(Object(Illuminate\\Http\\Request))
#69 C:\\Code\\TrustCash\\vendor\\laravel\\framework\\src\\Illuminate\\Foundation\\Application.php(1220): Illuminate\\Foundation\\Http\\Kernel->handle(Object(Illuminate\\Http\\Request))
#70 C:\\Code\\TrustCash\\public\\index.php(17): Illuminate\\Foundation\\Application->handleRequest(Object(Illuminate\\Http\\Request))
#71 C:\\Code\\TrustCash\\vendor\\laravel\\framework\\src\\Illuminate\\Foundation\\resources\\server.php(23): require_once('C:\\\\Code\\\\TrustCa...')
#72 {main}

[previous exception] [object] (PDOException(code: 23000): SQLSTATE[23000]: Integrity constraint violation: 1062 Duplicate entry 'test-product' for key 'products.products_slug_unique' at C:\\Code\\TrustCash\\vendor\\laravel\\framework\\src\\Illuminate\\Database\\MySqlConnection.php:53)
[stacktrace]
#0 C:\\Code\\TrustCash\\vendor\\laravel\\framework\\src\\Illuminate\\Database\\MySqlConnection.php(53): PDOStatement->execute()
#1 C:\\Code\\TrustCash\\vendor\\laravel\\framework\\src\\Illuminate\\Database\\Connection.php(812): Illuminate\\Database\\MySqlConnection->{closure:Illuminate\\Database\\MySqlConnection::insert():42}('insert into `pr...', Array)
#2 C:\\Code\\TrustCash\\vendor\\laravel\\framework\\src\\Illuminate\\Database\\Connection.php(779): Illuminate\\Database\\Connection->runQueryCallback('insert into `pr...', Array, Object(Closure))
#3 C:\\Code\\TrustCash\\vendor\\laravel\\framework\\src\\Illuminate\\Database\\MySqlConnection.php(42): Illuminate\\Database\\Connection->run('insert into `pr...', Array, Object(Closure))
#4 C:\\Code\\TrustCash\\vendor\\laravel\\framework\\src\\Illuminate\\Database\\Query\\Processors\\MySqlProcessor.php(35): Illuminate\\Database\\MySqlConnection->insert('insert into `pr...', Array, 'id')
#5 C:\\Code\\TrustCash\\vendor\\laravel\\framework\\src\\Illuminate\\Database\\Query\\Builder.php(3766): Illuminate\\Database\\Query\\Processors\\MySqlProcessor->processInsertGetId(Object(Illuminate\\Database\\Query\\Builder), 'insert into `pr...', Array, 'id')
#6 C:\\Code\\TrustCash\\vendor\\laravel\\framework\\src\\Illuminate\\Database\\Eloquent\\Builder.php(2120): Illuminate\\Database\\Query\\Builder->insertGetId(Array, 'id')
#7 C:\\Code\\TrustCash\\vendor\\laravel\\framework\\src\\Illuminate\\Database\\Eloquent\\Model.php(1359): Illuminate\\Database\\Eloquent\\Builder->__call('insertGetId', Array)
#8 C:\\Code\\TrustCash\\vendor\\laravel\\framework\\src\\Illuminate\\Database\\Eloquent\\Model.php(1324): Illuminate\\Database\\Eloquent\\Model->insertAndSetId(Object(Illuminate\\Database\\Eloquent\\Builder), Array)
#9 C:\\Code\\TrustCash\\vendor\\laravel\\framework\\src\\Illuminate\\Database\\Eloquent\\Model.php(1163): Illuminate\\Database\\Eloquent\\Model->performInsert(Object(Illuminate\\Database\\Eloquent\\Builder))
#10 C:\\Code\\TrustCash\\vendor\\laravel\\framework\\src\\Illuminate\\Database\\Eloquent\\Builder.php(1128): Illuminate\\Database\\Eloquent\\Model->save()
#11 C:\\Code\\TrustCash\\vendor\\laravel\\framework\\src\\Illuminate\\Support\\helpers.php(399): Illuminate\\Database\\Eloquent\\Builder->{closure:Illuminate\\Database\\Eloquent\\Builder::create():1127}(Object(App\\Models\\Product))
#12 C:\\Code\\TrustCash\\vendor\\laravel\\framework\\src\\Illuminate\\Database\\Eloquent\\Builder.php(1127): tap(Object(App\\Models\\Product), Object(Closure))
#13 C:\\Code\\TrustCash\\vendor\\laravel\\framework\\src\\Illuminate\\Support\\Traits\\ForwardsCalls.php(23): Illuminate\\Database\\Eloquent\\Builder->create(Array)
#14 C:\\Code\\TrustCash\\vendor\\laravel\\framework\\src\\Illuminate\\Database\\Eloquent\\Model.php(2372): Illuminate\\Database\\Eloquent\\Model->forwardCallTo(Object(Illuminate\\Database\\Eloquent\\Builder), 'create', Array)
#15 C:\\Code\\TrustCash\\vendor\\laravel\\framework\\src\\Illuminate\\Database\\Eloquent\\Model.php(2384): Illuminate\\Database\\Eloquent\\Model->__call('create', Array)
#16 C:\\Code\\TrustCash\\app\\Http\\Controllers\\Admin\\ProductController.php(176): Illuminate\\Database\\Eloquent\\Model::__callStatic('create', Array)
#17 C:\\Code\\TrustCash\\vendor\\laravel\\framework\\src\\Illuminate\\Routing\\ControllerDispatcher.php(47): App\\Http\\Controllers\\Admin\\ProductController->store(Object(Illuminate\\Http\\Request))
#18 C:\\Code\\TrustCash\\vendor\\laravel\\framework\\src\\Illuminate\\Routing\\Route.php(266): Illuminate\\Routing\\ControllerDispatcher->dispatch(Object(Illuminate\\Routing\\Route), Object(App\\Http\\Controllers\\Admin\\ProductController), 'store')
#19 C:\\Code\\TrustCash\\vendor\\laravel\\framework\\src\\Illuminate\\Routing\\Route.php(212): Illuminate\\Routing\\Route->runController()
#20 C:\\Code\\TrustCash\\vendor\\laravel\\framework\\src\\Illuminate\\Routing\\Router.php(808): Illuminate\\Routing\\Route->run()
#21 C:\\Code\\TrustCash\\vendor\\laravel\\framework\\src\\Illuminate\\Pipeline\\Pipeline.php(170): Illuminate\\Routing\\Router->{closure:Illuminate\\Routing\\Router::runRouteWithinStack():807}(Object(Illuminate\\Http\\Request))
#22 C:\\Code\\TrustCash\\vendor\\laravel\\boost\\src\\Middleware\\InjectBoost.php(22): Illuminate\\Pipeline\\Pipeline->{closure:Illuminate\\Pipeline\\Pipeline::prepareDestination():168}(Object(Illuminate\\Http\\Request))
#23 C:\\Code\\TrustCash\\vendor\\laravel\\framework\\src\\Illuminate\\Pipeline\\Pipeline.php(209): Laravel\\Boost\\Middleware\\InjectBoost->handle(Object(Illuminate\\Http\\Request), Object(Closure))
#24 C:\\Code\\TrustCash\\vendor\\laravel\\framework\\src\\Illuminate\\Http\\Middleware\\AddLinkHeadersForPreloadedAssets.php(20): Illuminate\\Pipeline\\Pipeline->{closure:{closure:Illuminate\\Pipeline\\Pipeline::carry():184}:185}(Object(Illuminate\\Http\\Request))
#25 C:\\Code\\TrustCash\\vendor\\laravel\\framework\\src\\Illuminate\\Pipeline\\Pipeline.php(209): Illuminate\\Http\\Middleware\\AddLinkHeadersForPreloadedAssets->handle(Object(Illuminate\\Http\\Request), Object(Closure))
#26 C:\\Code\\TrustCash\\vendor\\inertiajs\\inertia-laravel\\src\\Middleware.php(86): Illuminate\\Pipeline\\Pipeline->{closure:{closure:Illuminate\\Pipeline\\Pipeline::carry():184}:185}(Object(Illuminate\\Http\\Request))
#27 C:\\Code\\TrustCash\\vendor\\laravel\\framework\\src\\Illuminate\\Pipeline\\Pipeline.php(209): Inertia\\Middleware->handle(Object(Illuminate\\Http\\Request), Object(Closure))
#28 C:\\Code\\TrustCash\\vendor\\laravel\\framework\\src\\Illuminate\\Routing\\Middleware\\SubstituteBindings.php(51): Illuminate\\Pipeline\\Pipeline->{closure:{closure:Illuminate\\Pipeline\\Pipeline::carry():184}:185}(Object(Illuminate\\Http\\Request))
#29 C:\\Code\\TrustCash\\vendor\\laravel\\framework\\src\\Illuminate\\Pipeline\\Pipeline.php(209): Illuminate\\Routing\\Middleware\\SubstituteBindings->handle(Object(Illuminate\\Http\\Request), Object(Closure))
#30 C:\\Code\\TrustCash\\vendor\\laravel\\framework\\src\\Illuminate\\Auth\\Middleware\\Authenticate.php(64): Illuminate\\Pipeline\\Pipeline->{closure:{closure:Illuminate\\Pipeline\\Pipeline::carry():184}:185}(Object(Illuminate\\Http\\Request))
#31 C:\\Code\\TrustCash\\vendor\\laravel\\framework\\src\\Illuminate\\Pipeline\\Pipeline.php(209): Illuminate\\Auth\\Middleware\\Authenticate->handle(Object(Illuminate\\Http\\Request), Object(Closure))
#32 C:\\Code\\TrustCash\\vendor\\laravel\\framework\\src\\Illuminate\\Foundation\\Http\\Middleware\\VerifyCsrfToken.php(88): Illuminate\\Pipeline\\Pipeline->{closure:{closure:Illuminate\\Pipeline\\Pipeline::carry():184}:185}(Object(Illuminate\\Http\\Request))
#33 C:\\Code\\TrustCash\\vendor\\laravel\\framework\\src\\Illuminate\\Pipeline\\Pipeline.php(209): Illuminate\\Foundation\\Http\\Middleware\\VerifyCsrfToken->handle(Object(Illuminate\\Http\\Request), Object(Closure))
#34 C:\\Code\\TrustCash\\vendor\\laravel\\framework\\src\\Illuminate\\View\\Middleware\\ShareErrorsFromSession.php(49): Illuminate\\Pipeline\\Pipeline->{closure:{closure:Illuminate\\Pipeline\\Pipeline::carry():184}:185}(Object(Illuminate\\Http\\Request))
#35 C:\\Code\\TrustCash\\vendor\\laravel\\framework\\src\\Illuminate\\Pipeline\\Pipeline.php(209): Illuminate\\View\\Middleware\\ShareErrorsFromSession->handle(Object(Illuminate\\Http\\Request), Object(Closure))
#36 C:\\Code\\TrustCash\\vendor\\laravel\\framework\\src\\Illuminate\\Session\\Middleware\\StartSession.php(121): Illuminate\\Pipeline\\Pipeline->{closure:{closure:Illuminate\\Pipeline\\Pipeline::carry():184}:185}(Object(Illuminate\\Http\\Request))
#37 C:\\Code\\TrustCash\\vendor\\laravel\\framework\\src\\Illuminate\\Session\\Middleware\\StartSession.php(64): Illuminate\\Session\\Middleware\\StartSession->handleStatefulRequest(Object(Illuminate\\Http\\Request), Object(Illuminate\\Session\\Store), Object(Closure))
#38 C:\\Code\\TrustCash\\vendor\\laravel\\framework\\src\\Illuminate\\Pipeline\\Pipeline.php(209): Illuminate\\Session\\Middleware\\StartSession->handle(Object(Illuminate\\Http\\Request), Object(Closure))
#39 C:\\Code\\TrustCash\\vendor\\laravel\\framework\\src\\Illuminate\\Cookie\\Middleware\\AddQueuedCookiesToResponse.php(37): Illuminate\\Pipeline\\Pipeline->{closure:{closure:Illuminate\\Pipeline\\Pipeline::carry():184}:185}(Object(Illuminate\\Http\\Request))
#40 C:\\Code\\TrustCash\\vendor\\laravel\\framework\\src\\Illuminate\\Pipeline\\Pipeline.php(209): Illuminate\\Cookie\\Middleware\\AddQueuedCookiesToResponse->handle(Object(Illuminate\\Http\\Request), Object(Closure))
#41 C:\\Code\\TrustCash\\vendor\\laravel\\framework\\src\\Illuminate\\Cookie\\Middleware\\EncryptCookies.php(75): Illuminate\\Pipeline\\Pipeline->{closure:{closure:Illuminate\\Pipeline\\Pipeline::carry():184}:185}(Object(Illuminate\\Http\\Request))
#42 C:\\Code\\TrustCash\\vendor\\laravel\\framework\\src\\Illuminate\\Pipeline\\Pipeline.php(209): Illuminate\\Cookie\\Middleware\\EncryptCookies->handle(Object(Illuminate\\Http\\Request), Object(Closure))
#43 C:\\Code\\TrustCash\\app\\Http\\Middleware\\InitializeTenancyIfTenantDomain.php(76): Illuminate\\Pipeline\\Pipeline->{closure:{closure:Illuminate\\Pipeline\\Pipeline::carry():184}:185}(Object(Illuminate\\Http\\Request))
#44 C:\\Code\\TrustCash\\vendor\\laravel\\framework\\src\\Illuminate\\Pipeline\\Pipeline.php(209): App\\Http\\Middleware\\InitializeTenancyIfTenantDomain->handle(Object(Illuminate\\Http\\Request), Object(Closure))
#45 C:\\Code\\TrustCash\\vendor\\laravel\\framework\\src\\Illuminate\\Pipeline\\Pipeline.php(127): Illuminate\\Pipeline\\Pipeline->{closure:{closure:Illuminate\\Pipeline\\Pipeline::carry():184}:185}(Object(Illuminate\\Http\\Request))
#46 C:\\Code\\TrustCash\\vendor\\laravel\\framework\\src\\Illuminate\\Routing\\Router.php(807): Illuminate\\Pipeline\\Pipeline->then(Object(Closure))
#47 C:\\Code\\TrustCash\\vendor\\laravel\\framework\\src\\Illuminate\\Routing\\Router.php(786): Illuminate\\Routing\\Router->runRouteWithinStack(Object(Illuminate\\Routing\\Route), Object(Illuminate\\Http\\Request))
#48 C:\\Code\\TrustCash\\vendor\\laravel\\framework\\src\\Illuminate\\Routing\\Router.php(750): Illuminate\\Routing\\Router->runRoute(Object(Illuminate\\Http\\Request), Object(Illuminate\\Routing\\Route))
#49 C:\\Code\\TrustCash\\vendor\\laravel\\framework\\src\\Illuminate\\Routing\\Router.php(739): Illuminate\\Routing\\Router->dispatchToRoute(Object(Illuminate\\Http\\Request))
#50 C:\\Code\\TrustCash\\vendor\\laravel\\framework\\src\\Illuminate\\Foundation\\Http\\Kernel.php(201): Illuminate\\Routing\\Router->dispatch(Object(Illuminate\\Http\\Request))
#51 C:\\Code\\TrustCash\\vendor\\laravel\\framework\\src\\Illuminate\\Pipeline\\Pipeline.php(170): Illuminate\\Foundation\\Http\\Kernel->{closure:Illuminate\\Foundation\\Http\\Kernel::dispatchToRouter():198}(Object(Illuminate\\Http\\Request))
#52 C:\\Code\\TrustCash\\vendor\\laravel\\framework\\src\\Illuminate\\Foundation\\Http\\Middleware\\TransformsRequest.php(21): Illuminate\\Pipeline\\Pipeline->{closure:Illuminate\\Pipeline\\Pipeline::prepareDestination():168}(Object(Illuminate\\Http\\Request))
#53 C:\\Code\\TrustCash\\vendor\\laravel\\framework\\src\\Illuminate\\Foundation\\Http\\Middleware\\ConvertEmptyStringsToNull.php(31): Illuminate\\Foundation\\Http\\Middleware\\TransformsRequest->handle(Object(Illuminate\\Http\\Request), Object(Closure))
#54 C:\\Code\\TrustCash\\vendor\\laravel\\framework\\src\\Illuminate\\Pipeline\\Pipeline.php(209): Illuminate\\Foundation\\Http\\Middleware\\ConvertEmptyStringsToNull->handle(Object(Illuminate\\Http\\Request), Object(Closure))
#55 C:\\Code\\TrustCash\\vendor\\laravel\\framework\\src\\Illuminate\\Foundation\\Http\\Middleware\\TransformsRequest.php(21): Illuminate\\Pipeline\\Pipeline->{closure:{closure:Illuminate\\Pipeline\\Pipeline::carry():184}:185}(Object(Illuminate\\Http\\Request))
#56 C:\\Code\\TrustCash\\vendor\\laravel\\framework\\src\\Illuminate\\Foundation\\Http\\Middleware\\TrimStrings.php(51): Illuminate\\Foundation\\Http\\Middleware\\TransformsRequest->handle(Object(Illuminate\\Http\\Request), Object(Closure))
#57 C:\\Code\\TrustCash\\vendor\\laravel\\framework\\src\\Illuminate\\Pipeline\\Pipeline.php(209): Illuminate\\Foundation\\Http\\Middleware\\TrimStrings->handle(Object(Illuminate\\Http\\Request), Object(Closure))
#58 C:\\Code\\TrustCash\\vendor\\laravel\\framework\\src\\Illuminate\\Http\\Middleware\\ValidatePostSize.php(27): Illuminate\\Pipeline\\Pipeline->{closure:{closure:Illuminate\\Pipeline\\Pipeline::carry():184}:185}(Object(Illuminate\\Http\\Request))
#59 C:\\Code\\TrustCash\\vendor\\laravel\\framework\\src\\Illuminate\\Pipeline\\Pipeline.php(209): Illuminate\\Http\\Middleware\\ValidatePostSize->handle(Object(Illuminate\\Http\\Request), Object(Closure))
#60 C:\\Code\\TrustCash\\vendor\\laravel\\framework\\src\\Illuminate\\Foundation\\Http\\Middleware\\PreventRequestsDuringMaintenance.php(110): Illuminate\\Pipeline\\Pipeline->{closure:{closure:Illuminate\\Pipeline\\Pipeline::carry():184}:185}(Object(Illuminate\\Http\\Request))
#61 C:\\Code\\TrustCash\\vendor\\laravel\\framework\\src\\Illuminate\\Pipeline\\Pipeline.php(209): Illuminate\\Foundation\\Http\\Middleware\\PreventRequestsDuringMaintenance->handle(Object(Illuminate\\Http\\Request), Object(Closure))
#62 C:\\Code\\TrustCash\\vendor\\laravel\\framework\\src\\Illuminate\\Http\\Middleware\\HandleCors.php(49): Illuminate\\Pipeline\\Pipeline->{closure:{closure:Illuminate\\Pipeline\\Pipeline::carry():184}:185}(Object(Illuminate\\Http\\Request))
#63 C:\\Code\\TrustCash\\vendor\\laravel\\framework\\src\\Illuminate\\Pipeline\\Pipeline.php(209): Illuminate\\Http\\Middleware\\HandleCors->handle(Object(Illuminate\\Http\\Request), Object(Closure))
#64 C:\\Code\\TrustCash\\vendor\\laravel\\framework\\src\\Illuminate\\Http\\Middleware\\TrustProxies.php(58): Illuminate\\Pipeline\\Pipeline->{closure:{closure:Illuminate\\Pipeline\\Pipeline::carry():184}:185}(Object(Illuminate\\Http\\Request))
#65 C:\\Code\\TrustCash\\vendor\\laravel\\framework\\src\\Illuminate\\Pipeline\\Pipeline.php(209): Illuminate\\Http\\Middleware\\TrustProxies->handle(Object(Illuminate\\Http\\Request), Object(Closure))
#66 C:\\Code\\TrustCash\\vendor\\laravel\\framework\\src\\Illuminate\\Foundation\\Http\\Middleware\\InvokeDeferredCallbacks.php(22): Illuminate\\Pipeline\\Pipeline->{closure:{closure:Illuminate\\Pipeline\\Pipeline::carry():184}:185}(Object(Illuminate\\Http\\Request))
#67 C:\\Code\\TrustCash\\vendor\\laravel\\framework\\src\\Illuminate\\Pipeline\\Pipeline.php(209): Illuminate\\Foundation\\Http\\Middleware\\InvokeDeferredCallbacks->handle(Object(Illuminate\\Http\\Request), Object(Closure))
#68 C:\\Code\\TrustCash\\vendor\\laravel\\framework\\src\\Illuminate\\Pipeline\\Pipeline.php(127): Illuminate\\Pipeline\\Pipeline->{closure:{closure:Illuminate\\Pipeline\\Pipeline::carry():184}:185}(Object(Illuminate\\Http\\Request))
#69 C:\\Code\\TrustCash\\vendor\\laravel\\framework\\src\\Illuminate\\Foundation\\Http\\Kernel.php(176): Illuminate\\Pipeline\\Pipeline->then(Object(Closure))
#70 C:\\Code\\TrustCash\\vendor\\laravel\\framework\\src\\Illuminate\\Foundation\\Http\\Kernel.php(145): Illuminate\\Foundation\\Http\\Kernel->sendRequestThroughRouter(Object(Illuminate\\Http\\Request))
#71 C:\\Code\\TrustCash\\vendor\\laravel\\framework\\src\\Illuminate\\Foundation\\Application.php(1220): Illuminate\\Foundation\\Http\\Kernel->handle(Object(Illuminate\\Http\\Request))
#72 C:\\Code\\TrustCash\\public\\index.php(17): Illuminate\\Foundation\\Application->handleRequest(Object(Illuminate\\Http\\Request))
#73 C:\\Code\\TrustCash\\vendor\\laravel\\framework\\src\\Illuminate\\Foundation\\resources\\server.php(23): require_once('C:\\\\Code\\\\TrustCa...')
#74 {main}
"} 
[2026-09-28 04:07:39] local.ERROR: PHP Parse error: Syntax error, unexpected T_NS_SEPARATOR on line 1 {"exception":"[object] (Psy\\Exception\\ParseErrorException(code: 0): PHP Parse error: Syntax error, unexpected T_NS_SEPARATOR on line 1 at C:\\Code\\TrustCash\\vendor\\psy\\psysh\\src\\Exception\\ParseErrorException.php:44)
[stacktrace]
#0 C:\\Code\\TrustCash\\vendor\\psy\\psysh\\src\\CodeCleaner.php(306): Psy\\Exception\\ParseErrorException::fromParseError(Object(PhpParser\\Error))
#1 C:\\Code\\TrustCash\\vendor\\psy\\psysh\\src\\CodeCleaner.php(240): Psy\\CodeCleaner->parse('<?php \\\\ = App\\\\M...', false)
#2 C:\\Code\\TrustCash\\vendor\\psy\\psysh\\src\\Shell.php(852): Psy\\CodeCleaner->clean(Array, false)
#3 C:\\Code\\TrustCash\\vendor\\psy\\psysh\\src\\Shell.php(881): Psy\\Shell->addCode('\\\\ = App\\\\Models\\\\...', true)
#4 C:\\Code\\TrustCash\\vendor\\psy\\psysh\\src\\Shell.php(1390): Psy\\Shell->setCode('\\\\ = App\\\\Models\\\\...', true)
#5 C:\\Code\\TrustCash\\vendor\\laravel\\tinker\\src\\Console\\TinkerCommand.php(76): Psy\\Shell->execute('\\\\ = App\\\\Models\\\\...')
#6 C:\\Code\\TrustCash\\vendor\\laravel\\framework\\src\\Illuminate\\Container\\BoundMethod.php(36): Laravel\\Tinker\\Console\\TinkerCommand->handle()
#7 C:\\Code\\TrustCash\\vendor\\laravel\\framework\\src\\Illuminate\\Container\\Util.php(43): Illuminate\\Container\\BoundMethod::{closure:Illuminate\\Container\\BoundMethod::call():35}()
#8 C:\\Code\\TrustCash\\vendor\\laravel\\framework\\src\\Illuminate\\Container\\BoundMethod.php(95): Illuminate\\Container\\Util::unwrapIfClosure(Object(Closure))
#9 C:\\Code\\TrustCash\\vendor\\laravel\\framework\\src\\Illuminate\\Container\\BoundMethod.php(35): Illuminate\\Container\\BoundMethod::callBoundMethod(Object(Illuminate\\Foundation\\Application), Array, Object(Closure))
#10 C:\\Code\\TrustCash\\vendor\\laravel\\framework\\src\\Illuminate\\Container\\Container.php(696): Illuminate\\Container\\BoundMethod::call(Object(Illuminate\\Foundation\\Application), Array, Array, NULL)
#11 C:\\Code\\TrustCash\\vendor\\laravel\\framework\\src\\Illuminate\\Console\\Command.php(213): Illuminate\\Container\\Container->call(Array)
#12 C:\\Code\\TrustCash\\vendor\\symfony\\console\\Command\\Command.php(279): Illuminate\\Console\\Command->execute(Object(Symfony\\Component\\Console\\Input\\ArgvInput), Object(Illuminate\\Console\\OutputStyle))
#13 C:\\Code\\TrustCash\\vendor\\laravel\\framework\\src\\Illuminate\\Console\\Command.php(182): Symfony\\Component\\Console\\Command\\Command->run(Object(Symfony\\Component\\Console\\Input\\ArgvInput), Object(Illuminate\\Console\\OutputStyle))
#14 C:\\Code\\TrustCash\\vendor\\symfony\\console\\Application.php(1094): Illuminate\\Console\\Command->run(Object(Symfony\\Component\\Console\\Input\\ArgvInput), Object(Symfony\\Component\\Console\\Output\\ConsoleOutput))
#15 C:\\Code\\TrustCash\\vendor\\symfony\\console\\Application.php(342): Symfony\\Component\\Console\\Application->doRunCommand(Object(Laravel\\Tinker\\Console\\TinkerCommand), Object(Symfony\\Component\\Console\\Input\\ArgvInput), Object(Symfony\\Component\\Console\\Output\\ConsoleOutput))
#16 C:\\Code\\TrustCash\\vendor\\symfony\\console\\Application.php(193): Symfony\\Component\\Console\\Application->doRun(Object(Symfony\\Component\\Console\\Input\\ArgvInput), Object(Symfony\\Component\\Console\\Output\\ConsoleOutput))
#17 C:\\Code\\TrustCash\\vendor\\laravel\\framework\\src\\Illuminate\\Foundation\\Console\\Kernel.php(198): Symfony\\Component\\Console\\Application->run(Object(Symfony\\Component\\Console\\Input\\ArgvInput), Object(Symfony\\Component\\Console\\Output\\ConsoleOutput))
#18 C:\\Code\\TrustCash\\vendor\\laravel\\framework\\src\\Illuminate\\Foundation\\Application.php(1235): Illuminate\\Foundation\\Console\\Kernel->handle(Object(Symfony\\Component\\Console\\Input\\ArgvInput), Object(Symfony\\Component\\Console\\Output\\ConsoleOutput))
#19 C:\\Code\\TrustCash\\artisan(13): Illuminate\\Foundation\\Application->handleCommand(Object(Symfony\\Component\\Console\\Input\\ArgvInput))
#20 {main}
"} 
[2026-09-28 04:07:59] local.ERROR: PHP Parse error: Syntax error, unexpected T_NS_SEPARATOR on line 1 {"exception":"[object] (Psy\\Exception\\ParseErrorException(code: 0): PHP Parse error: Syntax error, unexpected T_NS_SEPARATOR on line 1 at C:\\Code\\TrustCash\\vendor\\psy\\psysh\\src\\Exception\\ParseErrorException.php:44)
[stacktrace]
#0 C:\\Code\\TrustCash\\vendor\\psy\\psysh\\src\\CodeCleaner.php(306): Psy\\Exception\\ParseErrorException::fromParseError(Object(PhpParser\\Error))
#1 C:\\Code\\TrustCash\\vendor\\psy\\psysh\\src\\CodeCleaner.php(240): Psy\\CodeCleaner->parse('<?php App\\\\Model...', false)
#2 C:\\Code\\TrustCash\\vendor\\psy\\psysh\\src\\Shell.php(852): Psy\\CodeCleaner->clean(Array, false)
#3 C:\\Code\\TrustCash\\vendor\\psy\\psysh\\src\\Shell.php(881): Psy\\Shell->addCode('App\\\\Models\\\\Tena...', true)
#4 C:\\Code\\TrustCash\\vendor\\psy\\psysh\\src\\Shell.php(1390): Psy\\Shell->setCode('App\\\\Models\\\\Tena...', true)
#5 C:\\Code\\TrustCash\\vendor\\laravel\\tinker\\src\\Console\\TinkerCommand.php(76): Psy\\Shell->execute('App\\\\Models\\\\Tena...')
#6 C:\\Code\\TrustCash\\vendor\\laravel\\framework\\src\\Illuminate\\Container\\BoundMethod.php(36): Laravel\\Tinker\\Console\\TinkerCommand->handle()
#7 C:\\Code\\TrustCash\\vendor\\laravel\\framework\\src\\Illuminate\\Container\\Util.php(43): Illuminate\\Container\\BoundMethod::{closure:Illuminate\\Container\\BoundMethod::call():35}()
#8 C:\\Code\\TrustCash\\vendor\\laravel\\framework\\src\\Illuminate\\Container\\BoundMethod.php(95): Illuminate\\Container\\Util::unwrapIfClosure(Object(Closure))
#9 C:\\Code\\TrustCash\\vendor\\laravel\\framework\\src\\Illuminate\\Container\\BoundMethod.php(35): Illuminate\\Container\\BoundMethod::callBoundMethod(Object(Illuminate\\Foundation\\Application), Array, Object(Closure))
#10 C:\\Code\\TrustCash\\vendor\\laravel\\framework\\src\\Illuminate\\Container\\Container.php(696): Illuminate\\Container\\BoundMethod::call(Object(Illuminate\\Foundation\\Application), Array, Array, NULL)
#11 C:\\Code\\TrustCash\\vendor\\laravel\\framework\\src\\Illuminate\\Console\\Command.php(213): Illuminate\\Container\\Container->call(Array)
#12 C:\\Code\\TrustCash\\vendor\\symfony\\console\\Command\\Command.php(279): Illuminate\\Console\\Command->execute(Object(Symfony\\Component\\Console\\Input\\ArgvInput), Object(Illuminate\\Console\\OutputStyle))
#13 C:\\Code\\TrustCash\\vendor\\laravel\\framework\\src\\Illuminate\\Console\\Command.php(182): Symfony\\Component\\Console\\Command\\Command->run(Object(Symfony\\Component\\Console\\Input\\ArgvInput), Object(Illuminate\\Console\\OutputStyle))
#14 C:\\Code\\TrustCash\\vendor\\symfony\\console\\Application.php(1094): Illuminate\\Console\\Command->run(Object(Symfony\\Component\\Console\\Input\\ArgvInput), Object(Symfony\\Component\\Console\\Output\\ConsoleOutput))
#15 C:\\Code\\TrustCash\\vendor\\symfony\\console\\Application.php(342): Symfony\\Component\\Console\\Application->doRunCommand(Object(Laravel\\Tinker\\Console\\TinkerCommand), Object(Symfony\\Component\\Console\\Input\\ArgvInput), Object(Symfony\\Component\\Console\\Output\\ConsoleOutput))
#16 C:\\Code\\TrustCash\\vendor\\symfony\\console\\Application.php(193): Symfony\\Component\\Console\\Application->doRun(Object(Symfony\\Component\\Console\\Input\\ArgvInput), Object(Symfony\\Component\\Console\\Output\\ConsoleOutput))
#17 C:\\Code\\TrustCash\\vendor\\laravel\\framework\\src\\Illuminate\\Foundation\\Console\\Kernel.php(198): Symfony\\Component\\Console\\Application->run(Object(Symfony\\Component\\Console\\Input\\ArgvInput), Object(Symfony\\Component\\Console\\Output\\ConsoleOutput))
#18 C:\\Code\\TrustCash\\vendor\\laravel\\framework\\src\\Illuminate\\Foundation\\Application.php(1235): Illuminate\\Foundation\\Console\\Kernel->handle(Object(Symfony\\Component\\Console\\Input\\ArgvInput), Object(Symfony\\Component\\Console\\Output\\ConsoleOutput))
#19 C:\\Code\\TrustCash\\artisan(13): Illuminate\\Foundation\\Application->handleCommand(Object(Symfony\\Component\\Console\\Input\\ArgvInput))
#20 {main}
"} 
[2026-09-28 04:31:55] local.ERROR: PHP Parse error: Syntax error, unexpected T_NS_SEPARATOR on line 1 {"exception":"[object] (Psy\\Exception\\ParseErrorException(code: 0): PHP Parse error: Syntax error, unexpected T_NS_SEPARATOR on line 1 at C:\\Code\\TrustCash\\vendor\\psy\\psysh\\src\\Exception\\ParseErrorException.php:44)
[stacktrace]
#0 C:\\Code\\TrustCash\\vendor\\psy\\psysh\\src\\CodeCleaner.php(306): Psy\\Exception\\ParseErrorException::fromParseError(Object(PhpParser\\Error))
#1 C:\\Code\\TrustCash\\vendor\\psy\\psysh\\src\\CodeCleaner.php(240): Psy\\CodeCleaner->parse('<?php foreach (...', false)
#2 C:\\Code\\TrustCash\\vendor\\psy\\psysh\\src\\Shell.php(852): Psy\\CodeCleaner->clean(Array, false)
#3 C:\\Code\\TrustCash\\vendor\\psy\\psysh\\src\\Shell.php(881): Psy\\Shell->addCode('foreach (Stancl...', true)
#4 C:\\Code\\TrustCash\\vendor\\psy\\psysh\\src\\Shell.php(1390): Psy\\Shell->setCode('foreach (Stancl...', true)
#5 C:\\Code\\TrustCash\\vendor\\laravel\\tinker\\src\\Console\\TinkerCommand.php(76): Psy\\Shell->execute('foreach (Stancl...')
#6 C:\\Code\\TrustCash\\vendor\\laravel\\framework\\src\\Illuminate\\Container\\BoundMethod.php(36): Laravel\\Tinker\\Console\\TinkerCommand->handle()
#7 C:\\Code\\TrustCash\\vendor\\laravel\\framework\\src\\Illuminate\\Container\\Util.php(43): Illuminate\\Container\\BoundMethod::{closure:Illuminate\\Container\\BoundMethod::call():35}()
#8 C:\\Code\\TrustCash\\vendor\\laravel\\framework\\src\\Illuminate\\Container\\BoundMethod.php(95): Illuminate\\Container\\Util::unwrapIfClosure(Object(Closure))
#9 C:\\Code\\TrustCash\\vendor\\laravel\\framework\\src\\Illuminate\\Container\\BoundMethod.php(35): Illuminate\\Container\\BoundMethod::callBoundMethod(Object(Illuminate\\Foundation\\Application), Array, Object(Closure))
#10 C:\\Code\\TrustCash\\vendor\\laravel\\framework\\src\\Illuminate\\Container\\Container.php(696): Illuminate\\Container\\BoundMethod::call(Object(Illuminate\\Foundation\\Application), Array, Array, NULL)
#11 C:\\Code\\TrustCash\\vendor\\laravel\\framework\\src\\Illuminate\\Console\\Command.php(213): Illuminate\\Container\\Container->call(Array)
#12 C:\\Code\\TrustCash\\vendor\\symfony\\console\\Command\\Command.php(279): Illuminate\\Console\\Command->execute(Object(Symfony\\Component\\Console\\Input\\ArgvInput), Object(Illuminate\\Console\\OutputStyle))
#13 C:\\Code\\TrustCash\\vendor\\laravel\\framework\\src\\Illuminate\\Console\\Command.php(182): Symfony\\Component\\Console\\Command\\Command->run(Object(Symfony\\Component\\Console\\Input\\ArgvInput), Object(Illuminate\\Console\\OutputStyle))
#14 C:\\Code\\TrustCash\\vendor\\symfony\\console\\Application.php(1094): Illuminate\\Console\\Command->run(Object(Symfony\\Component\\Console\\Input\\ArgvInput), Object(Symfony\\Component\\Console\\Output\\ConsoleOutput))
#15 C:\\Code\\TrustCash\\vendor\\symfony\\console\\Application.php(342): Symfony\\Component\\Console\\Application->doRunCommand(Object(Laravel\\Tinker\\Console\\TinkerCommand), Object(Symfony\\Component\\Console\\Input\\ArgvInput), Object(Symfony\\Component\\Console\\Output\\ConsoleOutput))
#16 C:\\Code\\TrustCash\\vendor\\symfony\\console\\Application.php(193): Symfony\\Component\\Console\\Application->doRun(Object(Symfony\\Component\\Console\\Input\\ArgvInput), Object(Symfony\\Component\\Console\\Output\\ConsoleOutput))
#17 C:\\Code\\TrustCash\\vendor\\laravel\\framework\\src\\Illuminate\\Foundation\\Console\\Kernel.php(198): Symfony\\Component\\Console\\Application->run(Object(Symfony\\Component\\Console\\Input\\ArgvInput), Object(Symfony\\Component\\Console\\Output\\ConsoleOutput))
#18 C:\\Code\\TrustCash\\vendor\\laravel\\framework\\src\\Illuminate\\Foundation\\Application.php(1235): Illuminate\\Foundation\\Console\\Kernel->handle(Object(Symfony\\Component\\Console\\Input\\ArgvInput), Object(Symfony\\Component\\Console\\Output\\ConsoleOutput))
#19 C:\\Code\\TrustCash\\artisan(13): Illuminate\\Foundation\\Application->handleCommand(Object(Symfony\\Component\\Console\\Input\\ArgvInput))
#20 {main}
"} 
[2026-09-28 04:32:39] local.ERROR: PHP Parse error: Syntax error, unexpected T_NS_SEPARATOR on line 1 {"exception":"[object] (Psy\\Exception\\ParseErrorException(code: 0): PHP Parse error: Syntax error, unexpected T_NS_SEPARATOR on line 1 at C:\\Code\\TrustCash\\vendor\\psy\\psysh\\src\\Exception\\ParseErrorException.php:44)
[stacktrace]
#0 C:\\Code\\TrustCash\\vendor\\psy\\psysh\\src\\CodeCleaner.php(306): Psy\\Exception\\ParseErrorException::fromParseError(Object(PhpParser\\Error))
#1 C:\\Code\\TrustCash\\vendor\\psy\\psysh\\src\\CodeCleaner.php(240): Psy\\CodeCleaner->parse('<?php \\\\ = Illum...', false)
#2 C:\\Code\\TrustCash\\vendor\\psy\\psysh\\src\\Shell.php(852): Psy\\CodeCleaner->clean(Array, false)
#3 C:\\Code\\TrustCash\\vendor\\psy\\psysh\\src\\Shell.php(881): Psy\\Shell->addCode('\\\\ = Illuminate\\\\...', true)
#4 C:\\Code\\TrustCash\\vendor\\psy\\psysh\\src\\Shell.php(1390): Psy\\Shell->setCode('\\\\ = Illuminate\\\\...', true)
#5 C:\\Code\\TrustCash\\vendor\\laravel\\tinker\\src\\Console\\TinkerCommand.php(76): Psy\\Shell->execute('\\\\ = Illuminate\\\\...')
#6 C:\\Code\\TrustCash\\vendor\\laravel\\framework\\src\\Illuminate\\Container\\BoundMethod.php(36): Laravel\\Tinker\\Console\\TinkerCommand->handle()
#7 C:\\Code\\TrustCash\\vendor\\laravel\\framework\\src\\Illuminate\\Container\\Util.php(43): Illuminate\\Container\\BoundMethod::{closure:Illuminate\\Container\\BoundMethod::call():35}()
#8 C:\\Code\\TrustCash\\vendor\\laravel\\framework\\src\\Illuminate\\Container\\BoundMethod.php(95): Illuminate\\Container\\Util::unwrapIfClosure(Object(Closure))
#9 C:\\Code\\TrustCash\\vendor\\laravel\\framework\\src\\Illuminate\\Container\\BoundMethod.php(35): Illuminate\\Container\\BoundMethod::callBoundMethod(Object(Illuminate\\Foundation\\Application), Array, Object(Closure))
#10 C:\\Code\\TrustCash\\vendor\\laravel\\framework\\src\\Illuminate\\Container\\Container.php(696): Illuminate\\Container\\BoundMethod::call(Object(Illuminate\\Foundation\\Application), Array, Array, NULL)
#11 C:\\Code\\TrustCash\\vendor\\laravel\\framework\\src\\Illuminate\\Console\\Command.php(213): Illuminate\\Container\\Container->call(Array)
#12 C:\\Code\\TrustCash\\vendor\\symfony\\console\\Command\\Command.php(279): Illuminate\\Console\\Command->execute(Object(Symfony\\Component\\Console\\Input\\ArgvInput), Object(Illuminate\\Console\\OutputStyle))
#13 C:\\Code\\TrustCash\\vendor\\laravel\\framework\\src\\Illuminate\\Console\\Command.php(182): Symfony\\Component\\Console\\Command\\Command->run(Object(Symfony\\Component\\Console\\Input\\ArgvInput), Object(Illuminate\\Console\\OutputStyle))
#14 C:\\Code\\TrustCash\\vendor\\symfony\\console\\Application.php(1094): Illuminate\\Console\\Command->run(Object(Symfony\\Component\\Console\\Input\\ArgvInput), Object(Symfony\\Component\\Console\\Output\\ConsoleOutput))
#15 C:\\Code\\TrustCash\\vendor\\symfony\\console\\Application.php(342): Symfony\\Component\\Console\\Application->doRunCommand(Object(Laravel\\Tinker\\Console\\TinkerCommand), Object(Symfony\\Component\\Console\\Input\\ArgvInput), Object(Symfony\\Component\\Console\\Output\\ConsoleOutput))
#16 C:\\Code\\TrustCash\\vendor\\symfony\\console\\Application.php(193): Symfony\\Component\\Console\\Application->doRun(Object(Symfony\\Component\\Console\\Input\\ArgvInput), Object(Symfony\\Component\\Console\\Output\\ConsoleOutput))
#17 C:\\Code\\TrustCash\\vendor\\laravel\\framework\\src\\Illuminate\\Foundation\\Console\\Kernel.php(198): Symfony\\Component\\Console\\Application->run(Object(Symfony\\Component\\Console\\Input\\ArgvInput), Object(Symfony\\Component\\Console\\Output\\ConsoleOutput))
#18 C:\\Code\\TrustCash\\vendor\\laravel\\framework\\src\\Illuminate\\Foundation\\Application.php(1235): Illuminate\\Foundation\\Console\\Kernel->handle(Object(Symfony\\Component\\Console\\Input\\ArgvInput), Object(Symfony\\Component\\Console\\Output\\ConsoleOutput))
#19 C:\\Code\\TrustCash\\artisan(13): Illuminate\\Foundation\\Application->handleCommand(Object(Symfony\\Component\\Console\\Input\\ArgvInput))
#20 {main}
"} 
[2026-09-28 05:10:02] local.ERROR: PHP Parse error: Syntax error, unexpected T_NS_SEPARATOR on line 1 {"exception":"[object] (Psy\\Exception\\ParseErrorException(code: 0): PHP Parse error: Syntax error, unexpected T_NS_SEPARATOR on line 1 at C:\\Code\\TrustCash\\vendor\\psy\\psysh\\src\\Exception\\ParseErrorException.php:44)
[stacktrace]
#0 C:\\Code\\TrustCash\\vendor\\psy\\psysh\\src\\CodeCleaner.php(306): Psy\\Exception\\ParseErrorException::fromParseError(Object(PhpParser\\Error))
#1 C:\\Code\\TrustCash\\vendor\\psy\\psysh\\src\\CodeCleaner.php(240): Psy\\CodeCleaner->parse('<?php \\\\ = Route...', false)
#2 C:\\Code\\TrustCash\\vendor\\psy\\psysh\\src\\Shell.php(852): Psy\\CodeCleaner->clean(Array, false)
#3 C:\\Code\\TrustCash\\vendor\\psy\\psysh\\src\\Shell.php(881): Psy\\Shell->addCode('\\\\ = Route::getR...', true)
#4 C:\\Code\\TrustCash\\vendor\\psy\\psysh\\src\\Shell.php(1390): Psy\\Shell->setCode('\\\\ = Route::getR...', true)
#5 C:\\Code\\TrustCash\\vendor\\laravel\\tinker\\src\\Console\\TinkerCommand.php(76): Psy\\Shell->execute('\\\\ = Route::getR...')
#6 C:\\Code\\TrustCash\\vendor\\laravel\\framework\\src\\Illuminate\\Container\\BoundMethod.php(36): Laravel\\Tinker\\Console\\TinkerCommand->handle()
#7 C:\\Code\\TrustCash\\vendor\\laravel\\framework\\src\\Illuminate\\Container\\Util.php(43): Illuminate\\Container\\BoundMethod::{closure:Illuminate\\Container\\BoundMethod::call():35}()
#8 C:\\Code\\TrustCash\\vendor\\laravel\\framework\\src\\Illuminate\\Container\\BoundMethod.php(95): Illuminate\\Container\\Util::unwrapIfClosure(Object(Closure))
#9 C:\\Code\\TrustCash\\vendor\\laravel\\framework\\src\\Illuminate\\Container\\BoundMethod.php(35): Illuminate\\Container\\BoundMethod::callBoundMethod(Object(Illuminate\\Foundation\\Application), Array, Object(Closure))
#10 C:\\Code\\TrustCash\\vendor\\laravel\\framework\\src\\Illuminate\\Container\\Container.php(696): Illuminate\\Container\\BoundMethod::call(Object(Illuminate\\Foundation\\Application), Array, Array, NULL)
#11 C:\\Code\\TrustCash\\vendor\\laravel\\framework\\src\\Illuminate\\Console\\Command.php(213): Illuminate\\Container\\Container->call(Array)
#12 C:\\Code\\TrustCash\\vendor\\symfony\\console\\Command\\Command.php(279): Illuminate\\Console\\Command->execute(Object(Symfony\\Component\\Console\\Input\\ArgvInput), Object(Illuminate\\Console\\OutputStyle))
#13 C:\\Code\\TrustCash\\vendor\\laravel\\framework\\src\\Illuminate\\Console\\Command.php(182): Symfony\\Component\\Console\\Command\\Command->run(Object(Symfony\\Component\\Console\\Input\\ArgvInput), Object(Illuminate\\Console\\OutputStyle))
#14 C:\\Code\\TrustCash\\vendor\\symfony\\console\\Application.php(1094): Illuminate\\Console\\Command->run(Object(Symfony\\Component\\Console\\Input\\ArgvInput), Object(Symfony\\Component\\Console\\Output\\ConsoleOutput))
#15 C:\\Code\\TrustCash\\vendor\\symfony\\console\\Application.php(342): Symfony\\Component\\Console\\Application->doRunCommand(Object(Laravel\\Tinker\\Console\\TinkerCommand), Object(Symfony\\Component\\Console\\Input\\ArgvInput), Object(Symfony\\Component\\Console\\Output\\ConsoleOutput))
#16 C:\\Code\\TrustCash\\vendor\\symfony\\console\\Application.php(193): Symfony\\Component\\Console\\Application->doRun(Object(Symfony\\Component\\Console\\Input\\ArgvInput), Object(Symfony\\Component\\Console\\Output\\ConsoleOutput))
#17 C:\\Code\\TrustCash\\vendor\\laravel\\framework\\src\\Illuminate\\Foundation\\Console\\Kernel.php(198): Symfony\\Component\\Console\\Application->run(Object(Symfony\\Component\\Console\\Input\\ArgvInput), Object(Symfony\\Component\\Console\\Output\\ConsoleOutput))
#18 C:\\Code\\TrustCash\\vendor\\laravel\\framework\\src\\Illuminate\\Foundation\\Application.php(1235): Illuminate\\Foundation\\Console\\Kernel->handle(Object(Symfony\\Component\\Console\\Input\\ArgvInput), Object(Symfony\\Component\\Console\\Output\\ConsoleOutput))
#19 C:\\Code\\TrustCash\\artisan(13): Illuminate\\Foundation\\Application->handleCommand(Object(Symfony\\Component\\Console\\Input\\ArgvInput))
#20 {main}
"} 
[2026-09-28 06:30:22] local.ERROR: PHP Parse error: Syntax error, unexpected T_NS_SEPARATOR on line 1 {"exception":"[object] (Psy\\Exception\\ParseErrorException(code: 0): PHP Parse error: Syntax error, unexpected T_NS_SEPARATOR on line 1 at C:\\Code\\TrustCash\\vendor\\psy\\psysh\\src\\Exception\\ParseErrorException.php:44)
[stacktrace]
#0 C:\\Code\\TrustCash\\vendor\\psy\\psysh\\src\\CodeCleaner.php(306): Psy\\Exception\\ParseErrorException::fromParseError(Object(PhpParser\\Error))
#1 C:\\Code\\TrustCash\\vendor\\psy\\psysh\\src\\CodeCleaner.php(240): Psy\\CodeCleaner->parse('<?php tenancy()...', false)
#2 C:\\Code\\TrustCash\\vendor\\psy\\psysh\\src\\Shell.php(852): Psy\\CodeCleaner->clean(Array, false)
#3 C:\\Code\\TrustCash\\vendor\\psy\\psysh\\src\\Shell.php(881): Psy\\Shell->addCode('tenancy()->init...', true)
#4 C:\\Code\\TrustCash\\vendor\\psy\\psysh\\src\\Shell.php(1390): Psy\\Shell->setCode('tenancy()->init...', true)
#5 C:\\Code\\TrustCash\\vendor\\laravel\\tinker\\src\\Console\\TinkerCommand.php(76): Psy\\Shell->execute('tenancy()->init...')
#6 C:\\Code\\TrustCash\\vendor\\laravel\\framework\\src\\Illuminate\\Container\\BoundMethod.php(36): Laravel\\Tinker\\Console\\TinkerCommand->handle()
#7 C:\\Code\\TrustCash\\vendor\\laravel\\framework\\src\\Illuminate\\Container\\Util.php(43): Illuminate\\Container\\BoundMethod::{closure:Illuminate\\Container\\BoundMethod::call():35}()
#8 C:\\Code\\TrustCash\\vendor\\laravel\\framework\\src\\Illuminate\\Container\\BoundMethod.php(95): Illuminate\\Container\\Util::unwrapIfClosure(Object(Closure))
#9 C:\\Code\\TrustCash\\vendor\\laravel\\framework\\src\\Illuminate\\Container\\BoundMethod.php(35): Illuminate\\Container\\BoundMethod::callBoundMethod(Object(Illuminate\\Foundation\\Application), Array, Object(Closure))
#10 C:\\Code\\TrustCash\\vendor\\laravel\\framework\\src\\Illuminate\\Container\\Container.php(696): Illuminate\\Container\\BoundMethod::call(Object(Illuminate\\Foundation\\Application), Array, Array, NULL)
#11 C:\\Code\\TrustCash\\vendor\\laravel\\framework\\src\\Illuminate\\Console\\Command.php(213): Illuminate\\Container\\Container->call(Array)
#12 C:\\Code\\TrustCash\\vendor\\symfony\\console\\Command\\Command.php(279): Illuminate\\Console\\Command->execute(Object(Symfony\\Component\\Console\\Input\\ArgvInput), Object(Illuminate\\Console\\OutputStyle))
#13 C:\\Code\\TrustCash\\vendor\\laravel\\framework\\src\\Illuminate\\Console\\Command.php(182): Symfony\\Component\\Console\\Command\\Command->run(Object(Symfony\\Component\\Console\\Input\\ArgvInput), Object(Illuminate\\Console\\OutputStyle))
#14 C:\\Code\\TrustCash\\vendor\\symfony\\console\\Application.php(1094): Illuminate\\Console\\Command->run(Object(Symfony\\Component\\Console\\Input\\ArgvInput), Object(Symfony\\Component\\Console\\Output\\ConsoleOutput))
#15 C:\\Code\\TrustCash\\vendor\\symfony\\console\\Application.php(342): Symfony\\Component\\Console\\Application->doRunCommand(Object(Laravel\\Tinker\\Console\\TinkerCommand), Object(Symfony\\Component\\Console\\Input\\ArgvInput), Object(Symfony\\Component\\Console\\Output\\ConsoleOutput))
#16 C:\\Code\\TrustCash\\vendor\\symfony\\console\\Application.php(193): Symfony\\Component\\Console\\Application->doRun(Object(Symfony\\Component\\Console\\Input\\ArgvInput), Object(Symfony\\Component\\Console\\Output\\ConsoleOutput))
#17 C:\\Code\\TrustCash\\vendor\\laravel\\framework\\src\\Illuminate\\Foundation\\Console\\Kernel.php(198): Symfony\\Component\\Console\\Application->run(Object(Symfony\\Component\\Console\\Input\\ArgvInput), Object(Symfony\\Component\\Console\\Output\\ConsoleOutput))
#18 C:\\Code\\TrustCash\\vendor\\laravel\\framework\\src\\Illuminate\\Foundation\\Application.php(1235): Illuminate\\Foundation\\Console\\Kernel->handle(Object(Symfony\\Component\\Console\\Input\\ArgvInput), Object(Symfony\\Component\\Console\\Output\\ConsoleOutput))
#19 C:\\Code\\TrustCash\\artisan(13): Illuminate\\Foundation\\Application->handleCommand(Object(Symfony\\Component\\Console\\Input\\ArgvInput))
#20 {main}
"} 
[2026-09-28 06:30:44] local.ERROR: PHP Parse error: Syntax error, unexpected T_PUBLIC on line 1 {"exception":"[object] (Psy\\Exception\\ParseErrorException(code: 0): PHP Parse error: Syntax error, unexpected T_PUBLIC on line 1 at C:\\Code\\TrustCash\\vendor\\psy\\psysh\\src\\Exception\\ParseErrorException.php:44)
[stacktrace]
#0 C:\\Code\\TrustCash\\vendor\\psy\\psysh\\src\\CodeCleaner.php(306): Psy\\Exception\\ParseErrorException::fromParseError(Object(PhpParser\\Error))
#1 C:\\Code\\TrustCash\\vendor\\psy\\psysh\\src\\CodeCleaner.php(240): Psy\\CodeCleaner->parse('<?php tenancy()...', false)
#2 C:\\Code\\TrustCash\\vendor\\psy\\psysh\\src\\Shell.php(852): Psy\\CodeCleaner->clean(Array, false)
#3 C:\\Code\\TrustCash\\vendor\\psy\\psysh\\src\\Shell.php(881): Psy\\Shell->addCode('tenancy()->init...', true)
#4 C:\\Code\\TrustCash\\vendor\\psy\\psysh\\src\\Shell.php(1390): Psy\\Shell->setCode('tenancy()->init...', true)
#5 C:\\Code\\TrustCash\\vendor\\laravel\\tinker\\src\\Console\\TinkerCommand.php(76): Psy\\Shell->execute('tenancy()->init...')
#6 C:\\Code\\TrustCash\\vendor\\laravel\\framework\\src\\Illuminate\\Container\\BoundMethod.php(36): Laravel\\Tinker\\Console\\TinkerCommand->handle()
#7 C:\\Code\\TrustCash\\vendor\\laravel\\framework\\src\\Illuminate\\Container\\Util.php(43): Illuminate\\Container\\BoundMethod::{closure:Illuminate\\Container\\BoundMethod::call():35}()
#8 C:\\Code\\TrustCash\\vendor\\laravel\\framework\\src\\Illuminate\\Container\\BoundMethod.php(95): Illuminate\\Container\\Util::unwrapIfClosure(Object(Closure))
#9 C:\\Code\\TrustCash\\vendor\\laravel\\framework\\src\\Illuminate\\Container\\BoundMethod.php(35): Illuminate\\Container\\BoundMethod::callBoundMethod(Object(Illuminate\\Foundation\\Application), Array, Object(Closure))
#10 C:\\Code\\TrustCash\\vendor\\laravel\\framework\\src\\Illuminate\\Container\\Container.php(696): Illuminate\\Container\\BoundMethod::call(Object(Illuminate\\Foundation\\Application), Array, Array, NULL)
#11 C:\\Code\\TrustCash\\vendor\\laravel\\framework\\src\\Illuminate\\Console\\Command.php(213): Illuminate\\Container\\Container->call(Array)
#12 C:\\Code\\TrustCash\\vendor\\symfony\\console\\Command\\Command.php(279): Illuminate\\Console\\Command->execute(Object(Symfony\\Component\\Console\\Input\\ArgvInput), Object(Illuminate\\Console\\OutputStyle))
#13 C:\\Code\\TrustCash\\vendor\\laravel\\framework\\src\\Illuminate\\Console\\Command.php(182): Symfony\\Component\\Console\\Command\\Command->run(Object(Symfony\\Component\\Console\\Input\\ArgvInput), Object(Illuminate\\Console\\OutputStyle))
#14 C:\\Code\\TrustCash\\vendor\\symfony\\console\\Application.php(1094): Illuminate\\Console\\Command->run(Object(Symfony\\Component\\Console\\Input\\ArgvInput), Object(Symfony\\Component\\Console\\Output\\ConsoleOutput))
#15 C:\\Code\\TrustCash\\vendor\\symfony\\console\\Application.php(342): Symfony\\Component\\Console\\Application->doRunCommand(Object(Laravel\\Tinker\\Console\\TinkerCommand), Object(Symfony\\Component\\Console\\Input\\ArgvInput), Object(Symfony\\Component\\Console\\Output\\ConsoleOutput))
#16 C:\\Code\\TrustCash\\vendor\\symfony\\console\\Application.php(193): Symfony\\Component\\Console\\Application->doRun(Object(Symfony\\Component\\Console\\Input\\ArgvInput), Object(Symfony\\Component\\Console\\Output\\ConsoleOutput))
#17 C:\\Code\\TrustCash\\vendor\\laravel\\framework\\src\\Illuminate\\Foundation\\Console\\Kernel.php(198): Symfony\\Component\\Console\\Application->run(Object(Symfony\\Component\\Console\\Input\\ArgvInput), Object(Symfony\\Component\\Console\\Output\\ConsoleOutput))
#18 C:\\Code\\TrustCash\\vendor\\laravel\\framework\\src\\Illuminate\\Foundation\\Application.php(1235): Illuminate\\Foundation\\Console\\Kernel->handle(Object(Symfony\\Component\\Console\\Input\\ArgvInput), Object(Symfony\\Component\\Console\\Output\\ConsoleOutput))
#19 C:\\Code\\TrustCash\\artisan(13): Illuminate\\Foundation\\Application->handleCommand(Object(Symfony\\Component\\Console\\Input\\ArgvInput))
#20 {main}
"} 
[2026-09-28 06:35:11] local.INFO: Date Range {"start_date":"2026-09-01","end_date":"2026-09-30"} 
[2026-09-28 06:35:16] local.INFO: Daily Transactions:  
[2026-09-28 06:35:16] local.INFO: Extra Incomes:  
[2026-09-28 06:43:39] local.ERROR: PHP Parse error: Syntax error, unexpected T_NS_SEPARATOR on line 2 {"exception":"[object] (Psy\\Exception\\ParseErrorException(code: 0): PHP Parse error: Syntax error, unexpected T_NS_SEPARATOR on line 2 at C:\\Code\\TrustCash\\vendor\\psy\\psysh\\src\\Exception\\ParseErrorException.php:44)
[stacktrace]
#0 C:\\Code\\TrustCash\\vendor\\psy\\psysh\\src\\CodeCleaner.php(306): Psy\\Exception\\ParseErrorException::fromParseError(Object(PhpParser\\Error))
#1 C:\\Code\\TrustCash\\vendor\\psy\\psysh\\src\\CodeCleaner.php(240): Psy\\CodeCleaner->parse('<?php tenancy()...', false)
#2 C:\\Code\\TrustCash\\vendor\\psy\\psysh\\src\\Shell.php(852): Psy\\CodeCleaner->clean(Array, false)
#3 C:\\Code\\TrustCash\\vendor\\psy\\psysh\\src\\Shell.php(881): Psy\\Shell->addCode('tenancy()->init...', true)
#4 C:\\Code\\TrustCash\\vendor\\psy\\psysh\\src\\Shell.php(1390): Psy\\Shell->setCode('tenancy()->init...', true)
#5 C:\\Code\\TrustCash\\vendor\\laravel\\tinker\\src\\Console\\TinkerCommand.php(76): Psy\\Shell->execute('tenancy()->init...')
#6 C:\\Code\\TrustCash\\vendor\\laravel\\framework\\src\\Illuminate\\Container\\BoundMethod.php(36): Laravel\\Tinker\\Console\\TinkerCommand->handle()
#7 C:\\Code\\TrustCash\\vendor\\laravel\\framework\\src\\Illuminate\\Container\\Util.php(43): Illuminate\\Container\\BoundMethod::{closure:Illuminate\\Container\\BoundMethod::call():35}()
#8 C:\\Code\\TrustCash\\vendor\\laravel\\framework\\src\\Illuminate\\Container\\BoundMethod.php(95): Illuminate\\Container\\Util::unwrapIfClosure(Object(Closure))
#9 C:\\Code\\TrustCash\\vendor\\laravel\\framework\\src\\Illuminate\\Container\\BoundMethod.php(35): Illuminate\\Container\\BoundMethod::callBoundMethod(Object(Illuminate\\Foundation\\Application), Array, Object(Closure))
#10 C:\\Code\\TrustCash\\vendor\\laravel\\framework\\src\\Illuminate\\Container\\Container.php(696): Illuminate\\Container\\BoundMethod::call(Object(Illuminate\\Foundation\\Application), Array, Array, NULL)
#11 C:\\Code\\TrustCash\\vendor\\laravel\\framework\\src\\Illuminate\\Console\\Command.php(213): Illuminate\\Container\\Container->call(Array)
#12 C:\\Code\\TrustCash\\vendor\\symfony\\console\\Command\\Command.php(279): Illuminate\\Console\\Command->execute(Object(Symfony\\Component\\Console\\Input\\ArgvInput), Object(Illuminate\\Console\\OutputStyle))
#13 C:\\Code\\TrustCash\\vendor\\laravel\\framework\\src\\Illuminate\\Console\\Command.php(182): Symfony\\Component\\Console\\Command\\Command->run(Object(Symfony\\Component\\Console\\Input\\ArgvInput), Object(Illuminate\\Console\\OutputStyle))
#14 C:\\Code\\TrustCash\\vendor\\symfony\\console\\Application.php(1094): Illuminate\\Console\\Command->run(Object(Symfony\\Component\\Console\\Input\\ArgvInput), Object(Symfony\\Component\\Console\\Output\\ConsoleOutput))
#15 C:\\Code\\TrustCash\\vendor\\symfony\\console\\Application.php(342): Symfony\\Component\\Console\\Application->doRunCommand(Object(Laravel\\Tinker\\Console\\TinkerCommand), Object(Symfony\\Component\\Console\\Input\\ArgvInput), Object(Symfony\\Component\\Console\\Output\\ConsoleOutput))
#16 C:\\Code\\TrustCash\\vendor\\symfony\\console\\Application.php(193): Symfony\\Component\\Console\\Application->doRun(Object(Symfony\\Component\\Console\\Input\\ArgvInput), Object(Symfony\\Component\\Console\\Output\\ConsoleOutput))
#17 C:\\Code\\TrustCash\\vendor\\laravel\\framework\\src\\Illuminate\\Foundation\\Console\\Kernel.php(198): Symfony\\Component\\Console\\Application->run(Object(Symfony\\Component\\Console\\Input\\ArgvInput), Object(Symfony\\Component\\Console\\Output\\ConsoleOutput))
#18 C:\\Code\\TrustCash\\vendor\\laravel\\framework\\src\\Illuminate\\Foundation\\Application.php(1235): Illuminate\\Foundation\\Console\\Kernel->handle(Object(Symfony\\Component\\Console\\Input\\ArgvInput), Object(Symfony\\Component\\Console\\Output\\ConsoleOutput))
#19 C:\\Code\\TrustCash\\artisan(13): Illuminate\\Foundation\\Application->handleCommand(Object(Symfony\\Component\\Console\\Input\\ArgvInput))
#20 {main}
"} 
[2026-09-28 06:43:44] local.ERROR: PHP Parse error: Syntax error, unexpected ':', expecting ';' on line 1 {"exception":"[object] (Psy\\Exception\\ParseErrorException(code: 0): PHP Parse error: Syntax error, unexpected ':', expecting ';' on line 1 at C:\\Code\\TrustCash\\vendor\\psy\\psysh\\src\\Exception\\ParseErrorException.php:44)
[stacktrace]
#0 C:\\Code\\TrustCash\\vendor\\psy\\psysh\\src\\CodeCleaner.php(306): Psy\\Exception\\ParseErrorException::fromParseError(Object(PhpParser\\Error))
#1 C:\\Code\\TrustCash\\vendor\\psy\\psysh\\src\\CodeCleaner.php(240): Psy\\CodeCleaner->parse('<?php tenancy()...', false)
#2 C:\\Code\\TrustCash\\vendor\\psy\\psysh\\src\\Shell.php(852): Psy\\CodeCleaner->clean(Array, false)
#3 C:\\Code\\TrustCash\\vendor\\psy\\psysh\\src\\Shell.php(881): Psy\\Shell->addCode('tenancy()->init...', true)
#4 C:\\Code\\TrustCash\\vendor\\psy\\psysh\\src\\Shell.php(1390): Psy\\Shell->setCode('tenancy()->init...', true)
#5 C:\\Code\\TrustCash\\vendor\\laravel\\tinker\\src\\Console\\TinkerCommand.php(76): Psy\\Shell->execute('tenancy()->init...')
#6 C:\\Code\\TrustCash\\vendor\\laravel\\framework\\src\\Illuminate\\Container\\BoundMethod.php(36): Laravel\\Tinker\\Console\\TinkerCommand->handle()
#7 C:\\Code\\TrustCash\\vendor\\laravel\\framework\\src\\Illuminate\\Container\\Util.php(43): Illuminate\\Container\\BoundMethod::{closure:Illuminate\\Container\\BoundMethod::call():35}()
#8 C:\\Code\\TrustCash\\vendor\\laravel\\framework\\src\\Illuminate\\Container\\BoundMethod.php(95): Illuminate\\Container\\Util::unwrapIfClosure(Object(Closure))
#9 C:\\Code\\TrustCash\\vendor\\laravel\\framework\\src\\Illuminate\\Container\\BoundMethod.php(35): Illuminate\\Container\\BoundMethod::callBoundMethod(Object(Illuminate\\Foundation\\Application), Array, Object(Closure))
#10 C:\\Code\\TrustCash\\vendor\\laravel\\framework\\src\\Illuminate\\Container\\Container.php(696): Illuminate\\Container\\BoundMethod::call(Object(Illuminate\\Foundation\\Application), Array, Array, NULL)
#11 C:\\Code\\TrustCash\\vendor\\laravel\\framework\\src\\Illuminate\\Console\\Command.php(213): Illuminate\\Container\\Container->call(Array)
#12 C:\\Code\\TrustCash\\vendor\\symfony\\console\\Command\\Command.php(279): Illuminate\\Console\\Command->execute(Object(Symfony\\Component\\Console\\Input\\ArgvInput), Object(Illuminate\\Console\\OutputStyle))
#13 C:\\Code\\TrustCash\\vendor\\laravel\\framework\\src\\Illuminate\\Console\\Command.php(182): Symfony\\Component\\Console\\Command\\Command->run(Object(Symfony\\Component\\Console\\Input\\ArgvInput), Object(Illuminate\\Console\\OutputStyle))
#14 C:\\Code\\TrustCash\\vendor\\symfony\\console\\Application.php(1094): Illuminate\\Console\\Command->run(Object(Symfony\\Component\\Console\\Input\\ArgvInput), Object(Symfony\\Component\\Console\\Output\\ConsoleOutput))
#15 C:\\Code\\TrustCash\\vendor\\symfony\\console\\Application.php(342): Symfony\\Component\\Console\\Application->doRunCommand(Object(Laravel\\Tinker\\Console\\TinkerCommand), Object(Symfony\\Component\\Console\\Input\\ArgvInput), Object(Symfony\\Component\\Console\\Output\\ConsoleOutput))
#16 C:\\Code\\TrustCash\\vendor\\symfony\\console\\Application.php(193): Symfony\\Component\\Console\\Application->doRun(Object(Symfony\\Component\\Console\\Input\\ArgvInput), Object(Symfony\\Component\\Console\\Output\\ConsoleOutput))
#17 C:\\Code\\TrustCash\\vendor\\laravel\\framework\\src\\Illuminate\\Foundation\\Console\\Kernel.php(198): Symfony\\Component\\Console\\Application->run(Object(Symfony\\Component\\Console\\Input\\ArgvInput), Object(Symfony\\Component\\Console\\Output\\ConsoleOutput))
#18 C:\\Code\\TrustCash\\vendor\\laravel\\framework\\src\\Illuminate\\Foundation\\Application.php(1235): Illuminate\\Foundation\\Console\\Kernel->handle(Object(Symfony\\Component\\Console\\Input\\ArgvInput), Object(Symfony\\Component\\Console\\Output\\ConsoleOutput))
#19 C:\\Code\\TrustCash\\artisan(13): Illuminate\\Foundation\\Application->handleCommand(Object(Symfony\\Component\\Console\\Input\\ArgvInput))
#20 {main}
"} 
[2026-09-28 06:48:06] local.INFO: Daily Transactions: {"2026-09-28":{"stdClass":{"date":"2026-09-28","fund_in":"0.00","payment_receive":"0.00","refund":"0.00","fund_out":"0.00","purchase":"0.00","expense":"0.00"}}} 
[2026-09-28 06:48:06] local.INFO: Extra Incomes:  
[2026-09-28 06:48:11] local.INFO: Daily Transactions: {"2026-09-28":{"stdClass":{"date":"2026-09-28","fund_in":"0.00","payment_receive":"0.00","refund":"0.00","fund_out":"0.00","purchase":"0.00","expense":"0.00"}}} 
[2026-09-28 06:48:11] local.INFO: Extra Incomes:  
[2026-09-28 06:49:54] local.INFO: Daily Transactions: {"2026-09-28":{"stdClass":{"date":"2026-09-28","fund_in":"0.00","payment_receive":"0.00","refund":"0.00","fund_out":"0.00","purchase":"0.00","expense":"0.00"}}} 
[2026-09-28 06:49:54] local.INFO: Extra Incomes:  
[2026-09-28 06:50:29] local.INFO: Daily Transactions: {"2026-09-28":{"stdClass":{"date":"2026-09-28","fund_in":"0.00","payment_receive":"0.00","refund":"0.00","fund_out":"0.00","purchase":"0.00","expense":"0.00"}}} 
[2026-09-28 06:50:29] local.INFO: Extra Incomes:  
[2026-09-28 06:52:54] local.INFO: Daily Transactions: {"2026-09-28":{"stdClass":{"date":"2026-09-28","fund_in":"0.00","payment_receive":"0.00","refund":"0.00","fund_out":"0.00","purchase":"0.00","expense":"0.00"}}} 
[2026-09-28 06:52:54] local.INFO: Extra Incomes:  
[2026-09-28 07:22:37] local.ERROR: PHP Parse error: Syntax error, unexpected T_NS_SEPARATOR on line 2 {"exception":"[object] (Psy\\Exception\\ParseErrorException(code: 0): PHP Parse error: Syntax error, unexpected T_NS_SEPARATOR on line 2 at C:\\Code\\TrustCash\\vendor\\psy\\psysh\\src\\Exception\\ParseErrorException.php:44)
[stacktrace]
#0 C:\\Code\\TrustCash\\vendor\\psy\\psysh\\src\\CodeCleaner.php(306): Psy\\Exception\\ParseErrorException::fromParseError(Object(PhpParser\\Error))
#1 C:\\Code\\TrustCash\\vendor\\psy\\psysh\\src\\CodeCleaner.php(240): Psy\\CodeCleaner->parse('<?php tenancy()...', false)
#2 C:\\Code\\TrustCash\\vendor\\psy\\psysh\\src\\Shell.php(852): Psy\\CodeCleaner->clean(Array, false)
#3 C:\\Code\\TrustCash\\vendor\\psy\\psysh\\src\\Shell.php(881): Psy\\Shell->addCode('tenancy()->init...', true)
#4 C:\\Code\\TrustCash\\vendor\\psy\\psysh\\src\\Shell.php(1390): Psy\\Shell->setCode('tenancy()->init...', true)
#5 C:\\Code\\TrustCash\\vendor\\laravel\\tinker\\src\\Console\\TinkerCommand.php(76): Psy\\Shell->execute('tenancy()->init...')
#6 C:\\Code\\TrustCash\\vendor\\laravel\\framework\\src\\Illuminate\\Container\\BoundMethod.php(36): Laravel\\Tinker\\Console\\TinkerCommand->handle()
#7 C:\\Code\\TrustCash\\vendor\\laravel\\framework\\src\\Illuminate\\Container\\Util.php(43): Illuminate\\Container\\BoundMethod::{closure:Illuminate\\Container\\BoundMethod::call():35}()
#8 C:\\Code\\TrustCash\\vendor\\laravel\\framework\\src\\Illuminate\\Container\\BoundMethod.php(95): Illuminate\\Container\\Util::unwrapIfClosure(Object(Closure))
#9 C:\\Code\\TrustCash\\vendor\\laravel\\framework\\src\\Illuminate\\Container\\BoundMethod.php(35): Illuminate\\Container\\BoundMethod::callBoundMethod(Object(Illuminate\\Foundation\\Application), Array, Object(Closure))
#10 C:\\Code\\TrustCash\\vendor\\laravel\\framework\\src\\Illuminate\\Container\\Container.php(696): Illuminate\\Container\\BoundMethod::call(Object(Illuminate\\Foundation\\Application), Array, Array, NULL)
#11 C:\\Code\\TrustCash\\vendor\\laravel\\framework\\src\\Illuminate\\Console\\Command.php(213): Illuminate\\Container\\Container->call(Array)
#12 C:\\Code\\TrustCash\\vendor\\symfony\\console\\Command\\Command.php(279): Illuminate\\Console\\Command->execute(Object(Symfony\\Component\\Console\\Input\\ArgvInput), Object(Illuminate\\Console\\OutputStyle))
#13 C:\\Code\\TrustCash\\vendor\\laravel\\framework\\src\\Illuminate\\Console\\Command.php(182): Symfony\\Component\\Console\\Command\\Command->run(Object(Symfony\\Component\\Console\\Input\\ArgvInput), Object(Illuminate\\Console\\OutputStyle))
#14 C:\\Code\\TrustCash\\vendor\\symfony\\console\\Application.php(1094): Illuminate\\Console\\Command->run(Object(Symfony\\Component\\Console\\Input\\ArgvInput), Object(Symfony\\Component\\Console\\Output\\ConsoleOutput))
#15 C:\\Code\\TrustCash\\vendor\\symfony\\console\\Application.php(342): Symfony\\Component\\Console\\Application->doRunCommand(Object(Laravel\\Tinker\\Console\\TinkerCommand), Object(Symfony\\Component\\Console\\Input\\ArgvInput), Object(Symfony\\Component\\Console\\Output\\ConsoleOutput))
#16 C:\\Code\\TrustCash\\vendor\\symfony\\console\\Application.php(193): Symfony\\Component\\Console\\Application->doRun(Object(Symfony\\Component\\Console\\Input\\ArgvInput), Object(Symfony\\Component\\Console\\Output\\ConsoleOutput))
#17 C:\\Code\\TrustCash\\vendor\\laravel\\framework\\src\\Illuminate\\Foundation\\Console\\Kernel.php(198): Symfony\\Component\\Console\\Application->run(Object(Symfony\\Component\\Console\\Input\\ArgvInput), Object(Symfony\\Component\\Console\\Output\\ConsoleOutput))
#18 C:\\Code\\TrustCash\\vendor\\laravel\\framework\\src\\Illuminate\\Foundation\\Application.php(1235): Illuminate\\Foundation\\Console\\Kernel->handle(Object(Symfony\\Component\\Console\\Input\\ArgvInput), Object(Symfony\\Component\\Console\\Output\\ConsoleOutput))
#19 C:\\Code\\TrustCash\\artisan(13): Illuminate\\Foundation\\Application->handleCommand(Object(Symfony\\Component\\Console\\Input\\ArgvInput))
#20 {main}
"} 
[2026-09-28 07:28:59] local.ERROR: PHP Parse error: Syntax error, unexpected T_NS_SEPARATOR on line 3 {"exception":"[object] (Psy\\Exception\\ParseErrorException(code: 0): PHP Parse error: Syntax error, unexpected T_NS_SEPARATOR on line 3 at C:\\Code\\TrustCash\\vendor\\psy\\psysh\\src\\Exception\\ParseErrorException.php:44)
[stacktrace]
#0 C:\\Code\\TrustCash\\vendor\\psy\\psysh\\src\\CodeCleaner.php(306): Psy\\Exception\\ParseErrorException::fromParseError(Object(PhpParser\\Error))
#1 C:\\Code\\TrustCash\\vendor\\psy\\psysh\\src\\CodeCleaner.php(240): Psy\\CodeCleaner->parse('<?php \\ntenancy(...', false)
#2 C:\\Code\\TrustCash\\vendor\\psy\\psysh\\src\\Shell.php(852): Psy\\CodeCleaner->clean(Array, false)
#3 C:\\Code\\TrustCash\\vendor\\psy\\psysh\\src\\Shell.php(881): Psy\\Shell->addCode('\\ntenancy()->ini...', true)
#4 C:\\Code\\TrustCash\\vendor\\psy\\psysh\\src\\Shell.php(1390): Psy\\Shell->setCode('\\ntenancy()->ini...', true)
#5 C:\\Code\\TrustCash\\vendor\\laravel\\tinker\\src\\Console\\TinkerCommand.php(76): Psy\\Shell->execute('\\ntenancy()->ini...')
#6 C:\\Code\\TrustCash\\vendor\\laravel\\framework\\src\\Illuminate\\Container\\BoundMethod.php(36): Laravel\\Tinker\\Console\\TinkerCommand->handle()
#7 C:\\Code\\TrustCash\\vendor\\laravel\\framework\\src\\Illuminate\\Container\\Util.php(43): Illuminate\\Container\\BoundMethod::{closure:Illuminate\\Container\\BoundMethod::call():35}()
#8 C:\\Code\\TrustCash\\vendor\\laravel\\framework\\src\\Illuminate\\Container\\BoundMethod.php(95): Illuminate\\Container\\Util::unwrapIfClosure(Object(Closure))
#9 C:\\Code\\TrustCash\\vendor\\laravel\\framework\\src\\Illuminate\\Container\\BoundMethod.php(35): Illuminate\\Container\\BoundMethod::callBoundMethod(Object(Illuminate\\Foundation\\Application), Array, Object(Closure))
#10 C:\\Code\\TrustCash\\vendor\\laravel\\framework\\src\\Illuminate\\Container\\Container.php(696): Illuminate\\Container\\BoundMethod::call(Object(Illuminate\\Foundation\\Application), Array, Array, NULL)
#11 C:\\Code\\TrustCash\\vendor\\laravel\\framework\\src\\Illuminate\\Console\\Command.php(213): Illuminate\\Container\\Container->call(Array)
#12 C:\\Code\\TrustCash\\vendor\\symfony\\console\\Command\\Command.php(279): Illuminate\\Console\\Command->execute(Object(Symfony\\Component\\Console\\Input\\ArgvInput), Object(Illuminate\\Console\\OutputStyle))
#13 C:\\Code\\TrustCash\\vendor\\laravel\\framework\\src\\Illuminate\\Console\\Command.php(182): Symfony\\Component\\Console\\Command\\Command->run(Object(Symfony\\Component\\Console\\Input\\ArgvInput), Object(Illuminate\\Console\\OutputStyle))
#14 C:\\Code\\TrustCash\\vendor\\symfony\\console\\Application.php(1094): Illuminate\\Console\\Command->run(Object(Symfony\\Component\\Console\\Input\\ArgvInput), Object(Symfony\\Component\\Console\\Output\\ConsoleOutput))
#15 C:\\Code\\TrustCash\\vendor\\symfony\\console\\Application.php(342): Symfony\\Component\\Console\\Application->doRunCommand(Object(Laravel\\Tinker\\Console\\TinkerCommand), Object(Symfony\\Component\\Console\\Input\\ArgvInput), Object(Symfony\\Component\\Console\\Output\\ConsoleOutput))
#16 C:\\Code\\TrustCash\\vendor\\symfony\\console\\Application.php(193): Symfony\\Component\\Console\\Application->doRun(Object(Symfony\\Component\\Console\\Input\\ArgvInput), Object(Symfony\\Component\\Console\\Output\\ConsoleOutput))
#17 C:\\Code\\TrustCash\\vendor\\laravel\\framework\\src\\Illuminate\\Foundation\\Console\\Kernel.php(198): Symfony\\Component\\Console\\Application->run(Object(Symfony\\Component\\Console\\Input\\ArgvInput), Object(Symfony\\Component\\Console\\Output\\ConsoleOutput))
#18 C:\\Code\\TrustCash\\vendor\\laravel\\framework\\src\\Illuminate\\Foundation\\Application.php(1235): Illuminate\\Foundation\\Console\\Kernel->handle(Object(Symfony\\Component\\Console\\Input\\ArgvInput), Object(Symfony\\Component\\Console\\Output\\ConsoleOutput))
#19 C:\\Code\\TrustCash\\artisan(13): Illuminate\\Foundation\\Application->handleCommand(Object(Symfony\\Component\\Console\\Input\\ArgvInput))
#20 {main}
"} 
[2026-09-28 07:49:47] local.INFO: Date Range {"start_date":"2026-09-01","end_date":"2026-09-30"} 
[2026-09-28 07:49:50] local.INFO: Daily Transactions: {"2026-09-28":{"stdClass":{"date":"2026-09-28","fund_in":"0.00","payment_receive":"0.00","refund":"0.00","fund_out":"0.00","purchase":"0.00","expense":"0.00"}}} 
[2026-09-28 07:49:50] local.INFO: Extra Incomes:  
[2026-09-28 07:49:54] local.INFO: Daily Transactions: {"2026-09-28":{"stdClass":{"date":"2026-09-28","fund_in":"0.00","payment_receive":"0.00","refund":"0.00","fund_out":"0.00","purchase":"0.00","expense":"0.00"}}} 
[2026-09-28 07:49:54] local.INFO: Extra Incomes:  
[2026-09-28 08:01:06] local.INFO: Daily Transactions: {"2026-09-28":{"stdClass":{"date":"2026-09-28","fund_in":"50200.00","payment_receive":"0.00","refund":"0.00","fund_out":"5000.00","purchase":"0.00","expense":"0.00"}}} 
[2026-09-28 08:01:06] local.INFO: Extra Incomes:  
[2026-09-28 08:01:09] local.INFO: Date Range {"start_date":"2026-09-01","end_date":"2026-09-30"} 
[2026-09-28 08:01:59] local.INFO: Date Range {"start_date":"2026-09-01","end_date":"2026-09-30"} 
[2026-09-28 08:05:30] local.INFO: Date Range {"start_date":"2026-09-01","end_date":"2026-09-30"} 
[2026-09-28 08:05:30] local.INFO: Date Range {"start_date":"2026-09-01","end_date":"2026-09-30"} 
[2026-09-28 08:05:42] local.INFO: Date Range {"start_date":"2026-09-01","end_date":"2026-09-30"} 
[2026-09-28 08:07:48] local.INFO: POS Store Request: {"customer_id":null,"items":[{"product_id":1,"name":"Test product","sku":"TEST-2516","unit_price":100,"quantity":10,"max_stock":10,"image":"\/storage\/products\/48a62d83-e3d2-443c-9346-0a304d6fc6df.webp"}],"subtotal":1000,"discount":0,"total":1000,"paid":1000,"due":0,"bank_account_id":1,"note":null}  
[2026-09-28 08:07:48] local.INFO: Validation passed  
[2026-09-28 08:07:48] local.INFO: Transaction started  
[2026-09-28 08:07:48] local.INFO: Sale created with ID: 1  
[2026-09-28 08:07:48] local.INFO: Processing item 0: {"product_id":1,"name":"Test product","sku":"TEST-2516","unit_price":100,"quantity":10,"max_stock":10,"image":"\/storage\/products\/48a62d83-e3d2-443c-9346-0a304d6fc6df.webp"}  
[2026-09-28 08:07:48] local.INFO: Stock check: before=10.000000, after=0  
[2026-09-28 08:07:48] local.INFO: Sale item created for product ID: 1  
[2026-09-28 08:07:48] local.INFO: Product stock updated for product ID: 1  
[2026-09-28 08:07:48] local.INFO: Stock movement recorded for product ID: 1  
[2026-09-28 08:07:48] local.INFO: Processing payment of 1000 to bank account ID: 1  
[2026-09-28 08:07:48] local.INFO: Transaction committed successfully with invoice number: INV-20260928-0001  
[2026-09-28 08:08:38] local.INFO: Date Range {"start_date":"2026-09-01","end_date":"2026-09-30"} 
[2026-09-28 08:10:39] local.INFO: Date Range {"start_date":"2026-09-01","end_date":"2026-09-30"} 
[2026-09-28 08:25:08] local.INFO: Date Range {"start_date":"2026-09-01","end_date":"2026-09-30"} 
[2026-09-28 08:48:56] local.INFO: Date Range {"start_date":"2026-09-01","end_date":"2026-09-30"} 
[2026-09-28 08:58:05] local.ERROR: SQLSTATE[42S02]: Base table or view not found: 1146 Table 'tenantdokandaricombd.sale_payments' doesn't exist (Connection: tenant, SQL: select * from `sale_payments` where `sale_payments`.`sale_id` in (1) and `sale_payments`.`deleted_at` is null) {"userId":1,"exception":"[object] (Illuminate\\Database\\QueryException(code: 42S02): SQLSTATE[42S02]: Base table or view not found: 1146 Table 'tenantdokandaricombd.sale_payments' doesn't exist (Connection: tenant, SQL: select * from `sale_payments` where `sale_payments`.`sale_id` in (1) and `sale_payments`.`deleted_at` is null) at C:\\Code\\TrustCash\\vendor\\laravel\\framework\\src\\Illuminate\\Database\\Connection.php:825)
[stacktrace]
#0 C:\\Code\\TrustCash\\vendor\\laravel\\framework\\src\\Illuminate\\Database\\Connection.php(779): Illuminate\\Database\\Connection->runQueryCallback('select * from `...', Array, Object(Closure))
#1 C:\\Code\\TrustCash\\vendor\\laravel\\framework\\src\\Illuminate\\Database\\Connection.php(398): Illuminate\\Database\\Connection->run('select * from `...', Array, Object(Closure))
#2 C:\\Code\\TrustCash\\vendor\\laravel\\framework\\src\\Illuminate\\Database\\Query\\Builder.php(3106): Illuminate\\Database\\Connection->select('select * from `...', Array, true)
#3 C:\\Code\\TrustCash\\vendor\\laravel\\framework\\src\\Illuminate\\Database\\Query\\Builder.php(3091): Illuminate\\Database\\Query\\Builder->runSelect()
#4 C:\\Code\\TrustCash\\vendor\\laravel\\framework\\src\\Illuminate\\Database\\Query\\Builder.php(3676): Illuminate\\Database\\Query\\Builder->{closure:Illuminate\\Database\\Query\\Builder::get():3090}()
#5 C:\\Code\\TrustCash\\vendor\\laravel\\framework\\src\\Illuminate\\Database\\Query\\Builder.php(3090): Illuminate\\Database\\Query\\Builder->onceWithColumns(Array, Object(Closure))
#6 C:\\Code\\TrustCash\\vendor\\laravel\\framework\\src\\Illuminate\\Database\\Eloquent\\Builder.php(811): Illuminate\\Database\\Query\\Builder->get(Array)
#7 C:\\Code\\TrustCash\\vendor\\laravel\\framework\\src\\Illuminate\\Database\\Eloquent\\Builder.php(793): Illuminate\\Database\\Eloquent\\Builder->getModels(Array)
#8 C:\\Code\\TrustCash\\vendor\\laravel\\framework\\src\\Illuminate\\Database\\Eloquent\\Relations\\Relation.php(213): Illuminate\\Database\\Eloquent\\Builder->get(Array)
#9 C:\\Code\\TrustCash\\vendor\\laravel\\framework\\src\\Illuminate\\Database\\Eloquent\\Relations\\Relation.php(176): Illuminate\\Database\\Eloquent\\Relations\\Relation->get()
#10 C:\\Code\\TrustCash\\vendor\\laravel\\framework\\src\\Illuminate\\Database\\Eloquent\\Builder.php(859): Illuminate\\Database\\Eloquent\\Relations\\Relation->getEager()
#11 C:\\Code\\TrustCash\\vendor\\laravel\\framework\\src\\Illuminate\\Database\\Eloquent\\Builder.php(828): Illuminate\\Database\\Eloquent\\Builder->eagerLoadRelation(Array, 'salePayments', Object(Closure))
#12 C:\\Code\\TrustCash\\vendor\\laravel\\framework\\src\\Illuminate\\Database\\Eloquent\\Builder.php(794): Illuminate\\Database\\Eloquent\\Builder->eagerLoadRelations(Array)
#13 C:\\Code\\TrustCash\\app\\Http\\Controllers\\Admin\\SaleReportController.php(45): Illuminate\\Database\\Eloquent\\Builder->get()
#14 C:\\Code\\TrustCash\\vendor\\laravel\\framework\\src\\Illuminate\\Routing\\ControllerDispatcher.php(47): App\\Http\\Controllers\\Admin\\SaleReportController->index(Object(Illuminate\\Http\\Request))
#15 C:\\Code\\TrustCash\\vendor\\laravel\\framework\\src\\Illuminate\\Routing\\Route.php(266): Illuminate\\Routing\\ControllerDispatcher->dispatch(Object(Illuminate\\Routing\\Route), Object(App\\Http\\Controllers\\Admin\\SaleReportController), 'index')
#16 C:\\Code\\TrustCash\\vendor\\laravel\\framework\\src\\Illuminate\\Routing\\Route.php(212): Illuminate\\Routing\\Route->runController()
#17 C:\\Code\\TrustCash\\vendor\\laravel\\framework\\src\\Illuminate\\Routing\\Router.php(808): Illuminate\\Routing\\Route->run()
#18 C:\\Code\\TrustCash\\vendor\\laravel\\framework\\src\\Illuminate\\Pipeline\\Pipeline.php(170): Illuminate\\Routing\\Router->{closure:Illuminate\\Routing\\Router::runRouteWithinStack():807}(Object(Illuminate\\Http\\Request))
#19 C:\\Code\\TrustCash\\vendor\\laravel\\boost\\src\\Middleware\\InjectBoost.php(22): Illuminate\\Pipeline\\Pipeline->{closure:Illuminate\\Pipeline\\Pipeline::prepareDestination():168}(Object(Illuminate\\Http\\Request))
#20 C:\\Code\\TrustCash\\vendor\\laravel\\framework\\src\\Illuminate\\Pipeline\\Pipeline.php(209): Laravel\\Boost\\Middleware\\InjectBoost->handle(Object(Illuminate\\Http\\Request), Object(Closure))
#21 C:\\Code\\TrustCash\\vendor\\laravel\\framework\\src\\Illuminate\\Http\\Middleware\\AddLinkHeadersForPreloadedAssets.php(20): Illuminate\\Pipeline\\Pipeline->{closure:{closure:Illuminate\\Pipeline\\Pipeline::carry():184}:185}(Object(Illuminate\\Http\\Request))
#22 C:\\Code\\TrustCash\\vendor\\laravel\\framework\\src\\Illuminate\\Pipeline\\Pipeline.php(209): Illuminate\\Http\\Middleware\\AddLinkHeadersForPreloadedAssets->handle(Object(Illuminate\\Http\\Request), Object(Closure))
#23 C:\\Code\\TrustCash\\vendor\\inertiajs\\inertia-laravel\\src\\Middleware.php(86): Illuminate\\Pipeline\\Pipeline->{closure:{closure:Illuminate\\Pipeline\\Pipeline::carry():184}:185}(Object(Illuminate\\Http\\Request))
#24 C:\\Code\\TrustCash\\vendor\\laravel\\framework\\src\\Illuminate\\Pipeline\\Pipeline.php(209): Inertia\\Middleware->handle(Object(Illuminate\\Http\\Request), Object(Closure))
#25 C:\\Code\\TrustCash\\vendor\\laravel\\framework\\src\\Illuminate\\Routing\\Middleware\\SubstituteBindings.php(51): Illuminate\\Pipeline\\Pipeline->{closure:{closure:Illuminate\\Pipeline\\Pipeline::carry():184}:185}(Object(Illuminate\\Http\\Request))
#26 C:\\Code\\TrustCash\\vendor\\laravel\\framework\\src\\Illuminate\\Pipeline\\Pipeline.php(209): Illuminate\\Routing\\Middleware\\SubstituteBindings->handle(Object(Illuminate\\Http\\Request), Object(Closure))
#27 C:\\Code\\TrustCash\\vendor\\laravel\\framework\\src\\Illuminate\\Auth\\Middleware\\Authenticate.php(64): Illuminate\\Pipeline\\Pipeline->{closure:{closure:Illuminate\\Pipeline\\Pipeline::carry():184}:185}(Object(Illuminate\\Http\\Request))
#28 C:\\Code\\TrustCash\\vendor\\laravel\\framework\\src\\Illuminate\\Pipeline\\Pipeline.php(209): Illuminate\\Auth\\Middleware\\Authenticate->handle(Object(Illuminate\\Http\\Request), Object(Closure))
#29 C:\\Code\\TrustCash\\vendor\\laravel\\framework\\src\\Illuminate\\Foundation\\Http\\Middleware\\VerifyCsrfToken.php(88): Illuminate\\Pipeline\\Pipeline->{closure:{closure:Illuminate\\Pipeline\\Pipeline::carry():184}:185}(Object(Illuminate\\Http\\Request))
#30 C:\\Code\\TrustCash\\vendor\\laravel\\framework\\src\\Illuminate\\Pipeline\\Pipeline.php(209): Illuminate\\Foundation\\Http\\Middleware\\VerifyCsrfToken->handle(Object(Illuminate\\Http\\Request), Object(Closure))
#31 C:\\Code\\TrustCash\\vendor\\laravel\\framework\\src\\Illuminate\\View\\Middleware\\ShareErrorsFromSession.php(49): Illuminate\\Pipeline\\Pipeline->{closure:{closure:Illuminate\\Pipeline\\Pipeline::carry():184}:185}(Object(Illuminate\\Http\\Request))
#32 C:\\Code\\TrustCash\\vendor\\laravel\\framework\\src\\Illuminate\\Pipeline\\Pipeline.php(209): Illuminate\\View\\Middleware\\ShareErrorsFromSession->handle(Object(Illuminate\\Http\\Request), Object(Closure))
#33 C:\\Code\\TrustCash\\vendor\\laravel\\framework\\src\\Illuminate\\Session\\Middleware\\StartSession.php(121): Illuminate\\Pipeline\\Pipeline->{closure:{closure:Illuminate\\Pipeline\\Pipeline::carry():184}:185}(Object(Illuminate\\Http\\Request))
#34 C:\\Code\\TrustCash\\vendor\\laravel\\framework\\src\\Illuminate\\Session\\Middleware\\StartSession.php(64): Illuminate\\Session\\Middleware\\StartSession->handleStatefulRequest(Object(Illuminate\\Http\\Request), Object(Illuminate\\Session\\Store), Object(Closure))
#35 C:\\Code\\TrustCash\\vendor\\laravel\\framework\\src\\Illuminate\\Pipeline\\Pipeline.php(209): Illuminate\\Session\\Middleware\\StartSession->handle(Object(Illuminate\\Http\\Request), Object(Closure))
#36 C:\\Code\\TrustCash\\vendor\\laravel\\framework\\src\\Illuminate\\Cookie\\Middleware\\AddQueuedCookiesToResponse.php(37): Illuminate\\Pipeline\\Pipeline->{closure:{closure:Illuminate\\Pipeline\\Pipeline::carry():184}:185}(Object(Illuminate\\Http\\Request))
#37 C:\\Code\\TrustCash\\vendor\\laravel\\framework\\src\\Illuminate\\Pipeline\\Pipeline.php(209): Illuminate\\Cookie\\Middleware\\AddQueuedCookiesToResponse->handle(Object(Illuminate\\Http\\Request), Object(Closure))
#38 C:\\Code\\TrustCash\\vendor\\laravel\\framework\\src\\Illuminate\\Cookie\\Middleware\\EncryptCookies.php(75): Illuminate\\Pipeline\\Pipeline->{closure:{closure:Illuminate\\Pipeline\\Pipeline::carry():184}:185}(Object(Illuminate\\Http\\Request))
#39 C:\\Code\\TrustCash\\vendor\\laravel\\framework\\src\\Illuminate\\Pipeline\\Pipeline.php(209): Illuminate\\Cookie\\Middleware\\EncryptCookies->handle(Object(Illuminate\\Http\\Request), Object(Closure))
#40 C:\\Code\\TrustCash\\app\\Http\\Middleware\\InitializeTenancyIfTenantDomain.php(76): Illuminate\\Pipeline\\Pipeline->{closure:{closure:Illuminate\\Pipeline\\Pipeline::carry():184}:185}(Object(Illuminate\\Http\\Request))
#41 C:\\Code\\TrustCash\\vendor\\laravel\\framework\\src\\Illuminate\\Pipeline\\Pipeline.php(209): App\\Http\\Middleware\\InitializeTenancyIfTenantDomain->handle(Object(Illuminate\\Http\\Request), Object(Closure))
#42 C:\\Code\\TrustCash\\vendor\\laravel\\framework\\src\\Illuminate\\Pipeline\\Pipeline.php(127): Illuminate\\Pipeline\\Pipeline->{closure:{closure:Illuminate\\Pipeline\\Pipeline::carry():184}:185}(Object(Illuminate\\Http\\Request))
#43 C:\\Code\\TrustCash\\vendor\\laravel\\framework\\src\\Illuminate\\Routing\\Router.php(807): Illuminate\\Pipeline\\Pipeline->then(Object(Closure))
#44 C:\\Code\\TrustCash\\vendor\\laravel\\framework\\src\\Illuminate\\Routing\\Router.php(786): Illuminate\\Routing\\Router->runRouteWithinStack(Object(Illuminate\\Routing\\Route), Object(Illuminate\\Http\\Request))
#45 C:\\Code\\TrustCash\\vendor\\laravel\\framework\\src\\Illuminate\\Routing\\Router.php(750): Illuminate\\Routing\\Router->runRoute(Object(Illuminate\\Http\\Request), Object(Illuminate\\Routing\\Route))
#46 C:\\Code\\TrustCash\\vendor\\laravel\\framework\\src\\Illuminate\\Routing\\Router.php(739): Illuminate\\Routing\\Router->dispatchToRoute(Object(Illuminate\\Http\\Request))
#47 C:\\Code\\TrustCash\\vendor\\laravel\\framework\\src\\Illuminate\\Foundation\\Http\\Kernel.php(201): Illuminate\\Routing\\Router->dispatch(Object(Illuminate\\Http\\Request))
#48 C:\\Code\\TrustCash\\vendor\\laravel\\framework\\src\\Illuminate\\Pipeline\\Pipeline.php(170): Illuminate\\Foundation\\Http\\Kernel->{closure:Illuminate\\Foundation\\Http\\Kernel::dispatchToRouter():198}(Object(Illuminate\\Http\\Request))
#49 C:\\Code\\TrustCash\\vendor\\laravel\\framework\\src\\Illuminate\\Foundation\\Http\\Middleware\\TransformsRequest.php(21): Illuminate\\Pipeline\\Pipeline->{closure:Illuminate\\Pipeline\\Pipeline::prepareDestination():168}(Object(Illuminate\\Http\\Request))
#50 C:\\Code\\TrustCash\\vendor\\laravel\\framework\\src\\Illuminate\\Foundation\\Http\\Middleware\\ConvertEmptyStringsToNull.php(31): Illuminate\\Foundation\\Http\\Middleware\\TransformsRequest->handle(Object(Illuminate\\Http\\Request), Object(Closure))
#51 C:\\Code\\TrustCash\\vendor\\laravel\\framework\\src\\Illuminate\\Pipeline\\Pipeline.php(209): Illuminate\\Foundation\\Http\\Middleware\\ConvertEmptyStringsToNull->handle(Object(Illuminate\\Http\\Request), Object(Closure))
#52 C:\\Code\\TrustCash\\vendor\\laravel\\framework\\src\\Illuminate\\Foundation\\Http\\Middleware\\TransformsRequest.php(21): Illuminate\\Pipeline\\Pipeline->{closure:{closure:Illuminate\\Pipeline\\Pipeline::carry():184}:185}(Object(Illuminate\\Http\\Request))
#53 C:\\Code\\TrustCash\\vendor\\laravel\\framework\\src\\Illuminate\\Foundation\\Http\\Middleware\\TrimStrings.php(51): Illuminate\\Foundation\\Http\\Middleware\\TransformsRequest->handle(Object(Illuminate\\Http\\Request), Object(Closure))
#54 C:\\Code\\TrustCash\\vendor\\laravel\\framework\\src\\Illuminate\\Pipeline\\Pipeline.php(209): Illuminate\\Foundation\\Http\\Middleware\\TrimStrings->handle(Object(Illuminate\\Http\\Request), Object(Closure))
#55 C:\\Code\\TrustCash\\vendor\\laravel\\framework\\src\\Illuminate\\Http\\Middleware\\ValidatePostSize.php(27): Illuminate\\Pipeline\\Pipeline->{closure:{closure:Illuminate\\Pipeline\\Pipeline::carry():184}:185}(Object(Illuminate\\Http\\Request))
#56 C:\\Code\\TrustCash\\vendor\\laravel\\framework\\src\\Illuminate\\Pipeline\\Pipeline.php(209): Illuminate\\Http\\Middleware\\ValidatePostSize->handle(Object(Illuminate\\Http\\Request), Object(Closure))
#57 C:\\Code\\TrustCash\\vendor\\laravel\\framework\\src\\Illuminate\\Foundation\\Http\\Middleware\\PreventRequestsDuringMaintenance.php(110): Illuminate\\Pipeline\\Pipeline->{closure:{closure:Illuminate\\Pipeline\\Pipeline::carry():184}:185}(Object(Illuminate\\Http\\Request))
#58 C:\\Code\\TrustCash\\vendor\\laravel\\framework\\src\\Illuminate\\Pipeline\\Pipeline.php(209): Illuminate\\Foundation\\Http\\Middleware\\PreventRequestsDuringMaintenance->handle(Object(Illuminate\\Http\\Request), Object(Closure))
#59 C:\\Code\\TrustCash\\vendor\\laravel\\framework\\src\\Illuminate\\Http\\Middleware\\HandleCors.php(49): Illuminate\\Pipeline\\Pipeline->{closure:{closure:Illuminate\\Pipeline\\Pipeline::carry():184}:185}(Object(Illuminate\\Http\\Request))
#60 C:\\Code\\TrustCash\\vendor\\laravel\\framework\\src\\Illuminate\\Pipeline\\Pipeline.php(209): Illuminate\\Http\\Middleware\\HandleCors->handle(Object(Illuminate\\Http\\Request), Object(Closure))
#61 C:\\Code\\TrustCash\\vendor\\laravel\\framework\\src\\Illuminate\\Http\\Middleware\\TrustProxies.php(58): Illuminate\\Pipeline\\Pipeline->{closure:{closure:Illuminate\\Pipeline\\Pipeline::carry():184}:185}(Object(Illuminate\\Http\\Request))
#62 C:\\Code\\TrustCash\\vendor\\laravel\\framework\\src\\Illuminate\\Pipeline\\Pipeline.php(209): Illuminate\\Http\\Middleware\\TrustProxies->handle(Object(Illuminate\\Http\\Request), Object(Closure))
#63 C:\\Code\\TrustCash\\vendor\\laravel\\framework\\src\\Illuminate\\Foundation\\Http\\Middleware\\InvokeDeferredCallbacks.php(22): Illuminate\\Pipeline\\Pipeline->{closure:{closure:Illuminate\\Pipeline\\Pipeline::carry():184}:185}(Object(Illuminate\\Http\\Request))
#64 C:\\Code\\TrustCash\\vendor\\laravel\\framework\\src\\Illuminate\\Pipeline\\Pipeline.php(209): Illuminate\\Foundation\\Http\\Middleware\\InvokeDeferredCallbacks->handle(Object(Illuminate\\Http\\Request), Object(Closure))
#65 C:\\Code\\TrustCash\\vendor\\laravel\\framework\\src\\Illuminate\\Pipeline\\Pipeline.php(127): Illuminate\\Pipeline\\Pipeline->{closure:{closure:Illuminate\\Pipeline\\Pipeline::carry():184}:185}(Object(Illuminate\\Http\\Request))
#66 C:\\Code\\TrustCash\\vendor\\laravel\\framework\\src\\Illuminate\\Foundation\\Http\\Kernel.php(176): Illuminate\\Pipeline\\Pipeline->then(Object(Closure))
#67 C:\\Code\\TrustCash\\vendor\\laravel\\framework\\src\\Illuminate\\Foundation\\Http\\Kernel.php(145): Illuminate\\Foundation\\Http\\Kernel->sendRequestThroughRouter(Object(Illuminate\\Http\\Request))
#68 C:\\Code\\TrustCash\\vendor\\laravel\\framework\\src\\Illuminate\\Foundation\\Application.php(1220): Illuminate\\Foundation\\Http\\Kernel->handle(Object(Illuminate\\Http\\Request))
#69 C:\\Code\\TrustCash\\public\\index.php(17): Illuminate\\Foundation\\Application->handleRequest(Object(Illuminate\\Http\\Request))
#70 C:\\Code\\TrustCash\\vendor\\laravel\\framework\\src\\Illuminate\\Foundation\\resources\\server.php(23): require_once('C:\\\\Code\\\\TrustCa...')
#71 {main}

[previous exception] [object] (PDOException(code: 42S02): SQLSTATE[42S02]: Base table or view not found: 1146 Table 'tenantdokandaricombd.sale_payments' doesn't exist at C:\\Code\\TrustCash\\vendor\\laravel\\framework\\src\\Illuminate\\Database\\Connection.php:407)
[stacktrace]
#0 C:\\Code\\TrustCash\\vendor\\laravel\\framework\\src\\Illuminate\\Database\\Connection.php(407): PDO->prepare('select * from `...')
#1 C:\\Code\\TrustCash\\vendor\\laravel\\framework\\src\\Illuminate\\Database\\Connection.php(812): Illuminate\\Database\\Connection->{closure:Illuminate\\Database\\Connection::select():398}('select * from `...', Array)
#2 C:\\Code\\TrustCash\\vendor\\laravel\\framework\\src\\Illuminate\\Database\\Connection.php(779): Illuminate\\Database\\Connection->runQueryCallback('select * from `...', Array, Object(Closure))
#3 C:\\Code\\TrustCash\\vendor\\laravel\\framework\\src\\Illuminate\\Database\\Connection.php(398): Illuminate\\Database\\Connection->run('select * from `...', Array, Object(Closure))
#4 C:\\Code\\TrustCash\\vendor\\laravel\\framework\\src\\Illuminate\\Database\\Query\\Builder.php(3106): Illuminate\\Database\\Connection->select('select * from `...', Array, true)
#5 C:\\Code\\TrustCash\\vendor\\laravel\\framework\\src\\Illuminate\\Database\\Query\\Builder.php(3091): Illuminate\\Database\\Query\\Builder->runSelect()
#6 C:\\Code\\TrustCash\\vendor\\laravel\\framework\\src\\Illuminate\\Database\\Query\\Builder.php(3676): Illuminate\\Database\\Query\\Builder->{closure:Illuminate\\Database\\Query\\Builder::get():3090}()
#7 C:\\Code\\TrustCash\\vendor\\laravel\\framework\\src\\Illuminate\\Database\\Query\\Builder.php(3090): Illuminate\\Database\\Query\\Builder->onceWithColumns(Array, Object(Closure))
#8 C:\\Code\\TrustCash\\vendor\\laravel\\framework\\src\\Illuminate\\Database\\Eloquent\\Builder.php(811): Illuminate\\Database\\Query\\Builder->get(Array)
#9 C:\\Code\\TrustCash\\vendor\\laravel\\framework\\src\\Illuminate\\Database\\Eloquent\\Builder.php(793): Illuminate\\Database\\Eloquent\\Builder->getModels(Array)
#10 C:\\Code\\TrustCash\\vendor\\laravel\\framework\\src\\Illuminate\\Database\\Eloquent\\Relations\\Relation.php(213): Illuminate\\Database\\Eloquent\\Builder->get(Array)
#11 C:\\Code\\TrustCash\\vendor\\laravel\\framework\\src\\Illuminate\\Database\\Eloquent\\Relations\\Relation.php(176): Illuminate\\Database\\Eloquent\\Relations\\Relation->get()
#12 C:\\Code\\TrustCash\\vendor\\laravel\\framework\\src\\Illuminate\\Database\\Eloquent\\Builder.php(859): Illuminate\\Database\\Eloquent\\Relations\\Relation->getEager()
#13 C:\\Code\\TrustCash\\vendor\\laravel\\framework\\src\\Illuminate\\Database\\Eloquent\\Builder.php(828): Illuminate\\Database\\Eloquent\\Builder->eagerLoadRelation(Array, 'salePayments', Object(Closure))
#14 C:\\Code\\TrustCash\\vendor\\laravel\\framework\\src\\Illuminate\\Database\\Eloquent\\Builder.php(794): Illuminate\\Database\\Eloquent\\Builder->eagerLoadRelations(Array)
#15 C:\\Code\\TrustCash\\app\\Http\\Controllers\\Admin\\SaleReportController.php(45): Illuminate\\Database\\Eloquent\\Builder->get()
#16 C:\\Code\\TrustCash\\vendor\\laravel\\framework\\src\\Illuminate\\Routing\\ControllerDispatcher.php(47): App\\Http\\Controllers\\Admin\\SaleReportController->index(Object(Illuminate\\Http\\Request))
#17 C:\\Code\\TrustCash\\vendor\\laravel\\framework\\src\\Illuminate\\Routing\\Route.php(266): Illuminate\\Routing\\ControllerDispatcher->dispatch(Object(Illuminate\\Routing\\Route), Object(App\\Http\\Controllers\\Admin\\SaleReportController), 'index')
#18 C:\\Code\\TrustCash\\vendor\\laravel\\framework\\src\\Illuminate\\Routing\\Route.php(212): Illuminate\\Routing\\Route->runController()
#19 C:\\Code\\TrustCash\\vendor\\laravel\\framework\\src\\Illuminate\\Routing\\Router.php(808): Illuminate\\Routing\\Route->run()
#20 C:\\Code\\TrustCash\\vendor\\laravel\\framework\\src\\Illuminate\\Pipeline\\Pipeline.php(170): Illuminate\\Routing\\Router->{closure:Illuminate\\Routing\\Router::runRouteWithinStack():807}(Object(Illuminate\\Http\\Request))
#21 C:\\Code\\TrustCash\\vendor\\laravel\\boost\\src\\Middleware\\InjectBoost.php(22): Illuminate\\Pipeline\\Pipeline->{closure:Illuminate\\Pipeline\\Pipeline::prepareDestination():168}(Object(Illuminate\\Http\\Request))
#22 C:\\Code\\TrustCash\\vendor\\laravel\\framework\\src\\Illuminate\\Pipeline\\Pipeline.php(209): Laravel\\Boost\\Middleware\\InjectBoost->handle(Object(Illuminate\\Http\\Request), Object(Closure))
#23 C:\\Code\\TrustCash\\vendor\\laravel\\framework\\src\\Illuminate\\Http\\Middleware\\AddLinkHeadersForPreloadedAssets.php(20): Illuminate\\Pipeline\\Pipeline->{closure:{closure:Illuminate\\Pipeline\\Pipeline::carry():184}:185}(Object(Illuminate\\Http\\Request))
#24 C:\\Code\\TrustCash\\vendor\\laravel\\framework\\src\\Illuminate\\Pipeline\\Pipeline.php(209): Illuminate\\Http\\Middleware\\AddLinkHeadersForPreloadedAssets->handle(Object(Illuminate\\Http\\Request), Object(Closure))
#25 C:\\Code\\TrustCash\\vendor\\inertiajs\\inertia-laravel\\src\\Middleware.php(86): Illuminate\\Pipeline\\Pipeline->{closure:{closure:Illuminate\\Pipeline\\Pipeline::carry():184}:185}(Object(Illuminate\\Http\\Request))
#26 C:\\Code\\TrustCash\\vendor\\laravel\\framework\\src\\Illuminate\\Pipeline\\Pipeline.php(209): Inertia\\Middleware->handle(Object(Illuminate\\Http\\Request), Object(Closure))
#27 C:\\Code\\TrustCash\\vendor\\laravel\\framework\\src\\Illuminate\\Routing\\Middleware\\SubstituteBindings.php(51): Illuminate\\Pipeline\\Pipeline->{closure:{closure:Illuminate\\Pipeline\\Pipeline::carry():184}:185}(Object(Illuminate\\Http\\Request))
#28 C:\\Code\\TrustCash\\vendor\\laravel\\framework\\src\\Illuminate\\Pipeline\\Pipeline.php(209): Illuminate\\Routing\\Middleware\\SubstituteBindings->handle(Object(Illuminate\\Http\\Request), Object(Closure))
#29 C:\\Code\\TrustCash\\vendor\\laravel\\framework\\src\\Illuminate\\Auth\\Middleware\\Authenticate.php(64): Illuminate\\Pipeline\\Pipeline->{closure:{closure:Illuminate\\Pipeline\\Pipeline::carry():184}:185}(Object(Illuminate\\Http\\Request))
#30 C:\\Code\\TrustCash\\vendor\\laravel\\framework\\src\\Illuminate\\Pipeline\\Pipeline.php(209): Illuminate\\Auth\\Middleware\\Authenticate->handle(Object(Illuminate\\Http\\Request), Object(Closure))
#31 C:\\Code\\TrustCash\\vendor\\laravel\\framework\\src\\Illuminate\\Foundation\\Http\\Middleware\\VerifyCsrfToken.php(88): Illuminate\\Pipeline\\Pipeline->{closure:{closure:Illuminate\\Pipeline\\Pipeline::carry():184}:185}(Object(Illuminate\\Http\\Request))
#32 C:\\Code\\TrustCash\\vendor\\laravel\\framework\\src\\Illuminate\\Pipeline\\Pipeline.php(209): Illuminate\\Foundation\\Http\\Middleware\\VerifyCsrfToken->handle(Object(Illuminate\\Http\\Request), Object(Closure))
#33 C:\\Code\\TrustCash\\vendor\\laravel\\framework\\src\\Illuminate\\View\\Middleware\\ShareErrorsFromSession.php(49): Illuminate\\Pipeline\\Pipeline->{closure:{closure:Illuminate\\Pipeline\\Pipeline::carry():184}:185}(Object(Illuminate\\Http\\Request))
#34 C:\\Code\\TrustCash\\vendor\\laravel\\framework\\src\\Illuminate\\Pipeline\\Pipeline.php(209): Illuminate\\View\\Middleware\\ShareErrorsFromSession->handle(Object(Illuminate\\Http\\Request), Object(Closure))
#35 C:\\Code\\TrustCash\\vendor\\laravel\\framework\\src\\Illuminate\\Session\\Middleware\\StartSession.php(121): Illuminate\\Pipeline\\Pipeline->{closure:{closure:Illuminate\\Pipeline\\Pipeline::carry():184}:185}(Object(Illuminate\\Http\\Request))
#36 C:\\Code\\TrustCash\\vendor\\laravel\\framework\\src\\Illuminate\\Session\\Middleware\\StartSession.php(64): Illuminate\\Session\\Middleware\\StartSession->handleStatefulRequest(Object(Illuminate\\Http\\Request), Object(Illuminate\\Session\\Store), Object(Closure))
#37 C:\\Code\\TrustCash\\vendor\\laravel\\framework\\src\\Illuminate\\Pipeline\\Pipeline.php(209): Illuminate\\Session\\Middleware\\StartSession->handle(Object(Illuminate\\Http\\Request), Object(Closure))
#38 C:\\Code\\TrustCash\\vendor\\laravel\\framework\\src\\Illuminate\\Cookie\\Middleware\\AddQueuedCookiesToResponse.php(37): Illuminate\\Pipeline\\Pipeline->{closure:{closure:Illuminate\\Pipeline\\Pipeline::carry():184}:185}(Object(Illuminate\\Http\\Request))
#39 C:\\Code\\TrustCash\\vendor\\laravel\\framework\\src\\Illuminate\\Pipeline\\Pipeline.php(209): Illuminate\\Cookie\\Middleware\\AddQueuedCookiesToResponse->handle(Object(Illuminate\\Http\\Request), Object(Closure))
#40 C:\\Code\\TrustCash\\vendor\\laravel\\framework\\src\\Illuminate\\Cookie\\Middleware\\EncryptCookies.php(75): Illuminate\\Pipeline\\Pipeline->{closure:{closure:Illuminate\\Pipeline\\Pipeline::carry():184}:185}(Object(Illuminate\\Http\\Request))
#41 C:\\Code\\TrustCash\\vendor\\laravel\\framework\\src\\Illuminate\\Pipeline\\Pipeline.php(209): Illuminate\\Cookie\\Middleware\\EncryptCookies->handle(Object(Illuminate\\Http\\Request), Object(Closure))
#42 C:\\Code\\TrustCash\\app\\Http\\Middleware\\InitializeTenancyIfTenantDomain.php(76): Illuminate\\Pipeline\\Pipeline->{closure:{closure:Illuminate\\Pipeline\\Pipeline::carry():184}:185}(Object(Illuminate\\Http\\Request))
#43 C:\\Code\\TrustCash\\vendor\\laravel\\framework\\src\\Illuminate\\Pipeline\\Pipeline.php(209): App\\Http\\Middleware\\InitializeTenancyIfTenantDomain->handle(Object(Illuminate\\Http\\Request), Object(Closure))
#44 C:\\Code\\TrustCash\\vendor\\laravel\\framework\\src\\Illuminate\\Pipeline\\Pipeline.php(127): Illuminate\\Pipeline\\Pipeline->{closure:{closure:Illuminate\\Pipeline\\Pipeline::carry():184}:185}(Object(Illuminate\\Http\\Request))
#45 C:\\Code\\TrustCash\\vendor\\laravel\\framework\\src\\Illuminate\\Routing\\Router.php(807): Illuminate\\Pipeline\\Pipeline->then(Object(Closure))
#46 C:\\Code\\TrustCash\\vendor\\laravel\\framework\\src\\Illuminate\\Routing\\Router.php(786): Illuminate\\Routing\\Router->runRouteWithinStack(Object(Illuminate\\Routing\\Route), Object(Illuminate\\Http\\Request))
#47 C:\\Code\\TrustCash\\vendor\\laravel\\framework\\src\\Illuminate\\Routing\\Router.php(750): Illuminate\\Routing\\Router->runRoute(Object(Illuminate\\Http\\Request), Object(Illuminate\\Routing\\Route))
#48 C:\\Code\\TrustCash\\vendor\\laravel\\framework\\src\\Illuminate\\Routing\\Router.php(739): Illuminate\\Routing\\Router->dispatchToRoute(Object(Illuminate\\Http\\Request))
#49 C:\\Code\\TrustCash\\vendor\\laravel\\framework\\src\\Illuminate\\Foundation\\Http\\Kernel.php(201): Illuminate\\Routing\\Router->dispatch(Object(Illuminate\\Http\\Request))
#50 C:\\Code\\TrustCash\\vendor\\laravel\\framework\\src\\Illuminate\\Pipeline\\Pipeline.php(170): Illuminate\\Foundation\\Http\\Kernel->{closure:Illuminate\\Foundation\\Http\\Kernel::dispatchToRouter():198}(Object(Illuminate\\Http\\Request))
#51 C:\\Code\\TrustCash\\vendor\\laravel\\framework\\src\\Illuminate\\Foundation\\Http\\Middleware\\TransformsRequest.php(21): Illuminate\\Pipeline\\Pipeline->{closure:Illuminate\\Pipeline\\Pipeline::prepareDestination():168}(Object(Illuminate\\Http\\Request))
#52 C:\\Code\\TrustCash\\vendor\\laravel\\framework\\src\\Illuminate\\Foundation\\Http\\Middleware\\ConvertEmptyStringsToNull.php(31): Illuminate\\Foundation\\Http\\Middleware\\TransformsRequest->handle(Object(Illuminate\\Http\\Request), Object(Closure))
#53 C:\\Code\\TrustCash\\vendor\\laravel\\framework\\src\\Illuminate\\Pipeline\\Pipeline.php(209): Illuminate\\Foundation\\Http\\Middleware\\ConvertEmptyStringsToNull->handle(Object(Illuminate\\Http\\Request), Object(Closure))
#54 C:\\Code\\TrustCash\\vendor\\laravel\\framework\\src\\Illuminate\\Foundation\\Http\\Middleware\\TransformsRequest.php(21): Illuminate\\Pipeline\\Pipeline->{closure:{closure:Illuminate\\Pipeline\\Pipeline::carry():184}:185}(Object(Illuminate\\Http\\Request))
#55 C:\\Code\\TrustCash\\vendor\\laravel\\framework\\src\\Illuminate\\Foundation\\Http\\Middleware\\TrimStrings.php(51): Illuminate\\Foundation\\Http\\Middleware\\TransformsRequest->handle(Object(Illuminate\\Http\\Request), Object(Closure))
#56 C:\\Code\\TrustCash\\vendor\\laravel\\framework\\src\\Illuminate\\Pipeline\\Pipeline.php(209): Illuminate\\Foundation\\Http\\Middleware\\TrimStrings->handle(Object(Illuminate\\Http\\Request), Object(Closure))
#57 C:\\Code\\TrustCash\\vendor\\laravel\\framework\\src\\Illuminate\\Http\\Middleware\\ValidatePostSize.php(27): Illuminate\\Pipeline\\Pipeline->{closure:{closure:Illuminate\\Pipeline\\Pipeline::carry():184}:185}(Object(Illuminate\\Http\\Request))
#58 C:\\Code\\TrustCash\\vendor\\laravel\\framework\\src\\Illuminate\\Pipeline\\Pipeline.php(209): Illuminate\\Http\\Middleware\\ValidatePostSize->handle(Object(Illuminate\\Http\\Request), Object(Closure))
#59 C:\\Code\\TrustCash\\vendor\\laravel\\framework\\src\\Illuminate\\Foundation\\Http\\Middleware\\PreventRequestsDuringMaintenance.php(110): Illuminate\\Pipeline\\Pipeline->{closure:{closure:Illuminate\\Pipeline\\Pipeline::carry():184}:185}(Object(Illuminate\\Http\\Request))
#60 C:\\Code\\TrustCash\\vendor\\laravel\\framework\\src\\Illuminate\\Pipeline\\Pipeline.php(209): Illuminate\\Foundation\\Http\\Middleware\\PreventRequestsDuringMaintenance->handle(Object(Illuminate\\Http\\Request), Object(Closure))
#61 C:\\Code\\TrustCash\\vendor\\laravel\\framework\\src\\Illuminate\\Http\\Middleware\\HandleCors.php(49): Illuminate\\Pipeline\\Pipeline->{closure:{closure:Illuminate\\Pipeline\\Pipeline::carry():184}:185}(Object(Illuminate\\Http\\Request))
#62 C:\\Code\\TrustCash\\vendor\\laravel\\framework\\src\\Illuminate\\Pipeline\\Pipeline.php(209): Illuminate\\Http\\Middleware\\HandleCors->handle(Object(Illuminate\\Http\\Request), Object(Closure))
#63 C:\\Code\\TrustCash\\vendor\\laravel\\framework\\src\\Illuminate\\Http\\Middleware\\TrustProxies.php(58): Illuminate\\Pipeline\\Pipeline->{closure:{closure:Illuminate\\Pipeline\\Pipeline::carry():184}:185}(Object(Illuminate\\Http\\Request))
#64 C:\\Code\\TrustCash\\vendor\\laravel\\framework\\src\\Illuminate\\Pipeline\\Pipeline.php(209): Illuminate\\Http\\Middleware\\TrustProxies->handle(Object(Illuminate\\Http\\Request), Object(Closure))
#65 C:\\Code\\TrustCash\\vendor\\laravel\\framework\\src\\Illuminate\\Foundation\\Http\\Middleware\\InvokeDeferredCallbacks.php(22): Illuminate\\Pipeline\\Pipeline->{closure:{closure:Illuminate\\Pipeline\\Pipeline::carry():184}:185}(Object(Illuminate\\Http\\Request))
#66 C:\\Code\\TrustCash\\vendor\\laravel\\framework\\src\\Illuminate\\Pipeline\\Pipeline.php(209): Illuminate\\Foundation\\Http\\Middleware\\InvokeDeferredCallbacks->handle(Object(Illuminate\\Http\\Request), Object(Closure))
#67 C:\\Code\\TrustCash\\vendor\\laravel\\framework\\src\\Illuminate\\Pipeline\\Pipeline.php(127): Illuminate\\Pipeline\\Pipeline->{closure:{closure:Illuminate\\Pipeline\\Pipeline::carry():184}:185}(Object(Illuminate\\Http\\Request))
#68 C:\\Code\\TrustCash\\vendor\\laravel\\framework\\src\\Illuminate\\Foundation\\Http\\Kernel.php(176): Illuminate\\Pipeline\\Pipeline->then(Object(Closure))
#69 C:\\Code\\TrustCash\\vendor\\laravel\\framework\\src\\Illuminate\\Foundation\\Http\\Kernel.php(145): Illuminate\\Foundation\\Http\\Kernel->sendRequestThroughRouter(Object(Illuminate\\Http\\Request))
#70 C:\\Code\\TrustCash\\vendor\\laravel\\framework\\src\\Illuminate\\Foundation\\Application.php(1220): Illuminate\\Foundation\\Http\\Kernel->handle(Object(Illuminate\\Http\\Request))
#71 C:\\Code\\TrustCash\\public\\index.php(17): Illuminate\\Foundation\\Application->handleRequest(Object(Illuminate\\Http\\Request))
#72 C:\\Code\\TrustCash\\vendor\\laravel\\framework\\src\\Illuminate\\Foundation\\resources\\server.php(23): require_once('C:\\\\Code\\\\TrustCa...')
#73 {main}
"} 
[2026-09-28 08:58:07] local.INFO: Daily Transactions: {"2026-09-28":{"stdClass":{"date":"2026-09-28","fund_in":"50200.00","payment_receive":"1000.00","refund":"0.00","fund_out":"5000.00","purchase":"0.00","expense":"0.00"}}} 
[2026-09-28 08:58:07] local.INFO: Extra Incomes:  
[2026-09-28 08:58:22] local.INFO: Date Range {"start_date":"2026-09-01","end_date":"2026-09-30"} 
[2026-09-28 08:58:42] local.INFO: Date Range {"start_date":"2026-09-01","end_date":"2026-09-30"} 
[2026-09-28 09:05:22] local.ERROR: PHP Parse error: Syntax error, unexpected T_NS_SEPARATOR on line 3 {"exception":"[object] (Psy\\Exception\\ParseErrorException(code: 0): PHP Parse error: Syntax error, unexpected T_NS_SEPARATOR on line 3 at C:\\Code\\TrustCash\\vendor\\psy\\psysh\\src\\Exception\\ParseErrorException.php:44)
[stacktrace]
#0 C:\\Code\\TrustCash\\vendor\\psy\\psysh\\src\\CodeCleaner.php(306): Psy\\Exception\\ParseErrorException::fromParseError(Object(PhpParser\\Error))
#1 C:\\Code\\TrustCash\\vendor\\psy\\psysh\\src\\CodeCleaner.php(240): Psy\\CodeCleaner->parse('<?php \\ntenancy(...', false)
#2 C:\\Code\\TrustCash\\vendor\\psy\\psysh\\src\\Shell.php(852): Psy\\CodeCleaner->clean(Array, false)
#3 C:\\Code\\TrustCash\\vendor\\psy\\psysh\\src\\Shell.php(881): Psy\\Shell->addCode('\\ntenancy()->ini...', true)
#4 C:\\Code\\TrustCash\\vendor\\psy\\psysh\\src\\Shell.php(1390): Psy\\Shell->setCode('\\ntenancy()->ini...', true)
#5 C:\\Code\\TrustCash\\vendor\\laravel\\tinker\\src\\Console\\TinkerCommand.php(76): Psy\\Shell->execute('\\ntenancy()->ini...')
#6 C:\\Code\\TrustCash\\vendor\\laravel\\framework\\src\\Illuminate\\Container\\BoundMethod.php(36): Laravel\\Tinker\\Console\\TinkerCommand->handle()
#7 C:\\Code\\TrustCash\\vendor\\laravel\\framework\\src\\Illuminate\\Container\\Util.php(43): Illuminate\\Container\\BoundMethod::{closure:Illuminate\\Container\\BoundMethod::call():35}()
#8 C:\\Code\\TrustCash\\vendor\\laravel\\framework\\src\\Illuminate\\Container\\BoundMethod.php(95): Illuminate\\Container\\Util::unwrapIfClosure(Object(Closure))
#9 C:\\Code\\TrustCash\\vendor\\laravel\\framework\\src\\Illuminate\\Container\\BoundMethod.php(35): Illuminate\\Container\\BoundMethod::callBoundMethod(Object(Illuminate\\Foundation\\Application), Array, Object(Closure))
#10 C:\\Code\\TrustCash\\vendor\\laravel\\framework\\src\\Illuminate\\Container\\Container.php(696): Illuminate\\Container\\BoundMethod::call(Object(Illuminate\\Foundation\\Application), Array, Array, NULL)
#11 C:\\Code\\TrustCash\\vendor\\laravel\\framework\\src\\Illuminate\\Console\\Command.php(213): Illuminate\\Container\\Container->call(Array)
#12 C:\\Code\\TrustCash\\vendor\\symfony\\console\\Command\\Command.php(279): Illuminate\\Console\\Command->execute(Object(Symfony\\Component\\Console\\Input\\ArgvInput), Object(Illuminate\\Console\\OutputStyle))
#13 C:\\Code\\TrustCash\\vendor\\laravel\\framework\\src\\Illuminate\\Console\\Command.php(182): Symfony\\Component\\Console\\Command\\Command->run(Object(Symfony\\Component\\Console\\Input\\ArgvInput), Object(Illuminate\\Console\\OutputStyle))
#14 C:\\Code\\TrustCash\\vendor\\symfony\\console\\Application.php(1094): Illuminate\\Console\\Command->run(Object(Symfony\\Component\\Console\\Input\\ArgvInput), Object(Symfony\\Component\\Console\\Output\\ConsoleOutput))
#15 C:\\Code\\TrustCash\\vendor\\symfony\\console\\Application.php(342): Symfony\\Component\\Console\\Application->doRunCommand(Object(Laravel\\Tinker\\Console\\TinkerCommand), Object(Symfony\\Component\\Console\\Input\\ArgvInput), Object(Symfony\\Component\\Console\\Output\\ConsoleOutput))
#16 C:\\Code\\TrustCash\\vendor\\symfony\\console\\Application.php(193): Symfony\\Component\\Console\\Application->doRun(Object(Symfony\\Component\\Console\\Input\\ArgvInput), Object(Symfony\\Component\\Console\\Output\\ConsoleOutput))
#17 C:\\Code\\TrustCash\\vendor\\laravel\\framework\\src\\Illuminate\\Foundation\\Console\\Kernel.php(198): Symfony\\Component\\Console\\Application->run(Object(Symfony\\Component\\Console\\Input\\ArgvInput), Object(Symfony\\Component\\Console\\Output\\ConsoleOutput))
#18 C:\\Code\\TrustCash\\vendor\\laravel\\framework\\src\\Illuminate\\Foundation\\Application.php(1235): Illuminate\\Foundation\\Console\\Kernel->handle(Object(Symfony\\Component\\Console\\Input\\ArgvInput), Object(Symfony\\Component\\Console\\Output\\ConsoleOutput))
#19 C:\\Code\\TrustCash\\artisan(13): Illuminate\\Foundation\\Application->handleCommand(Object(Symfony\\Component\\Console\\Input\\ArgvInput))
#20 {main}
"} 
[2026-09-28 09:27:08] local.INFO: Daily Transactions: {"2026-09-28":{"stdClass":{"date":"2026-09-28","fund_in":"50200.00","payment_receive":"1000.00","refund":"0.00","fund_out":"5000.00","purchase":"500.00","expense":"0.00"}}} 
[2026-09-28 09:27:08] local.INFO: Extra Incomes:  
[2026-09-28 09:29:54] local.ERROR: PHP Parse error: Syntax error, unexpected T_NS_SEPARATOR on line 3 {"exception":"[object] (Psy\\Exception\\ParseErrorException(code: 0): PHP Parse error: Syntax error, unexpected T_NS_SEPARATOR on line 3 at C:\\Code\\TrustCash\\vendor\\psy\\psysh\\src\\Exception\\ParseErrorException.php:44)
[stacktrace]
#0 C:\\Code\\TrustCash\\vendor\\psy\\psysh\\src\\CodeCleaner.php(306): Psy\\Exception\\ParseErrorException::fromParseError(Object(PhpParser\\Error))
#1 C:\\Code\\TrustCash\\vendor\\psy\\psysh\\src\\CodeCleaner.php(240): Psy\\CodeCleaner->parse('<?php \\ntenancy(...', false)
#2 C:\\Code\\TrustCash\\vendor\\psy\\psysh\\src\\Shell.php(852): Psy\\CodeCleaner->clean(Array, false)
#3 C:\\Code\\TrustCash\\vendor\\psy\\psysh\\src\\Shell.php(881): Psy\\Shell->addCode('\\ntenancy()->ini...', true)
#4 C:\\Code\\TrustCash\\vendor\\psy\\psysh\\src\\Shell.php(1390): Psy\\Shell->setCode('\\ntenancy()->ini...', true)
#5 C:\\Code\\TrustCash\\vendor\\laravel\\tinker\\src\\Console\\TinkerCommand.php(76): Psy\\Shell->execute('\\ntenancy()->ini...')
#6 C:\\Code\\TrustCash\\vendor\\laravel\\framework\\src\\Illuminate\\Container\\BoundMethod.php(36): Laravel\\Tinker\\Console\\TinkerCommand->handle()
#7 C:\\Code\\TrustCash\\vendor\\laravel\\framework\\src\\Illuminate\\Container\\Util.php(43): Illuminate\\Container\\BoundMethod::{closure:Illuminate\\Container\\BoundMethod::call():35}()
#8 C:\\Code\\TrustCash\\vendor\\laravel\\framework\\src\\Illuminate\\Container\\BoundMethod.php(95): Illuminate\\Container\\Util::unwrapIfClosure(Object(Closure))
#9 C:\\Code\\TrustCash\\vendor\\laravel\\framework\\src\\Illuminate\\Container\\BoundMethod.php(35): Illuminate\\Container\\BoundMethod::callBoundMethod(Object(Illuminate\\Foundation\\Application), Array, Object(Closure))
#10 C:\\Code\\TrustCash\\vendor\\laravel\\framework\\src\\Illuminate\\Container\\Container.php(696): Illuminate\\Container\\BoundMethod::call(Object(Illuminate\\Foundation\\Application), Array, Array, NULL)
#11 C:\\Code\\TrustCash\\vendor\\laravel\\framework\\src\\Illuminate\\Console\\Command.php(213): Illuminate\\Container\\Container->call(Array)
#12 C:\\Code\\TrustCash\\vendor\\symfony\\console\\Command\\Command.php(279): Illuminate\\Console\\Command->execute(Object(Symfony\\Component\\Console\\Input\\ArgvInput), Object(Illuminate\\Console\\OutputStyle))
#13 C:\\Code\\TrustCash\\vendor\\laravel\\framework\\src\\Illuminate\\Console\\Command.php(182): Symfony\\Component\\Console\\Command\\Command->run(Object(Symfony\\Component\\Console\\Input\\ArgvInput), Object(Illuminate\\Console\\OutputStyle))
#14 C:\\Code\\TrustCash\\vendor\\symfony\\console\\Application.php(1094): Illuminate\\Console\\Command->run(Object(Symfony\\Component\\Console\\Input\\ArgvInput), Object(Symfony\\Component\\Console\\Output\\ConsoleOutput))
#15 C:\\Code\\TrustCash\\vendor\\symfony\\console\\Application.php(342): Symfony\\Component\\Console\\Application->doRunCommand(Object(Laravel\\Tinker\\Console\\TinkerCommand), Object(Symfony\\Component\\Console\\Input\\ArgvInput), Object(Symfony\\Component\\Console\\Output\\ConsoleOutput))
#16 C:\\Code\\TrustCash\\vendor\\symfony\\console\\Application.php(193): Symfony\\Component\\Console\\Application->doRun(Object(Symfony\\Component\\Console\\Input\\ArgvInput), Object(Symfony\\Component\\Console\\Output\\ConsoleOutput))
#17 C:\\Code\\TrustCash\\vendor\\laravel\\framework\\src\\Illuminate\\Foundation\\Console\\Kernel.php(198): Symfony\\Component\\Console\\Application->run(Object(Symfony\\Component\\Console\\Input\\ArgvInput), Object(Symfony\\Component\\Console\\Output\\ConsoleOutput))
#18 C:\\Code\\TrustCash\\vendor\\laravel\\framework\\src\\Illuminate\\Foundation\\Application.php(1235): Illuminate\\Foundation\\Console\\Kernel->handle(Object(Symfony\\Component\\Console\\Input\\ArgvInput), Object(Symfony\\Component\\Console\\Output\\ConsoleOutput))
#19 C:\\Code\\TrustCash\\artisan(13): Illuminate\\Foundation\\Application->handleCommand(Object(Symfony\\Component\\Console\\Input\\ArgvInput))
#20 {main}
"} 
[2026-09-28 09:33:03] local.ERROR: PHP Parse error: Syntax error, unexpected T_NS_SEPARATOR on line 2 {"exception":"[object] (Psy\\Exception\\ParseErrorException(code: 0): PHP Parse error: Syntax error, unexpected T_NS_SEPARATOR on line 2 at C:\\Code\\TrustCash\\vendor\\psy\\psysh\\src\\Exception\\ParseErrorException.php:44)
[stacktrace]
#0 C:\\Code\\TrustCash\\vendor\\psy\\psysh\\src\\CodeCleaner.php(306): Psy\\Exception\\ParseErrorException::fromParseError(Object(PhpParser\\Error))
#1 C:\\Code\\TrustCash\\vendor\\psy\\psysh\\src\\CodeCleaner.php(240): Psy\\CodeCleaner->parse('<?php tenancy()...', false)
#2 C:\\Code\\TrustCash\\vendor\\psy\\psysh\\src\\Shell.php(852): Psy\\CodeCleaner->clean(Array, false)
#3 C:\\Code\\TrustCash\\vendor\\psy\\psysh\\src\\Shell.php(881): Psy\\Shell->addCode('tenancy()->init...', true)
#4 C:\\Code\\TrustCash\\vendor\\psy\\psysh\\src\\Shell.php(1390): Psy\\Shell->setCode('tenancy()->init...', true)
#5 C:\\Code\\TrustCash\\vendor\\laravel\\tinker\\src\\Console\\TinkerCommand.php(76): Psy\\Shell->execute('tenancy()->init...')
#6 C:\\Code\\TrustCash\\vendor\\laravel\\framework\\src\\Illuminate\\Container\\BoundMethod.php(36): Laravel\\Tinker\\Console\\TinkerCommand->handle()
#7 C:\\Code\\TrustCash\\vendor\\laravel\\framework\\src\\Illuminate\\Container\\Util.php(43): Illuminate\\Container\\BoundMethod::{closure:Illuminate\\Container\\BoundMethod::call():35}()
#8 C:\\Code\\TrustCash\\vendor\\laravel\\framework\\src\\Illuminate\\Container\\BoundMethod.php(95): Illuminate\\Container\\Util::unwrapIfClosure(Object(Closure))
#9 C:\\Code\\TrustCash\\vendor\\laravel\\framework\\src\\Illuminate\\Container\\BoundMethod.php(35): Illuminate\\Container\\BoundMethod::callBoundMethod(Object(Illuminate\\Foundation\\Application), Array, Object(Closure))
#10 C:\\Code\\TrustCash\\vendor\\laravel\\framework\\src\\Illuminate\\Container\\Container.php(696): Illuminate\\Container\\BoundMethod::call(Object(Illuminate\\Foundation\\Application), Array, Array, NULL)
#11 C:\\Code\\TrustCash\\vendor\\laravel\\framework\\src\\Illuminate\\Console\\Command.php(213): Illuminate\\Container\\Container->call(Array)
#12 C:\\Code\\TrustCash\\vendor\\symfony\\console\\Command\\Command.php(279): Illuminate\\Console\\Command->execute(Object(Symfony\\Component\\Console\\Input\\ArgvInput), Object(Illuminate\\Console\\OutputStyle))
#13 C:\\Code\\TrustCash\\vendor\\laravel\\framework\\src\\Illuminate\\Console\\Command.php(182): Symfony\\Component\\Console\\Command\\Command->run(Object(Symfony\\Component\\Console\\Input\\ArgvInput), Object(Illuminate\\Console\\OutputStyle))
#14 C:\\Code\\TrustCash\\vendor\\symfony\\console\\Application.php(1094): Illuminate\\Console\\Command->run(Object(Symfony\\Component\\Console\\Input\\ArgvInput), Object(Symfony\\Component\\Console\\Output\\ConsoleOutput))
#15 C:\\Code\\TrustCash\\vendor\\symfony\\console\\Application.php(342): Symfony\\Component\\Console\\Application->doRunCommand(Object(Laravel\\Tinker\\Console\\TinkerCommand), Object(Symfony\\Component\\Console\\Input\\ArgvInput), Object(Symfony\\Component\\Console\\Output\\ConsoleOutput))
#16 C:\\Code\\TrustCash\\vendor\\symfony\\console\\Application.php(193): Symfony\\Component\\Console\\Application->doRun(Object(Symfony\\Component\\Console\\Input\\ArgvInput), Object(Symfony\\Component\\Console\\Output\\ConsoleOutput))
#17 C:\\Code\\TrustCash\\vendor\\laravel\\framework\\src\\Illuminate\\Foundation\\Console\\Kernel.php(198): Symfony\\Component\\Console\\Application->run(Object(Symfony\\Component\\Console\\Input\\ArgvInput), Object(Symfony\\Component\\Console\\Output\\ConsoleOutput))
#18 C:\\Code\\TrustCash\\vendor\\laravel\\framework\\src\\Illuminate\\Foundation\\Application.php(1235): Illuminate\\Foundation\\Console\\Kernel->handle(Object(Symfony\\Component\\Console\\Input\\ArgvInput), Object(Symfony\\Component\\Console\\Output\\ConsoleOutput))
#19 C:\\Code\\TrustCash\\artisan(13): Illuminate\\Foundation\\Application->handleCommand(Object(Symfony\\Component\\Console\\Input\\ArgvInput))
#20 {main}
"} 
[2026-09-28 09:34:49] local.ERROR: PHP Parse error: Syntax error, unexpected T_NS_SEPARATOR on line 3 {"exception":"[object] (Psy\\Exception\\ParseErrorException(code: 0): PHP Parse error: Syntax error, unexpected T_NS_SEPARATOR on line 3 at C:\\Code\\TrustCash\\vendor\\psy\\psysh\\src\\Exception\\ParseErrorException.php:44)
[stacktrace]
#0 C:\\Code\\TrustCash\\vendor\\psy\\psysh\\src\\CodeCleaner.php(306): Psy\\Exception\\ParseErrorException::fromParseError(Object(PhpParser\\Error))
#1 C:\\Code\\TrustCash\\vendor\\psy\\psysh\\src\\CodeCleaner.php(240): Psy\\CodeCleaner->parse('<?php \\ntenancy(...', false)
#2 C:\\Code\\TrustCash\\vendor\\psy\\psysh\\src\\Shell.php(852): Psy\\CodeCleaner->clean(Array, false)
#3 C:\\Code\\TrustCash\\vendor\\psy\\psysh\\src\\Shell.php(881): Psy\\Shell->addCode('\\ntenancy()->ini...', true)
#4 C:\\Code\\TrustCash\\vendor\\psy\\psysh\\src\\Shell.php(1390): Psy\\Shell->setCode('\\ntenancy()->ini...', true)
#5 C:\\Code\\TrustCash\\vendor\\laravel\\tinker\\src\\Console\\TinkerCommand.php(76): Psy\\Shell->execute('\\ntenancy()->ini...')
#6 C:\\Code\\TrustCash\\vendor\\laravel\\framework\\src\\Illuminate\\Container\\BoundMethod.php(36): Laravel\\Tinker\\Console\\TinkerCommand->handle()
#7 C:\\Code\\TrustCash\\vendor\\laravel\\framework\\src\\Illuminate\\Container\\Util.php(43): Illuminate\\Container\\BoundMethod::{closure:Illuminate\\Container\\BoundMethod::call():35}()
#8 C:\\Code\\TrustCash\\vendor\\laravel\\framework\\src\\Illuminate\\Container\\BoundMethod.php(95): Illuminate\\Container\\Util::unwrapIfClosure(Object(Closure))
#9 C:\\Code\\TrustCash\\vendor\\laravel\\framework\\src\\Illuminate\\Container\\BoundMethod.php(35): Illuminate\\Container\\BoundMethod::callBoundMethod(Object(Illuminate\\Foundation\\Application), Array, Object(Closure))
#10 C:\\Code\\TrustCash\\vendor\\laravel\\framework\\src\\Illuminate\\Container\\Container.php(696): Illuminate\\Container\\BoundMethod::call(Object(Illuminate\\Foundation\\Application), Array, Array, NULL)
#11 C:\\Code\\TrustCash\\vendor\\laravel\\framework\\src\\Illuminate\\Console\\Command.php(213): Illuminate\\Container\\Container->call(Array)
#12 C:\\Code\\TrustCash\\vendor\\symfony\\console\\Command\\Command.php(279): Illuminate\\Console\\Command->execute(Object(Symfony\\Component\\Console\\Input\\ArgvInput), Object(Illuminate\\Console\\OutputStyle))
#13 C:\\Code\\TrustCash\\vendor\\laravel\\framework\\src\\Illuminate\\Console\\Command.php(182): Symfony\\Component\\Console\\Command\\Command->run(Object(Symfony\\Component\\Console\\Input\\ArgvInput), Object(Illuminate\\Console\\OutputStyle))
#14 C:\\Code\\TrustCash\\vendor\\symfony\\console\\Application.php(1094): Illuminate\\Console\\Command->run(Object(Symfony\\Component\\Console\\Input\\ArgvInput), Object(Symfony\\Component\\Console\\Output\\ConsoleOutput))
#15 C:\\Code\\TrustCash\\vendor\\symfony\\console\\Application.php(342): Symfony\\Component\\Console\\Application->doRunCommand(Object(Laravel\\Tinker\\Console\\TinkerCommand), Object(Symfony\\Component\\Console\\Input\\ArgvInput), Object(Symfony\\Component\\Console\\Output\\ConsoleOutput))
#16 C:\\Code\\TrustCash\\vendor\\symfony\\console\\Application.php(193): Symfony\\Component\\Console\\Application->doRun(Object(Symfony\\Component\\Console\\Input\\ArgvInput), Object(Symfony\\Component\\Console\\Output\\ConsoleOutput))
#17 C:\\Code\\TrustCash\\vendor\\laravel\\framework\\src\\Illuminate\\Foundation\\Console\\Kernel.php(198): Symfony\\Component\\Console\\Application->run(Object(Symfony\\Component\\Console\\Input\\ArgvInput), Object(Symfony\\Component\\Console\\Output\\ConsoleOutput))
#18 C:\\Code\\TrustCash\\vendor\\laravel\\framework\\src\\Illuminate\\Foundation\\Application.php(1235): Illuminate\\Foundation\\Console\\Kernel->handle(Object(Symfony\\Component\\Console\\Input\\ArgvInput), Object(Symfony\\Component\\Console\\Output\\ConsoleOutput))
#19 C:\\Code\\TrustCash\\artisan(13): Illuminate\\Foundation\\Application->handleCommand(Object(Symfony\\Component\\Console\\Input\\ArgvInput))
#20 {main}
"} 
[2026-09-28 10:20:41] local.ERROR: Illuminate\Auth\SessionGuard::setRequest(): Argument #1 ($request) must be of type Symfony\Component\HttpFoundation\Request, null given, called in C:\Code\TrustCash\vendor\laravel\framework\src\Illuminate\Auth\AuthManager.php on line 144 {"exception":"[object] (TypeError(code: 0): Illuminate\\Auth\\SessionGuard::setRequest(): Argument #1 ($request) must be of type Symfony\\Component\\HttpFoundation\\Request, null given, called in C:\\Code\\TrustCash\\vendor\\laravel\\framework\\src\\Illuminate\\Auth\\AuthManager.php on line 144 at C:\\Code\\TrustCash\\vendor\\laravel\\framework\\src\\Illuminate\\Auth\\SessionGuard.php:975)
[stacktrace]
#0 C:\\Code\\TrustCash\\vendor\\laravel\\framework\\src\\Illuminate\\Auth\\AuthManager.php(144): Illuminate\\Auth\\SessionGuard->setRequest(NULL)
#1 C:\\Code\\TrustCash\\vendor\\laravel\\framework\\src\\Illuminate\\Auth\\AuthManager.php(96): Illuminate\\Auth\\AuthManager->createSessionDriver('web', Array)
#2 C:\\Code\\TrustCash\\vendor\\laravel\\framework\\src\\Illuminate\\Auth\\AuthManager.php(70): Illuminate\\Auth\\AuthManager->resolve('web')
#3 C:\\Code\\TrustCash\\vendor\\laravel\\framework\\src\\Illuminate\\Auth\\AuthManager.php(339): Illuminate\\Auth\\AuthManager->guard()
#4 C:\\Users\\MIS Mousumi\\.gemini\\antigravity-ide\\brain\\be7b8dee-91d4-476c-9828-96fe8b997f3e\\scratch\\test_all_reports_pdf.php(35): Illuminate\\Auth\\AuthManager->__call('login', Array)
#5 {main}
"} 
[2026-09-28 10:21:05] local.ERROR: Illuminate\Routing\UrlGenerator::__construct(): Argument #2 ($request) must be of type Illuminate\Http\Request, null given, called in C:\Code\TrustCash\vendor\laravel\framework\src\Illuminate\Routing\RoutingServiceProvider.php on line 63 {"exception":"[object] (TypeError(code: 0): Illuminate\\Routing\\UrlGenerator::__construct(): Argument #2 ($request) must be of type Illuminate\\Http\\Request, null given, called in C:\\Code\\TrustCash\\vendor\\laravel\\framework\\src\\Illuminate\\Routing\\RoutingServiceProvider.php on line 63 at C:\\Code\\TrustCash\\vendor\\laravel\\framework\\src\\Illuminate\\Routing\\UrlGenerator.php:129)
[stacktrace]
#0 C:\\Code\\TrustCash\\vendor\\laravel\\framework\\src\\Illuminate\\Routing\\RoutingServiceProvider.php(63): Illuminate\\Routing\\UrlGenerator->__construct(Object(Illuminate\\Routing\\RouteCollection), NULL, NULL)
#1 C:\\Code\\TrustCash\\vendor\\laravel\\framework\\src\\Illuminate\\Container\\Container.php(952): Illuminate\\Routing\\RoutingServiceProvider->{closure:Illuminate\\Routing\\RoutingServiceProvider::registerUrlGenerator():55}(Object(Illuminate\\Foundation\\Application), Array)
#2 C:\\Code\\TrustCash\\vendor\\laravel\\framework\\src\\Illuminate\\Container\\Container.php(832): Illuminate\\Container\\Container->build(Object(Closure))
#3 C:\\Code\\TrustCash\\vendor\\laravel\\framework\\src\\Illuminate\\Foundation\\Application.php(1078): Illuminate\\Container\\Container->resolve('url', Array, true)
#4 C:\\Code\\TrustCash\\vendor\\laravel\\framework\\src\\Illuminate\\Container\\Container.php(763): Illuminate\\Foundation\\Application->resolve('url', Array)
#5 C:\\Code\\TrustCash\\vendor\\laravel\\framework\\src\\Illuminate\\Foundation\\Application.php(1058): Illuminate\\Container\\Container->make('url', Array)
#6 C:\\Code\\TrustCash\\vendor\\laravel\\framework\\src\\Illuminate\\Container\\Container.php(1580): Illuminate\\Foundation\\Application->make('url')
#7 C:\\Code\\TrustCash\\vendor\\stancl\\tenancy\\src\\Bootstrappers\\FilesystemTenancyBootstrapper.php(29): Illuminate\\Container\\Container->offsetGet('url')
#8 [internal function]: Stancl\\Tenancy\\Bootstrappers\\FilesystemTenancyBootstrapper->__construct(Object(Illuminate\\Foundation\\Application))
#9 C:\\Code\\TrustCash\\vendor\\laravel\\framework\\src\\Illuminate\\Container\\Container.php(1004): ReflectionClass->newInstanceArgs(Array)
#10 C:\\Code\\TrustCash\\vendor\\laravel\\framework\\src\\Illuminate\\Container\\Container.php(321): Illuminate\\Container\\Container->build('Stancl\\\\Tenancy\\\\...')
#11 C:\\Code\\TrustCash\\vendor\\laravel\\framework\\src\\Illuminate\\Container\\Container.php(952): Illuminate\\Container\\Container->{closure:Illuminate\\Container\\Container::getClosure():319}(Object(Illuminate\\Foundation\\Application), Array)
#12 C:\\Code\\TrustCash\\vendor\\laravel\\framework\\src\\Illuminate\\Container\\Container.php(832): Illuminate\\Container\\Container->build(Object(Closure))
#13 C:\\Code\\TrustCash\\vendor\\laravel\\framework\\src\\Illuminate\\Foundation\\Application.php(1078): Illuminate\\Container\\Container->resolve('Stancl\\\\Tenancy\\\\...', Array, true)
#14 C:\\Code\\TrustCash\\vendor\\laravel\\framework\\src\\Illuminate\\Container\\Container.php(763): Illuminate\\Foundation\\Application->resolve('Stancl\\\\Tenancy\\\\...', Array)
#15 C:\\Code\\TrustCash\\vendor\\laravel\\framework\\src\\Illuminate\\Foundation\\Application.php(1058): Illuminate\\Container\\Container->make('Stancl\\\\Tenancy\\\\...', Array)
#16 C:\\Code\\TrustCash\\vendor\\laravel\\framework\\src\\Illuminate\\Foundation\\helpers.php(124): Illuminate\\Foundation\\Application->make('Stancl\\\\Tenancy\\\\...', Array)
#17 [internal function]: app('Stancl\\\\Tenancy\\\\...')
#18 C:\\Code\\TrustCash\\vendor\\stancl\\tenancy\\src\\Tenancy.php(85): array_map('app', Array)
#19 C:\\Code\\TrustCash\\vendor\\stancl\\tenancy\\src\\Listeners\\BootstrapTenancy.php(17): Stancl\\Tenancy\\Tenancy->getBootstrappers()
#20 C:\\Code\\TrustCash\\vendor\\laravel\\framework\\src\\Illuminate\\Events\\Dispatcher.php(479): Stancl\\Tenancy\\Listeners\\BootstrapTenancy->handle(Object(Stancl\\Tenancy\\Events\\TenancyInitialized))
#21 C:\\Code\\TrustCash\\vendor\\laravel\\framework\\src\\Illuminate\\Events\\Dispatcher.php(287): Illuminate\\Events\\Dispatcher->{closure:Illuminate\\Events\\Dispatcher::createClassListener():472}('Stancl\\\\Tenancy\\\\...', Array)
#22 C:\\Code\\TrustCash\\vendor\\laravel\\framework\\src\\Illuminate\\Events\\Dispatcher.php(267): Illuminate\\Events\\Dispatcher->invokeListeners('Stancl\\\\Tenancy\\\\...', Array, false)
#23 C:\\Code\\TrustCash\\vendor\\laravel\\framework\\src\\Illuminate\\Foundation\\helpers.php(473): Illuminate\\Events\\Dispatcher->dispatch('Stancl\\\\Tenancy\\\\...')
#24 C:\\Code\\TrustCash\\vendor\\stancl\\tenancy\\src\\Tenancy.php(58): event(Object(Stancl\\Tenancy\\Events\\TenancyInitialized))
#25 C:\\Users\\MIS Mousumi\\.gemini\\antigravity-ide\\brain\\be7b8dee-91d4-476c-9828-96fe8b997f3e\\scratch\\test_all_reports_pdf.php(9): Stancl\\Tenancy\\Tenancy->initialize(Object(App\\Models\\Tenant))
#26 {main}
"} 
[2026-09-30 05:55:00] local.ERROR: PHP Parse error: Syntax error, unexpected '=' on line 1 {"exception":"[object] (Psy\\Exception\\ParseErrorException(code: 0): PHP Parse error: Syntax error, unexpected '=' on line 1 at C:\\Code\\TrustCash\\vendor\\psy\\psysh\\src\\Exception\\ParseErrorException.php:44)
[stacktrace]
#0 C:\\Code\\TrustCash\\vendor\\psy\\psysh\\src\\CodeCleaner.php(306): Psy\\Exception\\ParseErrorException::fromParseError(Object(PhpParser\\Error))
#1 C:\\Code\\TrustCash\\vendor\\psy\\psysh\\src\\CodeCleaner.php(240): Psy\\CodeCleaner->parse('<?php  = \\\\App\\\\M...', false)
#2 C:\\Code\\TrustCash\\vendor\\psy\\psysh\\src\\Shell.php(852): Psy\\CodeCleaner->clean(Array, false)
#3 C:\\Code\\TrustCash\\vendor\\psy\\psysh\\src\\Shell.php(881): Psy\\Shell->addCode(' = \\\\App\\\\Models\\\\...', true)
#4 C:\\Code\\TrustCash\\vendor\\psy\\psysh\\src\\Shell.php(1390): Psy\\Shell->setCode(' = \\\\App\\\\Models\\\\...', true)
#5 C:\\Code\\TrustCash\\vendor\\laravel\\tinker\\src\\Console\\TinkerCommand.php(76): Psy\\Shell->execute(' = \\\\App\\\\Models\\\\...')
#6 C:\\Code\\TrustCash\\vendor\\laravel\\framework\\src\\Illuminate\\Container\\BoundMethod.php(36): Laravel\\Tinker\\Console\\TinkerCommand->handle()
#7 C:\\Code\\TrustCash\\vendor\\laravel\\framework\\src\\Illuminate\\Container\\Util.php(43): Illuminate\\Container\\BoundMethod::{closure:Illuminate\\Container\\BoundMethod::call():35}()
#8 C:\\Code\\TrustCash\\vendor\\laravel\\framework\\src\\Illuminate\\Container\\BoundMethod.php(95): Illuminate\\Container\\Util::unwrapIfClosure(Object(Closure))
#9 C:\\Code\\TrustCash\\vendor\\laravel\\framework\\src\\Illuminate\\Container\\BoundMethod.php(35): Illuminate\\Container\\BoundMethod::callBoundMethod(Object(Illuminate\\Foundation\\Application), Array, Object(Closure))
#10 C:\\Code\\TrustCash\\vendor\\laravel\\framework\\src\\Illuminate\\Container\\Container.php(696): Illuminate\\Container\\BoundMethod::call(Object(Illuminate\\Foundation\\Application), Array, Array, NULL)
#11 C:\\Code\\TrustCash\\vendor\\laravel\\framework\\src\\Illuminate\\Console\\Command.php(213): Illuminate\\Container\\Container->call(Array)
#12 C:\\Code\\TrustCash\\vendor\\symfony\\console\\Command\\Command.php(279): Illuminate\\Console\\Command->execute(Object(Symfony\\Component\\Console\\Input\\ArgvInput), Object(Illuminate\\Console\\OutputStyle))
#13 C:\\Code\\TrustCash\\vendor\\laravel\\framework\\src\\Illuminate\\Console\\Command.php(182): Symfony\\Component\\Console\\Command\\Command->run(Object(Symfony\\Component\\Console\\Input\\ArgvInput), Object(Illuminate\\Console\\OutputStyle))
#14 C:\\Code\\TrustCash\\vendor\\symfony\\console\\Application.php(1094): Illuminate\\Console\\Command->run(Object(Symfony\\Component\\Console\\Input\\ArgvInput), Object(Symfony\\Component\\Console\\Output\\ConsoleOutput))
#15 C:\\Code\\TrustCash\\vendor\\symfony\\console\\Application.php(342): Symfony\\Component\\Console\\Application->doRunCommand(Object(Laravel\\Tinker\\Console\\TinkerCommand), Object(Symfony\\Component\\Console\\Input\\ArgvInput), Object(Symfony\\Component\\Console\\Output\\ConsoleOutput))
#16 C:\\Code\\TrustCash\\vendor\\symfony\\console\\Application.php(193): Symfony\\Component\\Console\\Application->doRun(Object(Symfony\\Component\\Console\\Input\\ArgvInput), Object(Symfony\\Component\\Console\\Output\\ConsoleOutput))
#17 C:\\Code\\TrustCash\\vendor\\laravel\\framework\\src\\Illuminate\\Foundation\\Console\\Kernel.php(198): Symfony\\Component\\Console\\Application->run(Object(Symfony\\Component\\Console\\Input\\ArgvInput), Object(Symfony\\Component\\Console\\Output\\ConsoleOutput))
#18 C:\\Code\\TrustCash\\vendor\\laravel\\framework\\src\\Illuminate\\Foundation\\Application.php(1235): Illuminate\\Foundation\\Console\\Kernel->handle(Object(Symfony\\Component\\Console\\Input\\ArgvInput), Object(Symfony\\Component\\Console\\Output\\ConsoleOutput))
#19 C:\\Code\\TrustCash\\artisan(13): Illuminate\\Foundation\\Application->handleCommand(Object(Symfony\\Component\\Console\\Input\\ArgvInput))
#20 {main}
"} 
[2026-09-30 05:55:08] local.ERROR: PHP Parse error: Syntax error, unexpected T_NS_SEPARATOR on line 1 {"exception":"[object] (Psy\\Exception\\ParseErrorException(code: 0): PHP Parse error: Syntax error, unexpected T_NS_SEPARATOR on line 1 at C:\\Code\\TrustCash\\vendor\\psy\\psysh\\src\\Exception\\ParseErrorException.php:44)
[stacktrace]
#0 C:\\Code\\TrustCash\\vendor\\psy\\psysh\\src\\CodeCleaner.php(306): Psy\\Exception\\ParseErrorException::fromParseError(Object(PhpParser\\Error))
#1 C:\\Code\\TrustCash\\vendor\\psy\\psysh\\src\\CodeCleaner.php(240): Psy\\CodeCleaner->parse('<?php \\\\ = \\\\App\\\\...', false)
#2 C:\\Code\\TrustCash\\vendor\\psy\\psysh\\src\\Shell.php(852): Psy\\CodeCleaner->clean(Array, false)
#3 C:\\Code\\TrustCash\\vendor\\psy\\psysh\\src\\Shell.php(881): Psy\\Shell->addCode('\\\\ = \\\\App\\\\Models...', true)
#4 C:\\Code\\TrustCash\\vendor\\psy\\psysh\\src\\Shell.php(1390): Psy\\Shell->setCode('\\\\ = \\\\App\\\\Models...', true)
#5 C:\\Code\\TrustCash\\vendor\\laravel\\tinker\\src\\Console\\TinkerCommand.php(76): Psy\\Shell->execute('\\\\ = \\\\App\\\\Models...')
#6 C:\\Code\\TrustCash\\vendor\\laravel\\framework\\src\\Illuminate\\Container\\BoundMethod.php(36): Laravel\\Tinker\\Console\\TinkerCommand->handle()
#7 C:\\Code\\TrustCash\\vendor\\laravel\\framework\\src\\Illuminate\\Container\\Util.php(43): Illuminate\\Container\\BoundMethod::{closure:Illuminate\\Container\\BoundMethod::call():35}()
#8 C:\\Code\\TrustCash\\vendor\\laravel\\framework\\src\\Illuminate\\Container\\BoundMethod.php(95): Illuminate\\Container\\Util::unwrapIfClosure(Object(Closure))
#9 C:\\Code\\TrustCash\\vendor\\laravel\\framework\\src\\Illuminate\\Container\\BoundMethod.php(35): Illuminate\\Container\\BoundMethod::callBoundMethod(Object(Illuminate\\Foundation\\Application), Array, Object(Closure))
#10 C:\\Code\\TrustCash\\vendor\\laravel\\framework\\src\\Illuminate\\Container\\Container.php(696): Illuminate\\Container\\BoundMethod::call(Object(Illuminate\\Foundation\\Application), Array, Array, NULL)
#11 C:\\Code\\TrustCash\\vendor\\laravel\\framework\\src\\Illuminate\\Console\\Command.php(213): Illuminate\\Container\\Container->call(Array)
#12 C:\\Code\\TrustCash\\vendor\\symfony\\console\\Command\\Command.php(279): Illuminate\\Console\\Command->execute(Object(Symfony\\Component\\Console\\Input\\ArgvInput), Object(Illuminate\\Console\\OutputStyle))
#13 C:\\Code\\TrustCash\\vendor\\laravel\\framework\\src\\Illuminate\\Console\\Command.php(182): Symfony\\Component\\Console\\Command\\Command->run(Object(Symfony\\Component\\Console\\Input\\ArgvInput), Object(Illuminate\\Console\\OutputStyle))
#14 C:\\Code\\TrustCash\\vendor\\symfony\\console\\Application.php(1094): Illuminate\\Console\\Command->run(Object(Symfony\\Component\\Console\\Input\\ArgvInput), Object(Symfony\\Component\\Console\\Output\\ConsoleOutput))
#15 C:\\Code\\TrustCash\\vendor\\symfony\\console\\Application.php(342): Symfony\\Component\\Console\\Application->doRunCommand(Object(Laravel\\Tinker\\Console\\TinkerCommand), Object(Symfony\\Component\\Console\\Input\\ArgvInput), Object(Symfony\\Component\\Console\\Output\\ConsoleOutput))
#16 C:\\Code\\TrustCash\\vendor\\symfony\\console\\Application.php(193): Symfony\\Component\\Console\\Application->doRun(Object(Symfony\\Component\\Console\\Input\\ArgvInput), Object(Symfony\\Component\\Console\\Output\\ConsoleOutput))
#17 C:\\Code\\TrustCash\\vendor\\laravel\\framework\\src\\Illuminate\\Foundation\\Console\\Kernel.php(198): Symfony\\Component\\Console\\Application->run(Object(Symfony\\Component\\Console\\Input\\ArgvInput), Object(Symfony\\Component\\Console\\Output\\ConsoleOutput))
#18 C:\\Code\\TrustCash\\vendor\\laravel\\framework\\src\\Illuminate\\Foundation\\Application.php(1235): Illuminate\\Foundation\\Console\\Kernel->handle(Object(Symfony\\Component\\Console\\Input\\ArgvInput), Object(Symfony\\Component\\Console\\Output\\ConsoleOutput))
#19 C:\\Code\\TrustCash\\artisan(13): Illuminate\\Foundation\\Application->handleCommand(Object(Symfony\\Component\\Console\\Input\\ArgvInput))
#20 {main}
"} 
[2026-09-30 05:56:40] local.ERROR: This cache store does not support tagging. {"exception":"[object] (BadMethodCallException(code: 0): This cache store does not support tagging. at C:\\Code\\TrustCash\\vendor\\laravel\\framework\\src\\Illuminate\\Cache\\Repository.php:592)
[stacktrace]
#0 C:\\Code\\TrustCash\\vendor\\stancl\\tenancy\\src\\CacheManager.php(35): Illuminate\\Cache\\Repository->tags(Array)
#1 C:\\Code\\TrustCash\\vendor\\laravel\\framework\\src\\Illuminate\\Support\\Facades\\Facade.php(361): Stancl\\Tenancy\\CacheManager->__call('get', Array)
#2 C:\\Code\\TrustCash\\test_settings.php(22): Illuminate\\Support\\Facades\\Facade::__callStatic('get', Array)
#3 {main}
"} 
[2026-10-04 12:59:50] local.INFO: POS Store Request: {"customer_id":1,"items":[{"product_id":1,"name":"Test product","sku":"TEST-2516","unit_price":100,"quantity":2,"max_stock":110,"image":"\/storage\/products\/48a62d83-e3d2-443c-9346-0a304d6fc6df.webp"}],"subtotal":200,"discount":0,"total":200,"paid":100,"due":100,"bank_account_id":1,"note":null}  
[2026-10-04 12:59:50] local.INFO: Validation passed  
[2026-10-04 12:59:50] local.INFO: Transaction started  
[2026-10-04 12:59:50] local.INFO: Sale created with ID: 2  
[2026-10-04 12:59:50] local.INFO: Processing item 0: {"product_id":1,"name":"Test product","sku":"TEST-2516","unit_price":100,"quantity":2,"max_stock":110,"image":"\/storage\/products\/48a62d83-e3d2-443c-9346-0a304d6fc6df.webp"}  
[2026-10-04 12:59:50] local.INFO: Stock check: before=110.000000, after=108  
[2026-10-04 12:59:50] local.INFO: Sale item created for product ID: 1  
[2026-10-04 12:59:50] local.INFO: Product stock updated for product ID: 1  
[2026-10-04 12:59:50] local.INFO: Stock movement recorded for product ID: 1  
[2026-10-04 12:59:50] local.INFO: Checking customer credit limit: current balance=0.00, credit limit=0.00, new due=100.00  
[2026-10-04 12:59:50] local.INFO: Customer balance updated: 100  
[2026-10-04 12:59:50] local.INFO: Processing payment of 100.00 to bank account ID: 1  
[2026-10-04 12:59:50] local.INFO: Transaction committed successfully with invoice number: INV-20261004-0001  
[2026-10-04 13:00:30] local.INFO: POS Store Request: {"customer_id":1,"items":[{"product_id":1,"name":"Test product","sku":"TEST-2516","unit_price":100,"quantity":1,"max_stock":108,"image":"\/storage\/products\/48a62d83-e3d2-443c-9346-0a304d6fc6df.webp"}],"subtotal":100,"discount":0,"total":100,"paid":100,"due":0,"bank_account_id":1,"note":null}  
[2026-10-04 13:00:30] local.INFO: Validation passed  
[2026-10-04 13:00:30] local.INFO: Transaction started  
[2026-10-04 13:00:30] local.INFO: Sale created with ID: 3  
[2026-10-04 13:00:30] local.INFO: Processing item 0: {"product_id":1,"name":"Test product","sku":"TEST-2516","unit_price":100,"quantity":1,"max_stock":108,"image":"\/storage\/products\/48a62d83-e3d2-443c-9346-0a304d6fc6df.webp"}  
[2026-10-04 13:00:30] local.INFO: Stock check: before=108.000000, after=107  
[2026-10-04 13:00:30] local.INFO: Sale item created for product ID: 1  
[2026-10-04 13:00:30] local.INFO: Product stock updated for product ID: 1  
[2026-10-04 13:00:30] local.INFO: Stock movement recorded for product ID: 1  
[2026-10-04 13:00:30] local.INFO: Processing payment of 100.00 to bank account ID: 1  
[2026-10-04 13:00:30] local.INFO: Transaction committed successfully with invoice number: INV-20261004-0002  
[2026-10-04 13:00:45] local.INFO: POS Store Request: {"customer_id":1,"items":[{"product_id":1,"name":"Test product","sku":"TEST-2516","unit_price":100,"quantity":1,"max_stock":108,"image":"\/storage\/products\/48a62d83-e3d2-443c-9346-0a304d6fc6df.webp"}],"subtotal":100,"discount":0,"total":100,"paid":50,"due":50,"bank_account_id":1,"note":null}  
[2026-10-04 13:00:46] local.INFO: Validation passed  
[2026-10-04 13:00:46] local.INFO: Transaction started  
[2026-10-04 13:00:46] local.INFO: Sale created with ID: 4  
[2026-10-04 13:00:46] local.INFO: Processing item 0: {"product_id":1,"name":"Test product","sku":"TEST-2516","unit_price":100,"quantity":1,"max_stock":108,"image":"\/storage\/products\/48a62d83-e3d2-443c-9346-0a304d6fc6df.webp"}  
[2026-10-04 13:00:46] local.INFO: Stock check: before=107.000000, after=106  
[2026-10-04 13:00:46] local.INFO: Sale item created for product ID: 1  
[2026-10-04 13:00:46] local.INFO: Product stock updated for product ID: 1  
[2026-10-04 13:00:46] local.INFO: Stock movement recorded for product ID: 1  
[2026-10-04 13:00:46] local.INFO: Checking customer credit limit: current balance=100.00, credit limit=0.00, new due=50.00  
[2026-10-04 13:00:46] local.INFO: Customer balance updated: 150  
[2026-10-04 13:00:46] local.INFO: Processing payment of 50.00 to bank account ID: 1  
[2026-10-04 13:00:46] local.INFO: Transaction committed successfully with invoice number: INV-20261004-0003  
[2026-10-04 13:08:17] local.INFO: POS Store Request: {"customer_id":null,"items":[{"product_id":1,"name":"Test product","sku":"TEST-2516","unit_price":100,"quantity":3,"max_stock":106,"image":"\/storage\/products\/48a62d83-e3d2-443c-9346-0a304d6fc6df.webp"}],"subtotal":300,"discount":0,"total":300,"paid":300,"due":0,"bank_account_id":1,"note":null}  
[2026-10-04 13:08:17] local.INFO: Validation passed  
[2026-10-04 13:08:17] local.INFO: Transaction started  
[2026-10-04 13:08:17] local.ERROR: POS Error: SQLSTATE[23000]: Integrity constraint violation: 1062 Duplicate entry 'INV-20261004-0003' for key 'sales.sales_invoice_no_unique' (Connection: tenant, SQL: insert into `sales` (`invoice_no`, `customer_id`, `subtotal`, `discount`, `total`, `paid`, `due`, `payment_status`, `note`, `created_by`, `updated_at`, `created_at`) values (INV-20261004-0003, ?, 300, 0, 300, 300, 0, paid, ?, 2, 2026-10-04 13:08:17, 2026-10-04 13:08:17)) at C:\Code\TrustCash\vendor\laravel\framework\src\Illuminate\Database\Connection.php:820  
[2026-10-04 13:08:26] local.INFO: POS Store Request: {"customer_id":null,"items":[{"product_id":1,"name":"Test product","sku":"TEST-2516","unit_price":100,"quantity":2,"max_stock":106,"image":"\/storage\/products\/48a62d83-e3d2-443c-9346-0a304d6fc6df.webp"}],"subtotal":200,"discount":0,"total":200,"paid":200,"due":0,"bank_account_id":1,"note":null}  
[2026-10-04 13:08:26] local.INFO: Validation passed  
[2026-10-04 13:08:26] local.INFO: Transaction started  
[2026-10-04 13:08:26] local.ERROR: POS Error: SQLSTATE[23000]: Integrity constraint violation: 1062 Duplicate entry 'INV-20261004-0003' for key 'sales.sales_invoice_no_unique' (Connection: tenant, SQL: insert into `sales` (`invoice_no`, `customer_id`, `subtotal`, `discount`, `total`, `paid`, `due`, `payment_status`, `note`, `created_by`, `updated_at`, `created_at`) values (INV-20261004-0003, ?, 200, 0, 200, 200, 0, paid, ?, 2, 2026-10-04 13:08:26, 2026-10-04 13:08:26)) at C:\Code\TrustCash\vendor\laravel\framework\src\Illuminate\Database\Connection.php:820  
[2026-10-04 13:08:43] local.INFO: POS Store Request: {"customer_id":1,"items":[{"product_id":1,"name":"Test product","sku":"TEST-2516","unit_price":100,"quantity":4,"max_stock":106,"image":"\/storage\/products\/48a62d83-e3d2-443c-9346-0a304d6fc6df.webp"}],"subtotal":400,"discount":0,"total":400,"paid":400,"due":0,"bank_account_id":1,"note":null}  
[2026-10-04 13:08:43] local.INFO: Validation passed  
[2026-10-04 13:08:43] local.INFO: Transaction started  
[2026-10-04 13:08:43] local.ERROR: POS Error: SQLSTATE[23000]: Integrity constraint violation: 1062 Duplicate entry 'INV-20261004-0003' for key 'sales.sales_invoice_no_unique' (Connection: tenant, SQL: insert into `sales` (`invoice_no`, `customer_id`, `subtotal`, `discount`, `total`, `paid`, `due`, `payment_status`, `note`, `created_by`, `updated_at`, `created_at`) values (INV-20261004-0003, 1, 400, 0, 400, 400, 0, paid, ?, 2, 2026-10-04 13:08:43, 2026-10-04 13:08:43)) at C:\Code\TrustCash\vendor\laravel\framework\src\Illuminate\Database\Connection.php:820  
[2026-10-04 13:11:19] local.INFO: POS Store Request: {"customer_id":null,"items":[{"product_id":1,"name":"Test product","sku":"TEST-2516","unit_price":100,"quantity":2,"max_stock":106,"image":"\/storage\/products\/48a62d83-e3d2-443c-9346-0a304d6fc6df.webp"}],"subtotal":200,"discount":0,"total":200,"paid":200,"due":0,"bank_account_id":1,"note":null}  
[2026-10-04 13:11:19] local.INFO: Validation passed  
[2026-10-04 13:11:19] local.INFO: Transaction started  
[2026-10-04 13:11:19] local.INFO: Sale created with ID: 8 and Invoice: INV-20261004-0004  
[2026-10-04 13:11:19] local.INFO: Processing item 0: {"product_id":1,"name":"Test product","sku":"TEST-2516","unit_price":100,"quantity":2,"max_stock":106,"image":"\/storage\/products\/48a62d83-e3d2-443c-9346-0a304d6fc6df.webp"}  
[2026-10-04 13:11:19] local.INFO: Stock check: before=106.000000, after=104  
[2026-10-04 13:11:19] local.INFO: Sale item created for product ID: 1  
[2026-10-04 13:11:19] local.INFO: Product stock updated for product ID: 1  
[2026-10-04 13:11:19] local.INFO: Stock movement recorded for product ID: 1  
[2026-10-04 13:11:19] local.INFO: Processing payment of 200.00 to bank account ID: 1  
[2026-10-04 13:11:19] local.INFO: Transaction committed successfully with invoice number: INV-20261004-0004  
[2026-10-05 04:35:17] local.ERROR: PHP Parse error: Syntax error, unexpected T_NS_SEPARATOR on line 1 {"exception":"[object] (Psy\\Exception\\ParseErrorException(code: 0): PHP Parse error: Syntax error, unexpected T_NS_SEPARATOR on line 1 at C:\\Code\\TrustCash\\vendor\\psy\\psysh\\src\\Exception\\ParseErrorException.php:44)
[stacktrace]
#0 C:\\Code\\TrustCash\\vendor\\psy\\psysh\\src\\CodeCleaner.php(306): Psy\\Exception\\ParseErrorException::fromParseError(Object(PhpParser\\Error))
#1 C:\\Code\\TrustCash\\vendor\\psy\\psysh\\src\\CodeCleaner.php(240): Psy\\CodeCleaner->parse('<?php \\\\ = \\\\Illu...', false)
#2 C:\\Code\\TrustCash\\vendor\\psy\\psysh\\src\\Shell.php(852): Psy\\CodeCleaner->clean(Array, false)
#3 C:\\Code\\TrustCash\\vendor\\psy\\psysh\\src\\Shell.php(881): Psy\\Shell->addCode('\\\\ = \\\\Illuminate...', true)
#4 C:\\Code\\TrustCash\\vendor\\psy\\psysh\\src\\Shell.php(1390): Psy\\Shell->setCode('\\\\ = \\\\Illuminate...', true)
#5 C:\\Code\\TrustCash\\vendor\\laravel\\tinker\\src\\Console\\TinkerCommand.php(76): Psy\\Shell->execute('\\\\ = \\\\Illuminate...')
#6 C:\\Code\\TrustCash\\vendor\\laravel\\framework\\src\\Illuminate\\Container\\BoundMethod.php(36): Laravel\\Tinker\\Console\\TinkerCommand->handle()
#7 C:\\Code\\TrustCash\\vendor\\laravel\\framework\\src\\Illuminate\\Container\\Util.php(43): Illuminate\\Container\\BoundMethod::{closure:Illuminate\\Container\\BoundMethod::call():35}()
#8 C:\\Code\\TrustCash\\vendor\\laravel\\framework\\src\\Illuminate\\Container\\BoundMethod.php(95): Illuminate\\Container\\Util::unwrapIfClosure(Object(Closure))
#9 C:\\Code\\TrustCash\\vendor\\laravel\\framework\\src\\Illuminate\\Container\\BoundMethod.php(35): Illuminate\\Container\\BoundMethod::callBoundMethod(Object(Illuminate\\Foundation\\Application), Array, Object(Closure))
#10 C:\\Code\\TrustCash\\vendor\\laravel\\framework\\src\\Illuminate\\Container\\Container.php(696): Illuminate\\Container\\BoundMethod::call(Object(Illuminate\\Foundation\\Application), Array, Array, NULL)
#11 C:\\Code\\TrustCash\\vendor\\laravel\\framework\\src\\Illuminate\\Console\\Command.php(213): Illuminate\\Container\\Container->call(Array)
#12 C:\\Code\\TrustCash\\vendor\\symfony\\console\\Command\\Command.php(279): Illuminate\\Console\\Command->execute(Object(Symfony\\Component\\Console\\Input\\ArgvInput), Object(Illuminate\\Console\\OutputStyle))
#13 C:\\Code\\TrustCash\\vendor\\laravel\\framework\\src\\Illuminate\\Console\\Command.php(182): Symfony\\Component\\Console\\Command\\Command->run(Object(Symfony\\Component\\Console\\Input\\ArgvInput), Object(Illuminate\\Console\\OutputStyle))
#14 C:\\Code\\TrustCash\\vendor\\symfony\\console\\Application.php(1094): Illuminate\\Console\\Command->run(Object(Symfony\\Component\\Console\\Input\\ArgvInput), Object(Symfony\\Component\\Console\\Output\\ConsoleOutput))
#15 C:\\Code\\TrustCash\\vendor\\symfony\\console\\Application.php(342): Symfony\\Component\\Console\\Application->doRunCommand(Object(Laravel\\Tinker\\Console\\TinkerCommand), Object(Symfony\\Component\\Console\\Input\\ArgvInput), Object(Symfony\\Component\\Console\\Output\\ConsoleOutput))
#16 C:\\Code\\TrustCash\\vendor\\symfony\\console\\Application.php(193): Symfony\\Component\\Console\\Application->doRun(Object(Symfony\\Component\\Console\\Input\\ArgvInput), Object(Symfony\\Component\\Console\\Output\\ConsoleOutput))
#17 C:\\Code\\TrustCash\\vendor\\laravel\\framework\\src\\Illuminate\\Foundation\\Console\\Kernel.php(198): Symfony\\Component\\Console\\Application->run(Object(Symfony\\Component\\Console\\Input\\ArgvInput), Object(Symfony\\Component\\Console\\Output\\ConsoleOutput))
#18 C:\\Code\\TrustCash\\vendor\\laravel\\framework\\src\\Illuminate\\Foundation\\Application.php(1235): Illuminate\\Foundation\\Console\\Kernel->handle(Object(Symfony\\Component\\Console\\Input\\ArgvInput), Object(Symfony\\Component\\Console\\Output\\ConsoleOutput))
#19 C:\\Code\\TrustCash\\artisan(13): Illuminate\\Foundation\\Application->handleCommand(Object(Symfony\\Component\\Console\\Input\\ArgvInput))
#20 {main}
"} 
[2026-10-05 04:38:20] local.INFO: POS Store Request: {"customer_id":null,"items":[{"product_id":1,"name":"Test product","sku":"TEST-2516","unit_price":100,"quantity":5,"max_stock":104,"image":"\/storage\/products\/48a62d83-e3d2-443c-9346-0a304d6fc6df.webp"}],"subtotal":500,"discount":0,"total":500,"paid":500,"due":0,"bank_account_id":1,"note":null}  
[2026-10-05 04:38:20] local.INFO: Validation passed  
[2026-10-05 04:38:20] local.INFO: Transaction started  
[2026-10-05 04:38:20] local.INFO: Sale created with ID: 9 and Invoice: INV-20261005-0001  
[2026-10-05 04:38:20] local.INFO: Processing item 0: {"product_id":1,"name":"Test product","sku":"TEST-2516","unit_price":100,"quantity":5,"max_stock":104,"image":"\/storage\/products\/48a62d83-e3d2-443c-9346-0a304d6fc6df.webp"}  
[2026-10-05 04:38:20] local.INFO: Stock check: before=104.000000, after=99  
[2026-10-05 04:38:20] local.INFO: Sale item created for product ID: 1  
[2026-10-05 04:38:20] local.INFO: Product stock updated for product ID: 1  
[2026-10-05 04:38:20] local.INFO: Stock movement recorded for product ID: 1  
[2026-10-05 04:38:20] local.INFO: Processing payment of 500.00 to bank account ID: 1  
[2026-10-05 04:38:20] local.INFO: Transaction committed successfully with invoice number: INV-20261005-0001  
[2026-10-05 04:38:44] local.ERROR: PHP Parse error: Syntax error, unexpected T_NS_SEPARATOR on line 1 {"exception":"[object] (Psy\\Exception\\ParseErrorException(code: 0): PHP Parse error: Syntax error, unexpected T_NS_SEPARATOR on line 1 at C:\\Code\\TrustCash\\vendor\\psy\\psysh\\src\\Exception\\ParseErrorException.php:44)
[stacktrace]
#0 C:\\Code\\TrustCash\\vendor\\psy\\psysh\\src\\CodeCleaner.php(306): Psy\\Exception\\ParseErrorException::fromParseError(Object(PhpParser\\Error))
#1 C:\\Code\\TrustCash\\vendor\\psy\\psysh\\src\\CodeCleaner.php(240): Psy\\CodeCleaner->parse('<?php \\\\ = new T...', false)
#2 C:\\Code\\TrustCash\\vendor\\psy\\psysh\\src\\Shell.php(852): Psy\\CodeCleaner->clean(Array, false)
#3 C:\\Code\\TrustCash\\vendor\\psy\\psysh\\src\\Shell.php(881): Psy\\Shell->addCode('\\\\ = new Tighten...', true)
#4 C:\\Code\\TrustCash\\vendor\\psy\\psysh\\src\\Shell.php(1390): Psy\\Shell->setCode('\\\\ = new Tighten...', true)
#5 C:\\Code\\TrustCash\\vendor\\laravel\\tinker\\src\\Console\\TinkerCommand.php(76): Psy\\Shell->execute('\\\\ = new Tighten...')
#6 C:\\Code\\TrustCash\\vendor\\laravel\\framework\\src\\Illuminate\\Container\\BoundMethod.php(36): Laravel\\Tinker\\Console\\TinkerCommand->handle()
#7 C:\\Code\\TrustCash\\vendor\\laravel\\framework\\src\\Illuminate\\Container\\Util.php(43): Illuminate\\Container\\BoundMethod::{closure:Illuminate\\Container\\BoundMethod::call():35}()
#8 C:\\Code\\TrustCash\\vendor\\laravel\\framework\\src\\Illuminate\\Container\\BoundMethod.php(95): Illuminate\\Container\\Util::unwrapIfClosure(Object(Closure))
#9 C:\\Code\\TrustCash\\vendor\\laravel\\framework\\src\\Illuminate\\Container\\BoundMethod.php(35): Illuminate\\Container\\BoundMethod::callBoundMethod(Object(Illuminate\\Foundation\\Application), Array, Object(Closure))
#10 C:\\Code\\TrustCash\\vendor\\laravel\\framework\\src\\Illuminate\\Container\\Container.php(696): Illuminate\\Container\\BoundMethod::call(Object(Illuminate\\Foundation\\Application), Array, Array, NULL)
#11 C:\\Code\\TrustCash\\vendor\\laravel\\framework\\src\\Illuminate\\Console\\Command.php(213): Illuminate\\Container\\Container->call(Array)
#12 C:\\Code\\TrustCash\\vendor\\symfony\\console\\Command\\Command.php(279): Illuminate\\Console\\Command->execute(Object(Symfony\\Component\\Console\\Input\\ArgvInput), Object(Illuminate\\Console\\OutputStyle))
#13 C:\\Code\\TrustCash\\vendor\\laravel\\framework\\src\\Illuminate\\Console\\Command.php(182): Symfony\\Component\\Console\\Command\\Command->run(Object(Symfony\\Component\\Console\\Input\\ArgvInput), Object(Illuminate\\Console\\OutputStyle))
#14 C:\\Code\\TrustCash\\vendor\\symfony\\console\\Application.php(1094): Illuminate\\Console\\Command->run(Object(Symfony\\Component\\Console\\Input\\ArgvInput), Object(Symfony\\Component\\Console\\Output\\ConsoleOutput))
#15 C:\\Code\\TrustCash\\vendor\\symfony\\console\\Application.php(342): Symfony\\Component\\Console\\Application->doRunCommand(Object(Laravel\\Tinker\\Console\\TinkerCommand), Object(Symfony\\Component\\Console\\Input\\ArgvInput), Object(Symfony\\Component\\Console\\Output\\ConsoleOutput))
#16 C:\\Code\\TrustCash\\vendor\\symfony\\console\\Application.php(193): Symfony\\Component\\Console\\Application->doRun(Object(Symfony\\Component\\Console\\Input\\ArgvInput), Object(Symfony\\Component\\Console\\Output\\ConsoleOutput))
#17 C:\\Code\\TrustCash\\vendor\\laravel\\framework\\src\\Illuminate\\Foundation\\Console\\Kernel.php(198): Symfony\\Component\\Console\\Application->run(Object(Symfony\\Component\\Console\\Input\\ArgvInput), Object(Symfony\\Component\\Console\\Output\\ConsoleOutput))
#18 C:\\Code\\TrustCash\\vendor\\laravel\\framework\\src\\Illuminate\\Foundation\\Application.php(1235): Illuminate\\Foundation\\Console\\Kernel->handle(Object(Symfony\\Component\\Console\\Input\\ArgvInput), Object(Symfony\\Component\\Console\\Output\\ConsoleOutput))
#19 C:\\Code\\TrustCash\\artisan(13): Illuminate\\Foundation\\Application->handleCommand(Object(Symfony\\Component\\Console\\Input\\ArgvInput))
#20 {main}
"} 
[2026-10-05 04:39:17] local.ERROR: PHP Parse error: Syntax error, unexpected T_OBJECT_OPERATOR on line 1 {"exception":"[object] (Psy\\Exception\\ParseErrorException(code: 0): PHP Parse error: Syntax error, unexpected T_OBJECT_OPERATOR on line 1 at C:\\Code\\TrustCash\\vendor\\psy\\psysh\\src\\Exception\\ParseErrorException.php:44)
[stacktrace]
#0 C:\\Code\\TrustCash\\vendor\\psy\\psysh\\src\\CodeCleaner.php(306): Psy\\Exception\\ParseErrorException::fromParseError(Object(PhpParser\\Error))
#1 C:\\Code\\TrustCash\\vendor\\psy\\psysh\\src\\CodeCleaner.php(240): Psy\\CodeCleaner->parse('<?php try { Ill...', false)
#2 C:\\Code\\TrustCash\\vendor\\psy\\psysh\\src\\Shell.php(852): Psy\\CodeCleaner->clean(Array, false)
#3 C:\\Code\\TrustCash\\vendor\\psy\\psysh\\src\\Shell.php(881): Psy\\Shell->addCode('try { Illuminat...', true)
#4 C:\\Code\\TrustCash\\vendor\\psy\\psysh\\src\\Shell.php(1390): Psy\\Shell->setCode('try { Illuminat...', true)
#5 C:\\Code\\TrustCash\\vendor\\laravel\\tinker\\src\\Console\\TinkerCommand.php(76): Psy\\Shell->execute('try { Illuminat...')
#6 C:\\Code\\TrustCash\\vendor\\laravel\\framework\\src\\Illuminate\\Container\\BoundMethod.php(36): Laravel\\Tinker\\Console\\TinkerCommand->handle()
#7 C:\\Code\\TrustCash\\vendor\\laravel\\framework\\src\\Illuminate\\Container\\Util.php(43): Illuminate\\Container\\BoundMethod::{closure:Illuminate\\Container\\BoundMethod::call():35}()
#8 C:\\Code\\TrustCash\\vendor\\laravel\\framework\\src\\Illuminate\\Container\\BoundMethod.php(95): Illuminate\\Container\\Util::unwrapIfClosure(Object(Closure))
#9 C:\\Code\\TrustCash\\vendor\\laravel\\framework\\src\\Illuminate\\Container\\BoundMethod.php(35): Illuminate\\Container\\BoundMethod::callBoundMethod(Object(Illuminate\\Foundation\\Application), Array, Object(Closure))
#10 C:\\Code\\TrustCash\\vendor\\laravel\\framework\\src\\Illuminate\\Container\\Container.php(696): Illuminate\\Container\\BoundMethod::call(Object(Illuminate\\Foundation\\Application), Array, Array, NULL)
#11 C:\\Code\\TrustCash\\vendor\\laravel\\framework\\src\\Illuminate\\Console\\Command.php(213): Illuminate\\Container\\Container->call(Array)
#12 C:\\Code\\TrustCash\\vendor\\symfony\\console\\Command\\Command.php(279): Illuminate\\Console\\Command->execute(Object(Symfony\\Component\\Console\\Input\\ArgvInput), Object(Illuminate\\Console\\OutputStyle))
#13 C:\\Code\\TrustCash\\vendor\\laravel\\framework\\src\\Illuminate\\Console\\Command.php(182): Symfony\\Component\\Console\\Command\\Command->run(Object(Symfony\\Component\\Console\\Input\\ArgvInput), Object(Illuminate\\Console\\OutputStyle))
#14 C:\\Code\\TrustCash\\vendor\\symfony\\console\\Application.php(1094): Illuminate\\Console\\Command->run(Object(Symfony\\Component\\Console\\Input\\ArgvInput), Object(Symfony\\Component\\Console\\Output\\ConsoleOutput))
#15 C:\\Code\\TrustCash\\vendor\\symfony\\console\\Application.php(342): Symfony\\Component\\Console\\Application->doRunCommand(Object(Laravel\\Tinker\\Console\\TinkerCommand), Object(Symfony\\Component\\Console\\Input\\ArgvInput), Object(Symfony\\Component\\Console\\Output\\ConsoleOutput))
#16 C:\\Code\\TrustCash\\vendor\\symfony\\console\\Application.php(193): Symfony\\Component\\Console\\Application->doRun(Object(Symfony\\Component\\Console\\Input\\ArgvInput), Object(Symfony\\Component\\Console\\Output\\ConsoleOutput))
#17 C:\\Code\\TrustCash\\vendor\\laravel\\framework\\src\\Illuminate\\Foundation\\Console\\Kernel.php(198): Symfony\\Component\\Console\\Application->run(Object(Symfony\\Component\\Console\\Input\\ArgvInput), Object(Symfony\\Component\\Console\\Output\\ConsoleOutput))
#18 C:\\Code\\TrustCash\\vendor\\laravel\\framework\\src\\Illuminate\\Foundation\\Application.php(1235): Illuminate\\Foundation\\Console\\Kernel->handle(Object(Symfony\\Component\\Console\\Input\\ArgvInput), Object(Symfony\\Component\\Console\\Output\\ConsoleOutput))
#19 C:\\Code\\TrustCash\\artisan(13): Illuminate\\Foundation\\Application->handleCommand(Object(Symfony\\Component\\Console\\Input\\ArgvInput))
#20 {main}
"} 
[2026-10-05 04:43:14] local.ERROR: Failed to update settings: The site logo field must not be greater than 4096 kilobytes.  
[2026-10-05 04:43:26] local.ERROR: Failed to update settings: The site logo field must not be greater than 4096 kilobytes.  
[2026-10-05 04:48:34] local.ERROR: PHP Parse error: Syntax error, unexpected T_NS_SEPARATOR on line 1 {"exception":"[object] (Psy\\Exception\\ParseErrorException(code: 0): PHP Parse error: Syntax error, unexpected T_NS_SEPARATOR on line 1 at C:\\Code\\TrustCash\\vendor\\psy\\psysh\\src\\Exception\\ParseErrorException.php:44)
[stacktrace]
#0 C:\\Code\\TrustCash\\vendor\\psy\\psysh\\src\\CodeCleaner.php(306): Psy\\Exception\\ParseErrorException::fromParseError(Object(PhpParser\\Error))
#1 C:\\Code\\TrustCash\\vendor\\psy\\psysh\\src\\CodeCleaner.php(240): Psy\\CodeCleaner->parse('<?php \\\\ = \\\\App\\\\...', false)
#2 C:\\Code\\TrustCash\\vendor\\psy\\psysh\\src\\Shell.php(852): Psy\\CodeCleaner->clean(Array, false)
#3 C:\\Code\\TrustCash\\vendor\\psy\\psysh\\src\\Shell.php(881): Psy\\Shell->addCode('\\\\ = \\\\App\\\\Models...', true)
#4 C:\\Code\\TrustCash\\vendor\\psy\\psysh\\src\\Shell.php(1390): Psy\\Shell->setCode('\\\\ = \\\\App\\\\Models...', true)
#5 C:\\Code\\TrustCash\\vendor\\laravel\\tinker\\src\\Console\\TinkerCommand.php(76): Psy\\Shell->execute('\\\\ = \\\\App\\\\Models...')
#6 C:\\Code\\TrustCash\\vendor\\laravel\\framework\\src\\Illuminate\\Container\\BoundMethod.php(36): Laravel\\Tinker\\Console\\TinkerCommand->handle()
#7 C:\\Code\\TrustCash\\vendor\\laravel\\framework\\src\\Illuminate\\Container\\Util.php(43): Illuminate\\Container\\BoundMethod::{closure:Illuminate\\Container\\BoundMethod::call():35}()
#8 C:\\Code\\TrustCash\\vendor\\laravel\\framework\\src\\Illuminate\\Container\\BoundMethod.php(95): Illuminate\\Container\\Util::unwrapIfClosure(Object(Closure))
#9 C:\\Code\\TrustCash\\vendor\\laravel\\framework\\src\\Illuminate\\Container\\BoundMethod.php(35): Illuminate\\Container\\BoundMethod::callBoundMethod(Object(Illuminate\\Foundation\\Application), Array, Object(Closure))
#10 C:\\Code\\TrustCash\\vendor\\laravel\\framework\\src\\Illuminate\\Container\\Container.php(696): Illuminate\\Container\\BoundMethod::call(Object(Illuminate\\Foundation\\Application), Array, Array, NULL)
#11 C:\\Code\\TrustCash\\vendor\\laravel\\framework\\src\\Illuminate\\Console\\Command.php(213): Illuminate\\Container\\Container->call(Array)
#12 C:\\Code\\TrustCash\\vendor\\symfony\\console\\Command\\Command.php(279): Illuminate\\Console\\Command->execute(Object(Symfony\\Component\\Console\\Input\\ArgvInput), Object(Illuminate\\Console\\OutputStyle))
#13 C:\\Code\\TrustCash\\vendor\\laravel\\framework\\src\\Illuminate\\Console\\Command.php(182): Symfony\\Component\\Console\\Command\\Command->run(Object(Symfony\\Component\\Console\\Input\\ArgvInput), Object(Illuminate\\Console\\OutputStyle))
#14 C:\\Code\\TrustCash\\vendor\\symfony\\console\\Application.php(1094): Illuminate\\Console\\Command->run(Object(Symfony\\Component\\Console\\Input\\ArgvInput), Object(Symfony\\Component\\Console\\Output\\ConsoleOutput))
#15 C:\\Code\\TrustCash\\vendor\\symfony\\console\\Application.php(342): Symfony\\Component\\Console\\Application->doRunCommand(Object(Laravel\\Tinker\\Console\\TinkerCommand), Object(Symfony\\Component\\Console\\Input\\ArgvInput), Object(Symfony\\Component\\Console\\Output\\ConsoleOutput))
#16 C:\\Code\\TrustCash\\vendor\\symfony\\console\\Application.php(193): Symfony\\Component\\Console\\Application->doRun(Object(Symfony\\Component\\Console\\Input\\ArgvInput), Object(Symfony\\Component\\Console\\Output\\ConsoleOutput))
#17 C:\\Code\\TrustCash\\vendor\\laravel\\framework\\src\\Illuminate\\Foundation\\Console\\Kernel.php(198): Symfony\\Component\\Console\\Application->run(Object(Symfony\\Component\\Console\\Input\\ArgvInput), Object(Symfony\\Component\\Console\\Output\\ConsoleOutput))
#18 C:\\Code\\TrustCash\\vendor\\laravel\\framework\\src\\Illuminate\\Foundation\\Application.php(1235): Illuminate\\Foundation\\Console\\Kernel->handle(Object(Symfony\\Component\\Console\\Input\\ArgvInput), Object(Symfony\\Component\\Console\\Output\\ConsoleOutput))
#19 C:\\Code\\TrustCash\\artisan(13): Illuminate\\Foundation\\Application->handleCommand(Object(Symfony\\Component\\Console\\Input\\ArgvInput))
#20 {main}
"} 
[2026-10-05 04:48:38] local.ERROR: PHP Parse error: Syntax error, unexpected T_VARIABLE on line 1 {"exception":"[object] (Psy\\Exception\\ParseErrorException(code: 0): PHP Parse error: Syntax error, unexpected T_VARIABLE on line 1 at C:\\Code\\TrustCash\\vendor\\psy\\psysh\\src\\Exception\\ParseErrorException.php:44)
[stacktrace]
#0 C:\\Code\\TrustCash\\vendor\\psy\\psysh\\src\\CodeCleaner.php(306): Psy\\Exception\\ParseErrorException::fromParseError(Object(PhpParser\\Error))
#1 C:\\Code\\TrustCash\\vendor\\psy\\psysh\\src\\CodeCleaner.php(240): Psy\\CodeCleaner->parse('<?php `$t = \\\\Ap...', false)
#2 C:\\Code\\TrustCash\\vendor\\psy\\psysh\\src\\Shell.php(852): Psy\\CodeCleaner->clean(Array, false)
#3 C:\\Code\\TrustCash\\vendor\\psy\\psysh\\src\\Shell.php(881): Psy\\Shell->addCode('`$t = \\\\App\\\\Mode...', true)
#4 C:\\Code\\TrustCash\\vendor\\psy\\psysh\\src\\Shell.php(1390): Psy\\Shell->setCode('`$t = \\\\App\\\\Mode...', true)
#5 C:\\Code\\TrustCash\\vendor\\laravel\\tinker\\src\\Console\\TinkerCommand.php(76): Psy\\Shell->execute('`$t = \\\\App\\\\Mode...')
#6 C:\\Code\\TrustCash\\vendor\\laravel\\framework\\src\\Illuminate\\Container\\BoundMethod.php(36): Laravel\\Tinker\\Console\\TinkerCommand->handle()
#7 C:\\Code\\TrustCash\\vendor\\laravel\\framework\\src\\Illuminate\\Container\\Util.php(43): Illuminate\\Container\\BoundMethod::{closure:Illuminate\\Container\\BoundMethod::call():35}()
#8 C:\\Code\\TrustCash\\vendor\\laravel\\framework\\src\\Illuminate\\Container\\BoundMethod.php(95): Illuminate\\Container\\Util::unwrapIfClosure(Object(Closure))
#9 C:\\Code\\TrustCash\\vendor\\laravel\\framework\\src\\Illuminate\\Container\\BoundMethod.php(35): Illuminate\\Container\\BoundMethod::callBoundMethod(Object(Illuminate\\Foundation\\Application), Array, Object(Closure))
#10 C:\\Code\\TrustCash\\vendor\\laravel\\framework\\src\\Illuminate\\Container\\Container.php(696): Illuminate\\Container\\BoundMethod::call(Object(Illuminate\\Foundation\\Application), Array, Array, NULL)
#11 C:\\Code\\TrustCash\\vendor\\laravel\\framework\\src\\Illuminate\\Console\\Command.php(213): Illuminate\\Container\\Container->call(Array)
#12 C:\\Code\\TrustCash\\vendor\\symfony\\console\\Command\\Command.php(279): Illuminate\\Console\\Command->execute(Object(Symfony\\Component\\Console\\Input\\ArgvInput), Object(Illuminate\\Console\\OutputStyle))
#13 C:\\Code\\TrustCash\\vendor\\laravel\\framework\\src\\Illuminate\\Console\\Command.php(182): Symfony\\Component\\Console\\Command\\Command->run(Object(Symfony\\Component\\Console\\Input\\ArgvInput), Object(Illuminate\\Console\\OutputStyle))
#14 C:\\Code\\TrustCash\\vendor\\symfony\\console\\Application.php(1094): Illuminate\\Console\\Command->run(Object(Symfony\\Component\\Console\\Input\\ArgvInput), Object(Symfony\\Component\\Console\\Output\\ConsoleOutput))
#15 C:\\Code\\TrustCash\\vendor\\symfony\\console\\Application.php(342): Symfony\\Component\\Console\\Application->doRunCommand(Object(Laravel\\Tinker\\Console\\TinkerCommand), Object(Symfony\\Component\\Console\\Input\\ArgvInput), Object(Symfony\\Component\\Console\\Output\\ConsoleOutput))
#16 C:\\Code\\TrustCash\\vendor\\symfony\\console\\Application.php(193): Symfony\\Component\\Console\\Application->doRun(Object(Symfony\\Component\\Console\\Input\\ArgvInput), Object(Symfony\\Component\\Console\\Output\\ConsoleOutput))
#17 C:\\Code\\TrustCash\\vendor\\laravel\\framework\\src\\Illuminate\\Foundation\\Console\\Kernel.php(198): Symfony\\Component\\Console\\Application->run(Object(Symfony\\Component\\Console\\Input\\ArgvInput), Object(Symfony\\Component\\Console\\Output\\ConsoleOutput))
#18 C:\\Code\\TrustCash\\vendor\\laravel\\framework\\src\\Illuminate\\Foundation\\Application.php(1235): Illuminate\\Foundation\\Console\\Kernel->handle(Object(Symfony\\Component\\Console\\Input\\ArgvInput), Object(Symfony\\Component\\Console\\Output\\ConsoleOutput))
#19 C:\\Code\\TrustCash\\artisan(13): Illuminate\\Foundation\\Application->handleCommand(Object(Symfony\\Component\\Console\\Input\\ArgvInput))
#20 {main}
"} 
